date;task_code;domain;pattern_group;score;comment;pattern;subgroup;loaded_to_db_at
2026-05-19 00:00:00;PROB_1905_01;theory;Probability;1;;conditional_probability;Conditional;2026-07-16 00:00:00
2026-05-19 00:00:00;PROB_1905_02;theory;Probability;1;;bayes;Bayes;2026-07-16 00:00:00
2026-05-19 00:00:00;PROB_1905_03;theory;Probability;0.00;;multistage_probability;Bayes;2026-07-16 00:00:00
2026-05-19 00:00:00;PROB_1905_04;theory;Probability;1;;conditional_probability;Conditional;2026-07-16 00:00:00
2026-05-19 00:00:00;PROB_1905_05;theory;Probability;1;;combinatorics;Basics;2026-07-16 00:00:00
2026-05-19 00:00:00;PROB_1905_06;theory;Distributions;1;;binomial;Discrete;2026-07-16 00:00:00
2026-05-19 00:00:00;PROB_1905_07;theory;Distributions;1;;geometric;Discrete;2026-07-16 00:00:00
2026-05-19 00:00:00;PROB_1905_08;theory;Distributions;0.5;;poisson;Discrete;2026-07-16 00:00:00
2026-05-19 00:00:00;PROB_1905_09;theory;Probability;1;;classical_probability;Basics;2026-07-16 00:00:00
2026-05-19 00:00:00;STAT_1905_01;statistics;Hypothesis Testing;0.5;;p_value;Foundations;2026-07-16 00:00:00
2026-05-19 00:00:00;STAT_1905_02;statistics;Hypothesis Testing;1;;central_limit_theorem;Foundations;2026-07-16 00:00:00
2026-05-19 00:00:00;STAT_1905_03;statistics;Hypothesis Testing;1;;statistical_power;Decision Making;2026-07-16 00:00:00
2026-05-19 00:00:00;STAT_1905_04;statistics;Hypothesis Testing;1;;effect_size;Decision Making;2026-07-16 00:00:00
2026-05-19 00:00:00;STAT_1905_05;statistics;Parametric Analysis;0.5;;one_sample_test_selection;One Sample Tests;2026-07-16 00:00:00
2026-05-19 00:00:00;STAT_1905_06;statistics;Hypothesis Testing;0.5;;type1_type2;Decision Making;2026-07-16 00:00:00
2026-05-19 00:00:00;STAT_1905_07;statistics;Hypothesis Testing;1;;p_value;Foundations;2026-07-16 00:00:00
2026-05-20 00:00:00;STAT_2005_01;statistics;Descriptive Statistics;1;;ecdf;ECDF;2026-07-16 00:00:00
2026-05-20 00:00:00;STAT_2005_02;statistics;Descriptive Statistics;1;;ecdf;ECDF;2026-07-16 00:00:00
2026-05-20 00:00:00;STAT_2005_03;statistics;Hypothesis Testing;0.00;;central_limit_theorem;Foundations;2026-07-16 00:00:00
2026-05-20 00:00:00;STAT_2005_04;statistics;Hypothesis Testing;1;;central_limit_theorem;Foundations;2026-07-16 00:00:00
2026-05-20 00:00:00;PROB_2005_05;theory;Probability;1;;combinatorics;Basics;2026-07-16 00:00:00
2026-05-20 00:00:00;STAT_2005_06;statistics;Hypothesis Testing;0.00;;central_limit_theorem;Foundations;2026-07-16 00:00:00
2026-05-20 00:00:00;STAT_2005_07;statistics;Hypothesis Testing;0.00;;central_limit_theorem;Foundations;2026-07-16 00:00:00
2026-05-20 00:00:00;PROB_2005_01;theory;Probability;1;новый вариант условной вероятности;conditional_probability;Conditional;2026-07-16 00:00:00
2026-05-20 00:00:00;PROB_2005_02;theory;Probability;1;новый вариант Байеса;bayes;Bayes;2026-07-16 00:00:00
2026-05-20 00:00:00;PROB_2005_03;theory;Probability;0.00;снова урны;multistage_probability;Bayes;2026-07-16 00:00:00
2026-05-20 00:00:00;PROB_2005_04;theory;Probability;1;карты;conditional_probability;Conditional;2026-07-16 00:00:00
2026-05-20 00:00:00;PROB_2005_09;theory;Distributions;1;комитеты;density_interpretation;Distribution Functions;2026-07-16 00:00:00
2026-05-20 00:00:00;PROB_2005_06;theory;Distributions;0.5;биномиальное — ошибка арифметики;binomial;Discrete;2026-07-16 00:00:00
2026-05-20 00:00:00;PROB_2005_07;theory;Distributions;1;геометрическое;geometric;Discrete;2026-07-16 00:00:00
2026-05-20 00:00:00;PROB_2005_08;theory;Distributions;1;Пуассон;poisson;Discrete;2026-07-16 00:00:00
2026-05-20 00:00:00;PROB_1905_09;theory;Probability;1;пространство исходов;classical_probability;Basics;2026-07-16 00:00:00
2026-05-20 00:00:00;SQL_2005_01;sql;SQL Core;1;lag → revenue > previous;window_functions;Window Functions;2026-07-16 00:00:00
2026-05-20 00:00:00;SQL_2005_02;sql;SQL Core;1;anti-join;anti_join;Joins;2026-07-16 00:00:00
2026-05-20 00:00:00;SQL_2005_01;sql;SQL Core;1;first_value;window_functions;Window Functions;2026-07-16 00:00:00
2026-05-20 00:00:00;SQL_2005_04;sql;SQL Core;0.5;as_of_join / актуальность должности;as_of_join;Joins;2026-07-16 00:00:00
2026-05-20 00:00:00;SQL_2005_04;sql;SQL Core;1;повтор через похожий кейс;as_of_join;Joins;2026-07-16 00:00:00
2026-05-20 00:00:00;SQL_2005_06;sql;SQL Core;0.5;rolling / накопительный максимум;rolling_window;Time Series;2026-07-16 00:00:00
2026-05-20 00:00:00;SQL_2005_07;sql;SQL Core;0.5;weather → lag;window_functions;Window Functions;2026-07-16 00:00:00
2026-05-20 00:00:00;SQL_2005_08;sql;SQL Core;1;left join;join;Joins;2026-07-16 00:00:00
2026-05-20 00:00:00;SQL_2005_02;sql;SQL Core;1;users without transactions;anti_join;Joins;2026-07-16 00:00:00
2026-05-21 00:00:00;SQL_2005_06;sql;SQL Core;0.5;calendar + cumulative / решила, но неуверенно;rolling_window;Time Series;2026-07-16 00:00:00
2026-05-21 00:00:00;SQL_2005_04;sql;SQL Core;0.5;as-of join, ошибка в логике актуальности;as_of_join;Joins;2026-07-16 00:00:00
2026-05-21 00:00:00;SQL_2105_01;sql;Product Analytics;1;conversion / funnel;retention;User Lifecycle;2026-07-16 00:00:00
2026-05-21 00:00:00;SQL_2105_02;sql;Data Handling;1;строки / LIKE;basic_string_functions;Strings;2026-07-16 00:00:00
2026-05-21 00:00:00;SQL_2105_03;sql;Product Analytics;0.00;интерпретация условия;retention;User Lifecycle;2026-07-16 00:00:00
2026-05-21 00:00:00;SQL_2105_04;sql;Data Handling;0.00;pivot long → wide;pivot_unpivot;Data Reshaping;2026-07-16 00:00:00
2026-05-21 00:00:00;SQL_2005_01;sql;SQL Core;0.5;process duration / window + aggregation;window_functions;Window Functions;2026-07-16 00:00:00
2026-05-21 00:00:00;SQL_2005_02;sql;SQL Core;0.00;students × subjects × examinations;anti_join;Joins;2026-07-16 00:00:00
2026-05-21 00:00:00;STAT_2105_01;statistics;Estimation;1;точечная оценка;point_estimation;Point Estimation;2026-07-16 00:00:00
2026-05-21 00:00:00;STAT_2105_02;statistics;Estimation;0.5;интервал ещё закреплять;interval_estimation;Confidence Intervals;2026-07-16 00:00:00
2026-05-21 00:00:00;STAT_2105_03;statistics;Estimation;0.00;параметр vs статистика;parameter_vs_statistic;Estimation Concepts;2026-07-16 00:00:00
2026-05-21 00:00:00;STAT_2105_04;statistics;Estimation;0.5;не ответила вторую часть;point_estimation;Point Estimation;2026-07-16 00:00:00
2026-05-21 00:00:00;STAT_2105_05;statistics;Estimation;0.5;интервальная идея ещё неустойчива;parameter_vs_statistic;Estimation Concepts;2026-07-16 00:00:00
2026-05-21 00:00:00;STAT_2105_06;statistics;Estimation;1;свойства оценок;parameter_vs_statistic;Estimation Concepts;2026-07-16 00:00:00
2026-05-21 00:00:00;STAT_2105_07;statistics;Estimation;0.00;связать понятия;parameter_vs_statistic;Estimation Concepts;2026-07-16 00:00:00
2026-05-21 00:00:00;STAT_2105_08;statistics;Experimental Design;0.00;зачем вообще оценки;sampling_design;Sampling;2026-07-16 00:00:00
2026-05-21 00:00:00;STAT_1905_01;statistics;Hypothesis Testing;1;повтор p-value;p_value;Foundations;2026-07-16 00:00:00
2026-05-21 00:00:00;STAT_1905_02;statistics;Hypothesis Testing;1;повтор SE;central_limit_theorem;Foundations;2026-07-16 00:00:00
2026-05-21 00:00:00;STAT_2005_07;statistics;Hypothesis Testing;1;ЦПТ;central_limit_theorem;Foundations;2026-07-16 00:00:00
2026-05-21 00:00:00;PROB_2105_09;theory;Expectation & Variance;1;матожидание;expectation;Expectation;2026-07-16 00:00:00
2026-05-21 00:00:00;PROB_2105_10;theory;Expectation & Variance;0.00;забыла формулу дисперсии;variance;Variance;2026-07-16 00:00:00
2026-05-21 00:00:00;PROB_2105_11;theory;Distributions;1;биномиальное;binomial;Discrete;2026-07-16 00:00:00
2026-05-21 00:00:00;PROB_2105_12;theory;Distributions;1;геометрическое ожидание;geometric;Discrete;2026-07-16 00:00:00
2026-05-21 00:00:00;PROB_2105_13;theory;Distributions;0.00;связь λ и дисперсии;poisson;Discrete;2026-07-16 00:00:00
2026-05-21 00:00:00;STAT_2105_14;statistics;Descriptive Statistics;1;среднее vs медиана;mean_vs_median;Central Tendency;2026-07-16 00:00:00
2026-05-21 00:00:00;STAT_2105_15;statistics;Descriptive Statistics;1;выбросы;outliers;Z-score For Outliers;2026-07-16 00:00:00
2026-05-21 00:00:00;PROB_2105_16;theory;Expectation & Variance;1;линейность ожидания;expectation;Expectation;2026-07-16 00:00:00
2026-05-21 00:00:00;PROB_2105_17;theory;Expectation & Variance;1;интерпретация дисперсии;variance;Variance;2026-07-16 00:00:00
2026-05-21 00:00:00;PROB_2105_18;theory;Distributions;0.5;z-score — не ответила интерпретацию;z_score;Normal Distribution;2026-07-16 00:00:00
2026-05-21 00:00:00;PROB_2105_01;theory;Expectation & Variance;1;ожидание ≠ вероятный исход;expectation;Expectation;2026-07-16 00:00:00
2026-05-22 00:00:00;SQL_2205_01;sql;SQL Core;0.5;gaps/islands → решила с подсмотром;gaps_islands;Window Functions;2026-07-16 00:00:00
2026-05-22 00:00:00;SQL_2005_06;sql;SQL Core;0;rolling → не решила;rolling_window;Time Series;2026-07-16 00:00:00
2026-05-22 00:00:00;SQL_2205_02;sql;SQL Core;1;cross join + missing combinations;cross_join;Joins;2026-07-16 00:00:00
2026-05-22 00:00:00;SQL_2205_03;sql;Data Handling;0.5;даты → решила с Google;date_functions;Dates;2026-07-16 00:00:00
2026-05-22 00:00:00;SQL_2105_04;sql;Data Handling;0;wide → long;pivot_unpivot;Data Reshaping;2026-07-16 00:00:00
2026-05-22 00:00:00;STAT_2205_01;statistics;Descriptive Statistics;1;интерпретация выбросов;mean_vs_median;Central Tendency;2026-07-16 00:00:00
2026-05-22 00:00:00;PROB_2205_02;theory;Distributions;0.5;z-score → интерпретация;z_score;Normal Distribution;2026-07-16 00:00:00
2026-05-22 00:00:00;PROB_2205_05;theory;Expectation & Variance;1;ожидание;expectation;Expectation;2026-07-16 00:00:00
2026-05-22 00:00:00;PROB_2205_06;theory;Dependence;0;корреляция;correlation_interpretation;Covariance;2026-07-16 00:00:00
2026-05-22 00:00:00;STAT_2205_08;statistics;Hypothesis Testing;0;формулировка гипотез;hypothesis_formulation;Foundations;2026-07-16 00:00:00
2026-05-22 00:00:00;PROB_2205_01;theory;Expectation & Variance;1;E(X), Var(X);expectation_variance;Variance;2026-07-16 00:00:00
2026-05-22 00:00:00;PROB_2205_07;theory;Expectation & Variance;1;ожидание;expectation;Expectation;2026-07-16 00:00:00
2026-05-22 00:00:00;STAT_2205_09;statistics;Hypothesis Testing;0;p-value → решение;p_value;Foundations;2026-07-16 00:00:00
2026-05-22 00:00:00;STAT_2205_10;statistics;Parametric Analysis;0;выбор модели;one_sample_test_selection;One Sample Tests;2026-07-16 00:00:00
2026-05-23 00:00:00;SQL_2105_01;sql;Product Analytics;0.5;retention → небольшая ошибка;retention;User Lifecycle;2026-07-16 00:00:00
2026-05-23 00:00:00;SQL_2305_01;sql;Product Analytics;0.5;rolling retention → логическая ошибка;retention;User Lifecycle;2026-07-16 00:00:00
2026-05-23 00:00:00;SQL_2005_06;sql;SQL Core;0;rolling 7 calendar days;rolling_window;Time Series;2026-07-16 00:00:00
2026-05-23 00:00:00;SQL_2105_04;sql;Data Handling;0.5;unpivot → сильный подсмотр;pivot_unpivot;Data Reshaping;2026-07-16 00:00:00
2026-05-23 00:00:00;SQL_2305_02;sql;Data Handling;0;regex / выделение домена;regex;Strings;2026-07-16 00:00:00
2026-05-23 00:00:00;SQL_2305_03;sql;SQL Core;1;минимально заказываемая группа;aggregation;Aggregation;2026-07-16 00:00:00
2026-05-23 00:00:00;SQL_2305_04;sql;SQL Core;1;клиентская аналитика;aggregation;Aggregation;2026-07-16 00:00:00
2026-05-23 00:00:00;SQL_2305_05;sql;SQL Core;1;% дозвона;conditional_aggregation;Aggregation;2026-07-16 00:00:00
2026-05-23 00:00:00;SQL_2005_04;sql;SQL Core;0.5;Prices + UnitsSold;as_of_join;Joins;2026-07-16 00:00:00
2026-05-23 00:00:00;SQL_2005_08;sql;SQL Core;1;contest registration rate;join;Joins;2026-07-16 00:00:00
2026-05-25 00:00:00;SQL_2505_01;sql;SQL Core;0;email-рассылка → CTE + anti-activity;anti_join;Joins;2026-07-16 00:00:00
2026-05-25 00:00:00;SQL_2505_02;sql;SQL Core;0.5;top-3 города → ошибки;topn_per_group;Window Functions;2026-07-16 00:00:00
2026-05-25 00:00:00;SQL_2005_01;sql;SQL Core;1;rank внутри департамента;window_functions;Window Functions;2026-07-16 00:00:00
2026-05-25 00:00:00;SQL_2505_03;sql;SQL Core;0.5;средний балл + ranking;rank_dense_rank;Window Functions;2026-07-16 00:00:00
2026-05-25 00:00:00;SQL_2505_04;sql;SQL Core;1;второй заказ;row_number;Window Functions;2026-07-16 00:00:00
2026-05-25 00:00:00;SQL_2505_05;sql;SQL Core;1;клиенты >3 заказов;having;Aggregation;2026-07-16 00:00:00
2026-05-25 00:00:00;SQL_2505_06;sql;SQL Core;1;баланс по месяцам;running_aggregates;Window Functions;2026-07-16 00:00:00
2026-05-26 00:00:00;SQL_2105_01;sql;Product Analytics;1;retention;retention;User Lifecycle;2026-07-16 00:00:00
2026-05-26 00:00:00;SQL_2005_06;sql;SQL Core;0.5;rolling → self join;rolling_window;Time Series;2026-07-16 00:00:00
2026-05-26 00:00:00;SQL_2105_04;sql;Data Handling;0.5;pivot;pivot_unpivot;Data Reshaping;2026-07-16 00:00:00
2026-05-26 00:00:00;SQL_2305_02;sql;Data Handling;0.5;regex → часть с подсказкой;regex;Strings;2026-07-16 00:00:00
2026-05-26 00:00:00;SQL_2605_01;sql;SQL Core;0.5;медиана → функция подсмотрена;percentile_functions;Window Functions;2026-07-16 00:00:00
2026-05-26 00:00:00;SQL_2605_02;sql;Data Handling;0.5;склейка ФИО → подсмотр функции;string_concat;Strings;2026-07-16 00:00:00
2026-05-26 00:00:00;SQL_2605_03;sql;SQL Core;1;уроки абитуриентов;aggregation;Aggregation;2026-07-16 00:00:00
2026-05-26 00:00:00;SQL_2605_04;sql;Product Analytics;0.5;первая карта → 30 дней;retention;User Lifecycle;2026-07-16 00:00:00
2026-05-26 00:00:00;SQL_2605_05;sql;SQL Core;0.5;последний фильм;row_number;Window Functions;2026-07-16 00:00:00
2026-05-26 00:00:00;SQL_2605_06;sql;SQL Core;1;;aggregation;Aggregation;2026-07-16 00:00:00
2026-05-26 00:00:00;SQL_2605_07;sql;Product Analytics;0.5;;retention;User Lifecycle;2026-07-16 00:00:00
2026-05-26 00:00:00;SQL_2605_08;sql;SQL Core;0.5;;row_number;Window Functions;2026-07-16 00:00:00
2026-05-27 00:00:00;SQL_2705_01;sql;SQL Core;1;фильтр по успешности;aggregation;Aggregation;2026-07-16 00:00:00
2026-05-27 00:00:00;SQL_2705_02;sql;SQL Core;1;опечатки;running_aggregates;Window Functions;2026-07-16 00:00:00
2026-05-27 00:00:00;SQL_2705_03;sql;SQL Core;1;опечатки;conditional_aggregation;Aggregation;2026-07-16 00:00:00
2026-05-27 00:00:00;SQL_2205_01;sql;SQL Core;0.5;gaps → идея есть, ошибки;gaps_islands;Window Functions;2026-07-16 00:00:00
2026-05-27 00:00:00;SQL_2205_01;sql;SQL Core;0.5;longest streak → почти;gaps_islands;Window Functions;2026-07-16 00:00:00
2026-05-27 00:00:00;SQL_2005_02;sql;SQL Core;1;NOT EXISTS двумя способами;anti_join;Joins;2026-07-16 00:00:00
2026-05-27 00:00:00;SQL_2705_04;sql;SQL Core;0;weighted average;weighted_average;Aggregation;2026-07-16 00:00:00
2026-05-27 00:00:00;SQL_2105_04;sql;Data Handling;1;pivot;pivot_unpivot;Data Reshaping;2026-07-16 00:00:00
2026-05-28 00:00:00;SQL_2705_02;sql;SQL Core;1;повтор → баланс;running_aggregates;Window Functions;2026-07-16 00:00:00
2026-05-28 00:00:00;SQL_2705_03;sql;SQL Core;0.5;снова логическая ошибка;conditional_aggregation;Aggregation;2026-07-16 00:00:00
2026-05-28 00:00:00;SQL_2705_05;sql;SQL Core;1;success rate по задачам;conditional_aggregation;Aggregation;2026-07-16 00:00:00
2026-05-28 00:00:00;SQL_2705_06;sql;SQL Core;1;первая транзакция;row_number;Window Functions;2026-07-16 00:00:00
2026-05-28 00:00:00;SQL_2705_07;sql;SQL Core;0.5;медиана времени → типы данных;percentile_functions;Window Functions;2026-07-16 00:00:00
2026-05-28 00:00:00;SQL_2205_01;sql;SQL Core;1;gaps/islands;gaps_islands;Window Functions;2026-07-16 00:00:00
2026-05-28 00:00:00;SQL_2005_02;sql;SQL Core;0.5;anti join по периодам;anti_join;Joins;2026-07-16 00:00:00
2026-05-28 00:00:00;SQL_2505_06;sql;SQL Core;1;cumulative balance;running_aggregates;Window Functions;2026-07-16 00:00:00
2026-05-28 00:00:00;SQL_2805_01;sql;SQL Core;1;top-N внутри группы;topn_per_group;Window Functions;2026-07-16 00:00:00
2026-05-28 00:00:00;SQL_2305_02;sql;Data Handling;0;regex remove .com;regex;Strings;2026-07-16 00:00:00
2026-05-28 00:00:00;SQL_2805_02;sql;Product Analytics;1;когорты покупок;retention;User Lifecycle;2026-07-16 00:00:00
2026-05-28 00:00:00;SQL_2805_03;sql;SQL Core;1;вторая зарплата;rank_dense_rank;Window Functions;2026-07-16 00:00:00
2026-05-28 00:00:00;PROB_2805_01;theory;Probability;0;независимость событий;independence;Conditional;2026-07-16 00:00:00
2026-05-28 00:00:00;PROB_2805_02;theory;Probability;1;условная вероятность;conditional_probability;Conditional;2026-07-16 00:00:00
2026-05-28 00:00:00;PROB_2805_03;theory;Probability;0.5;запуталась, но дошла рассуждением;bayes;Bayes;2026-07-16 00:00:00
2026-05-28 00:00:00;PROB_2805_04;theory;Probability;1;Байес «на пальцах»;bayes;Bayes;2026-07-16 00:00:00
2026-05-29 00:00:00;SQL_2505_04;sql;SQL Core;1;второй заказ;row_number;Window Functions;2026-07-16 00:00:00
2026-05-29 00:00:00;SQL_2905_01;sql;SQL Core;1;спящие киты / LTV;aggregation;Aggregation;2026-07-16 00:00:00
2026-05-29 00:00:00;SQL_2705_02;sql;SQL Core;0.5;ошибка в CASE;running_aggregates;Window Functions;2026-07-16 00:00:00
2026-05-29 00:00:00;SQL_2705_07;sql;SQL Core;1;медианное время;percentile_functions;Window Functions;2026-07-16 00:00:00
2026-05-29 00:00:00;SQL_2705_03;sql;SQL Core;0;неправильно связала таблицы;conditional_aggregation;Aggregation;2026-07-16 00:00:00
2026-05-29 00:00:00;SQL_2205_01;sql;SQL Core;1;gaps & islands;gaps_islands;Window Functions;2026-07-16 00:00:00
2026-05-29 00:00:00;SQL_2905_02;sql;SQL Core;1;текущий статус;row_number;Window Functions;2026-07-16 00:00:00
2026-05-29 00:00:00;SQL_2905_03;sql;Data Modeling;1;дедупликация;deduplication;Data Quality;2026-07-16 00:00:00
2026-05-29 00:00:00;SQL_2505_06;sql;SQL Core;1;cumulative balance;running_aggregates;Window Functions;2026-07-16 00:00:00
2026-05-29 00:00:00;SQL_2305_02;sql;Data Handling;0;regex;regex;Strings;2026-07-16 00:00:00
2026-05-29 00:00:00;SQL_2005_02;sql;SQL Core;1;был заказ, но не в 2025;anti_join;Joins;2026-07-16 00:00:00
2026-06-01 00:00:00;PROB_0106_01;theory;Distributions;1;распознавание распределений;distribution_properties;Distribution Concepts;2026-07-16 00:00:00
2026-06-01 00:00:00;PROB_0106_02;theory;Distributions;0.5;перепутала распределение;poisson;Discrete;2026-07-16 00:00:00
2026-06-01 00:00:00;PROB_0106_03;theory;Distributions;0.5;ошибка с хвостом вероятности;uniform_distribution;Continuous;2026-07-16 00:00:00
2026-06-01 00:00:00;PROB_0106_04;theory;Distributions;1;геометрическое ожидание;geometric;Discrete;2026-07-16 00:00:00
2026-06-01 00:00:00;PROB_0106_05;theory;Distributions;1;экспоненциальное распределение;exponential_distribution;Continuous;2026-07-16 00:00:00
2026-06-01 00:00:00;PROB_0106_06;theory;Distributions;1;связь Пуассон ↔ экспонента;distribution_concept;Distribution Concepts;2026-07-16 00:00:00
2026-06-01 00:00:00;PROB_0106_07;theory;Distributions;1;нормальное распределение;normal_distribution;Continuous;2026-07-16 00:00:00
2026-06-01 00:00:00;PROB_0106_08;theory;Distributions;0;правило сигм / процент брака;sigma_rule;Normal Distribution;2026-07-16 00:00:00
2026-06-01 00:00:00;PROB_0106_09;theory;Distributions;1;связи распределений;distribution_properties;Distribution Concepts;2026-07-16 00:00:00
2026-06-01 00:00:00;STAT_0106_01;statistics;Descriptive Statistics;0.5;время последней тренировки;variable_types;Data Types;2026-07-16 00:00:00
2026-06-01 00:00:00;STAT_0106_02;statistics;Experimental Design;1;выборка;sampling_design;Sampling;2026-07-16 00:00:00
2026-06-01 00:00:00;PROB_0106_10;theory;Probability;1;дополнение;classical_probability;Basics;2026-07-16 00:00:00
2026-06-01 00:00:00;PROB_0106_11;theory;Probability;1;Байес;bayes;Bayes;2026-07-16 00:00:00
2026-06-01 00:00:00;PROB_0106_12;theory;Distributions;1;распределения;distribution_properties;Distribution Concepts;2026-07-16 00:00:00
2026-06-01 00:00:00;STAT_0106_07;statistics;Descriptive Statistics;0.5;среднее vs медиана;mean_vs_median;Central Tendency;2026-07-16 00:00:00
2026-06-01 00:00:00;SQL_0106_01;sql;SQL Core;1;первый статус;row_number;Window Functions;2026-07-16 00:00:00
2026-06-01 00:00:00;SQL_2905_02;sql;SQL Core;1;последний статус;row_number;Window Functions;2026-07-16 00:00:00
2026-06-01 00:00:00;SQL_2905_03;sql;Data Modeling;1;deduplication;deduplication;Data Quality;2026-07-16 00:00:00
2026-06-01 00:00:00;SQL_2005_02;sql;SQL Core;1;anti join;anti_join;Joins;2026-07-16 00:00:00
2026-06-01 00:00:00;SQL_2305_02;sql;Data Handling;0;regex;regex;Strings;2026-07-16 00:00:00
2026-06-01 00:00:00;SQL_2205_01;sql;SQL Core;0.5;ошибка в флаге;gaps_islands;Window Functions;2026-07-16 00:00:00
2026-06-01 00:00:00;SQL_0106_02;sql;SQL Core;0.5;логика cnt_finished;conditional_aggregation;Aggregation;2026-07-16 00:00:00
2026-06-01 00:00:00;SQL_0106_03;sql;SQL Core;1;топ пользователей по темам;aggregation;Aggregation;2026-07-16 00:00:00
2026-06-01 00:00:00;SQL_0106_04;sql;SQL Core;1;longest streak;gaps_islands;Window Functions;2026-07-16 00:00:00
2026-06-01 00:00:00;SQL_0106_05;sql;SQL Core;0.5;лишнее условие в join;rolling_window;Time Series;2026-07-16 00:00:00
2026-06-01 00:00:00;SQL_0106_06;sql;SQL Core;1;анализы без продаж;anti_join;Joins;2026-07-16 00:00:00
2026-06-01 00:00:00;SQL_0106_07;sql;SQL Core;0.5;среднемесячное количество;aggregation;Aggregation;2026-07-16 00:00:00
2026-06-01 00:00:00;SQL_0106_08;sql;SQL Core;1;фильтрация по диапазону;simple_filtering;Basics;2026-07-16 00:00:00
2026-06-01 00:00:00;SQL_0106_09;sql;Data Handling;1;фильтрация по дате;date_functions;Dates;2026-07-16 00:00:00
2026-06-01 00:00:00;SQL_0106_10;sql;SQL Core;0.5;сначала не поняла условие;conditional_aggregation;Aggregation;2026-07-16 00:00:00
2026-06-01 00:00:00;SQL_0106_11;sql;SQL Core;0.5;работа с NULL;conditional_aggregation;Aggregation;2026-07-16 00:00:00
2026-06-03 00:00:00;PROB_0306_01;theory;Distributions;1;равномерное распределение;uniform_distribution;Continuous;2026-07-16 00:00:00
2026-06-03 00:00:00;PROB_0306_02;theory;Distributions;1;Uniform: E(X), Var(X), вероятности;uniform_distribution;Continuous;2026-07-16 00:00:00
2026-06-03 00:00:00;PROB_0306_03;theory;Distributions;1;экспоненциальное распределение;exponential_distribution;Continuous;2026-07-16 00:00:00
2026-06-03 00:00:00;PROB_0306_04;theory;Distributions;0.5;ошибка в последней задаче;exponential_distribution;Continuous;2026-07-16 00:00:00
2026-06-03 00:00:00;STAT_0306_05;statistics;Descriptive Statistics;1;типы переменных;variable_types;Data Types;2026-07-16 00:00:00
2026-06-03 00:00:00;STAT_0306_06;statistics;Experimental Design;1;дизайн выборки;sampling_design;Sampling;2026-07-16 00:00:00
2026-06-03 00:00:00;STAT_0306_01;statistics;Descriptive Statistics;0.75;выбросы определены не через IQR;mean_vs_median;Central Tendency;2026-07-16 00:00:00
2026-06-03 00:00:00;PROB_0306_07;theory;Probability;1;вероятность независимых событий;independence;Conditional;2026-07-16 00:00:00
2026-06-03 00:00:00;PROB_0306_08;theory;Probability;1;Байес;bayes;Bayes;2026-07-16 00:00:00
2026-06-03 00:00:00;PROB_0306_09;theory;Distributions;1;распознавание распределений;distribution_properties;Distribution Concepts;2026-07-16 00:00:00
2026-06-03 00:00:00;PROB_0306_10;theory;Distributions;1;равномерное распределение;uniform_distribution;Continuous;2026-07-16 00:00:00
2026-06-03 00:00:00;PROB_0306_11;theory;Distributions;1;Uniform: E(X), Var(X), вероятности;uniform_distribution;Continuous;2026-07-16 00:00:00
2026-06-03 00:00:00;PROB_0306_12;theory;Distributions;1;экспоненциальное распределение;exponential_distribution;Continuous;2026-07-16 00:00:00
2026-06-03 00:00:00;PROB_0306_13;theory;Distributions;0.5;ошибка в последней задаче;exponential_distribution;Continuous;2026-07-16 00:00:00
2026-06-04 00:00:00;PROB_0406_01;theory;Dependence;0.5;ошибки в формулах и расчётах;covariance;Covariance;2026-07-16 00:00:00
2026-06-04 00:00:00;PROB_0406_02;theory;Dependence;0.5;путаница в формулах;correlation;Covariance;2026-07-16 00:00:00
2026-06-04 00:00:00;PROB_0406_03;theory;Dependence;1;понимание корреляции и независимости;correlation_interpretation;Covariance;2026-07-16 00:00:00
2026-06-04 00:00:00;PROB_0406_04;theory;Expectation & Variance;0.75;формулу дисперсии восстановила логикой;expectation_variance;Variance;2026-07-16 00:00:00
2026-06-04 00:00:00;PROB_0406_05;theory;Probability;1;условная вероятность;conditional_probability;Conditional;2026-07-16 00:00:00
2026-06-04 00:00:00;PROB_0406_06;theory;Probability;1;Байес;bayes;Bayes;2026-07-16 00:00:00
2026-06-04 00:00:00;PROB_0406_07;theory;Distributions;1;Пуассон;poisson;Discrete;2026-07-16 00:00:00
2026-06-04 00:00:00;PROB_0406_08;theory;Distributions;1;экспоненциальное распределение;exponential_distribution;Continuous;2026-07-16 00:00:00
2026-06-04 00:00:00;PROB_0406_09;theory;Distributions;0.5;перепутала с неравенством Чебышёва;normal_distribution;Continuous;2026-07-16 00:00:00
2026-06-04 00:00:00;STAT_0406_01;statistics;Descriptive Statistics;0.6;3 из 5 типов определены верно;variable_types;Data Types;2026-07-16 00:00:00
2026-06-04 00:00:00;STAT_0406_02;statistics;Experimental Design;1;выборка выбрана правильно;sampling_design;Sampling;2026-07-16 00:00:00
2026-06-04 00:00:00;STAT_0406_04;statistics;Descriptive Statistics;0.5;среднее и медиана есть, проблемы с IQR и квартилями;summary_statistics;Summary Statistics;2026-07-16 00:00:00
2026-06-04 00:00:00;PROB_0406_10;theory;Probability;1;классическая вероятность;classical_probability;Basics;2026-07-16 00:00:00
2026-06-04 00:00:00;PROB_0406_11;theory;Probability;1;Байес;bayes;Bayes;2026-07-16 00:00:00
2026-06-04 00:00:00;PROB_0406_12;theory;Distributions;0.8;4 из 5 распределений;distribution_properties;Distribution Concepts;2026-07-16 00:00:00
2026-06-04 00:00:00;STAT_0406_05;statistics;Descriptive Statistics;0.75;логика правильная, не хватает аналитической формулировки;mean_vs_median;Central Tendency;2026-07-16 00:00:00
2026-06-04 00:00:00;PROB_0406_13;theory;Expectation & Variance;0.75;смысл понятен, не хватает бизнес-языка;variance;Variance;2026-07-16 00:00:00
2026-06-04 00:00:00;STAT_0406_07;statistics;Descriptive Statistics;0.75;увидела разброс и риск, но выводы недостаточно структурированы;summary_statistics;Summary Statistics;2026-07-16 00:00:00
2026-06-04 00:00:00;SQL_0406_01;sql;SQL Core;0.5;смысл запроса поняла, не узнала паттерн и способ без окна;sql_reading;Basics;2026-07-16 00:00:00
2026-06-04 00:00:00;SQL_0406_02;sql;Data Modeling;1;корректно нашла проблему;grain_analysis;Grain & Relationships;2026-07-16 00:00:00
2026-06-04 00:00:00;SQL_0406_03;sql;Product Analytics;0.75;логика верная, ошибка в работе с датами;retention;User Lifecycle;2026-07-16 00:00:00
2026-06-04 00:00:00;SQL_0406_04;sql;SQL Core;0.9;паттерн узнаётся, только невнимательность;as_of_join;Joins;2026-07-16 00:00:00
2026-06-04 00:00:00;SQL_0406_05;sql;Product Analytics;0.8;забыла distinct;churn;User Lifecycle;2026-07-16 00:00:00
2026-06-04 00:00:00;SQL_0406_06;sql;Data Handling;0.8;забыт END в CASE;pivot_unpivot;Data Reshaping;2026-07-16 00:00:00
2026-06-04 00:00:00;SQL_0406_07;sql;Data Modeling;0.3;не увидела последствия изменения grain;grain_analysis;Grain & Relationships;2026-07-16 00:00:00
2026-06-04 00:00:00;SQL_0406_08;sql;SQL Theory;1;понимает разницу;aggregation_concepts;Aggregation;2026-07-16 00:00:00
2026-06-04 00:00:00;SQL_0406_09;sql;SQL Core;1;понимает проблему NULL;anti_join;Joins;2026-07-16 00:00:00
2026-06-04 00:00:00;SQL_0406_10;sql;SQL Theory;0;не ответила;join_concepts;Joins;2026-07-16 00:00:00
2026-06-05 00:00:00;SQL_0506_01;sql;SQL Core;1;запрос прочитан правильно;sql_reading;Basics;2026-07-16 00:00:00
2026-06-05 00:00:00;SQL_0506_02;sql;SQL Core;0;не поняла проблему;sql_reading;Basics;2026-07-16 00:00:00
2026-06-05 00:00:00;SQL_0506_03;sql;Data Handling;0.5;часть функций дат вспомнила;date_functions;Dates;2026-07-16 00:00:00
2026-06-05 00:00:00;SQL_0506_04;sql;Data Handling;1;уверенно;date_functions;Dates;2026-07-16 00:00:00
2026-06-05 00:00:00;SQL_0506_05;sql;SQL Core;1;as-of join узнаётся;as_of_join;Joins;2026-07-16 00:00:00
2026-06-05 00:00:00;SQL_0506_06;sql;Product Analytics;1;churn понимает;churn;User Lifecycle;2026-07-16 00:00:00
2026-06-05 00:00:00;SQL_0506_07;sql;SQL Core;1;окна для running average понимает;running_aggregates;Window Functions;2026-07-16 00:00:00
2026-06-06 00:00:00;SQL_0606_01;sql;SQL Core;1;уверенно читает запрос;sql_reading;Basics;2026-07-16 00:00:00
2026-06-06 00:00:00;SQL_0606_02;sql;Data Modeling;1;увидела размножение строк;grain_analysis;Grain & Relationships;2026-07-16 00:00:00
2026-06-06 00:00:00;SQL_0606_03;sql;Data Handling;1;работа с датами;date_functions;Dates;2026-07-16 00:00:00
2026-06-06 00:00:00;SQL_0606_04;sql;Data Handling;1;корректная логика;date_functions;Dates;2026-07-16 00:00:00
2026-06-06 00:00:00;SQL_0606_05;sql;SQL Core;1;as-of join узнаётся автоматически;as_of_join;Joins;2026-07-16 00:00:00
2026-06-06 00:00:00;SQL_0606_06;sql;SQL Core;1;понимает паттерн;row_number;Window Functions;2026-07-16 00:00:00
2026-06-06 00:00:00;SQL_0606_07;sql;Data Modeling;1;grain определён правильно;grain_analysis;Grain & Relationships;2026-07-16 00:00:00
2026-06-06 00:00:00;SQL_0606_08;sql;SQL Theory;1;понимает разницу;window_function_concepts;Window Functions;2026-07-16 00:00:00
2026-06-06 00:00:00;SQL_0606_09;sql;SQL Core;1;понимает на концептуальном уровне;sql_reading;Basics;2026-07-16 00:00:00
2026-06-06 00:00:00;SQL_0606_10;sql;Data Modeling;1;смогла назвать ситуации;grain_analysis;Grain & Relationships;2026-07-16 00:00:00
2026-06-08 00:00:00;SQL_0806_01;sql;SQL Core;0.75;Не до конца уловила бизнес-смысл;sql_reading;Basics;2026-07-16 00:00:00
2026-06-08 00:00:00;SQL_0806_02;sql;Data Modeling;0.5;Не увидела проблему с join и left join;grain_analysis;Grain & Relationships;2026-07-16 00:00:00
2026-06-08 00:00:00;SQL_0806_03;sql;Data Handling;0.75;Гуглила функции дат;date_functions;Dates;2026-07-16 00:00:00
2026-06-08 00:00:00;SQL_0806_04;sql;Data Handling;1;Решила;date_functions;Dates;2026-07-16 00:00:00
2026-06-08 00:00:00;SQL_0806_05;sql;SQL Core;0.5;Не учла последовательность событий;conditional_aggregation;Aggregation;2026-07-16 00:00:00
2026-06-08 00:00:00;SQL_0806_06;sql;SQL Core;1;Решила;conditional_aggregation;Aggregation;2026-07-16 00:00:00
2026-06-08 00:00:00;SQL_0806_07;sql;SQL Core;1;Решила двумя способами;aggregation;Aggregation;2026-07-16 00:00:00
2026-06-08 00:00:00;SQL_0806_08;sql;SQL Core;0.9;Логика верная, были опечатки;lag_lead;Window Functions;2026-07-16 00:00:00
2026-06-08 00:00:00;SQL_0806_09;sql;SQL Core;0.9;Только опечатки;conditional_aggregation;Aggregation;2026-07-16 00:00:00
2026-06-08 00:00:00;SQL_0806_10;sql;SQL Core;0.8;Логика верная, много синтаксических ошибок;conditional_aggregation;Aggregation;2026-07-16 00:00:00
2026-06-08 00:00:00;SQL_0806_11;sql;SQL Core;1;Решила;anti_join;Joins;2026-07-16 00:00:00
2026-06-08 00:00:00;SQL_0806_12;sql;SQL Core;0.75;Логические ошибки;aggregation;Aggregation;2026-07-16 00:00:00
2026-06-08 00:00:00;SQL_0806_13;sql;SQL Core;1;Решила;lag_lead;Window Functions;2026-07-16 00:00:00
2026-06-08 00:00:00;SQL_0806_14;sql;SQL Core;1;Решила;aggregation;Aggregation;2026-07-16 00:00:00
2026-06-08 00:00:00;SQL_0806_15;sql;Data Handling;0.75;Были проблемы с датами;date_functions;Dates;2026-07-16 00:00:00
2026-06-08 00:00:00;SQL_0806_16;sql;SQL Core;0.8;Не сразу пришла к решению;aggregation;Aggregation;2026-07-16 00:00:00
2026-06-08 00:00:00;SQL_0806_17;sql;SQL Core;1;Решила;having;Aggregation;2026-07-16 00:00:00
2026-06-10 00:00:00;SQL_1006_01;sql;SQL Core;1;Решила;sql_reading;Basics;2026-07-16 00:00:00
2026-06-10 00:00:00;SQL_1006_02;sql;SQL Core;1;Решила;sql_reading;Basics;2026-07-16 00:00:00
2026-06-10 00:00:00;SQL_1006_03;sql;Data Handling;0.75;Проблемы с типами данных;date_functions;Dates;2026-07-16 00:00:00
2026-06-10 00:00:00;SQL_1006_04;sql;Product Analytics;0.6;Не довела решение до конца;retention;User Lifecycle;2026-07-16 00:00:00
2026-06-10 00:00:00;SQL_1006_05;sql;SQL Core;0.5;Запрос решал другую задачу;conditional_aggregation;Aggregation;2026-07-16 00:00:00
2026-06-10 00:00:00;SQL_1006_07;sql;Data Modeling;1;Решила;grain_analysis;Grain & Relationships;2026-07-16 00:00:00
2026-06-10 00:00:00;SQL_1006_08;sql;SQL Theory;0;Не ответила;aggregation_concepts;Aggregation;2026-07-16 00:00:00
2026-06-10 00:00:00;SQL_1006_09;sql;SQL Theory;1;Ответила;aggregation_concepts;Aggregation;2026-07-16 00:00:00
2026-06-10 00:00:00;SQL_1006_10;sql;SQL Core;1;Ответила;pattern_recognition;Basics;2026-07-16 00:00:00
2026-06-10 00:00:00;SQL_1006_11;sql;SQL Core;1;Решила;rolling_window;Time Series;2026-07-16 00:00:00
2026-06-10 00:00:00;SQL_1006_12;sql;SQL Core;0.85;Есть опечатки;running_aggregates;Window Functions;2026-07-16 00:00:00
2026-06-10 00:00:00;SQL_1006_13;sql;SQL Core;0.8;Забыла фильтр >= 3;having;Aggregation;2026-07-16 00:00:00
2026-06-10 00:00:00;SQL_1006_14;sql;SQL Core;0.8;Ошибка в partition by;topn_per_group;Window Functions;2026-07-16 00:00:00
2026-06-10 00:00:00;SQL_1006_15;sql;SQL Core;0.9;Есть опечатки;gaps_islands;Window Functions;2026-07-16 00:00:00
2026-06-10 00:00:00;SQL_1006_16;sql;SQL Core;0.6;Логика есть, реализация неправильная;as_of_join;Joins;2026-07-16 00:00:00
2026-06-10 00:00:00;SQL_1006_17;sql;SQL Core;0.3;Не решила самостоятельно;forward_fill;Window Functions;2026-07-16 00:00:00
2026-06-10 00:00:00;SQL_1006_18;sql;SQL Core;1;Решила;aggregation;Aggregation;2026-07-16 00:00:00
2026-06-10 00:00:00;SQL_1006_19;sql;SQL Core;0.9;Простая задача, но не сразу пришла идея;having;Aggregation;2026-07-16 00:00:00
2026-06-10 00:00:00;SQL_1006_20;sql;SQL Core;0.4;Решила только с помощью ИИ;relational_division;Joins;2026-07-16 00:00:00
2026-06-10 00:00:00;STAT_1006_01;statistics;Hypothesis Testing;1;Ответила;central_limit_theorem;Foundations;2026-07-16 00:00:00
2026-06-10 00:00:00;STAT_1006_02;statistics;Estimation;1;Ответила;standard_error;Estimation Concepts;2026-07-16 00:00:00
2026-06-10 00:00:00;STAT_1006_03;statistics;Estimation;0.8;Формулу подсматривала;interval_estimation;Confidence Intervals;2026-07-16 00:00:00
2026-06-10 00:00:00;STAT_1006_04;statistics;Estimation;0;Не ответила;interval_interpretation;Confidence Intervals;2026-07-16 00:00:00
2026-06-10 00:00:00;STAT_1006_05;statistics;Parametric Analysis;1;Ответила;one_sample_test_selection;One Sample Tests;2026-07-16 00:00:00
2026-06-10 00:00:00;STAT_1006_06;statistics;Estimation;1;Ответила;interval_interpretation;Confidence Intervals;2026-07-16 00:00:00
2026-06-10 00:00:00;STAT_1006_07;statistics;Estimation;0.8;Формулу подсматривала;interval_estimation;Confidence Intervals;2026-07-16 00:00:00
2026-06-11 00:00:00;STAT_1106_01;statistics;Estimation;1;Решила;interval_estimation;Confidence Intervals;2026-07-16 00:00:00
2026-06-11 00:00:00;STAT_1106_02;statistics;Estimation;1;Решила;interval_estimation;Confidence Intervals;2026-07-16 00:00:00
2026-06-11 00:00:00;STAT_1106_03;statistics;Estimation;1;Решила;interval_estimation;Confidence Intervals;2026-07-16 00:00:00
2026-06-11 00:00:00;STAT_1106_04;statistics;Estimation;1;Решила;interval_estimation;Confidence Intervals;2026-07-16 00:00:00
2026-06-11 00:00:00;STAT_1106_05;statistics;Estimation;1;Решила;interval_estimation;Confidence Intervals;2026-07-16 00:00:00
2026-06-11 00:00:00;STAT_1106_06;statistics;Estimation;1;Решила;interval_estimation;Confidence Intervals;2026-07-16 00:00:00
2026-06-11 00:00:00;STAT_1106_07;statistics;Estimation;1;Решила;interval_estimation;Confidence Intervals;2026-07-16 00:00:00
2026-06-11 00:00:00;STAT_1106_08;statistics;Estimation;1;Решила;interval_estimation;Confidence Intervals;2026-07-16 00:00:00
2026-06-11 00:00:00;STAT_1106_09;statistics;Estimation;1;Решила;interval_estimation;Confidence Intervals;2026-07-16 00:00:00
2026-06-11 00:00:00;STAT_1106_10;statistics;Descriptive Statistics;1;Решила;ecdf;ECDF;2026-07-16 00:00:00
2026-06-11 00:00:00;STAT_1106_11;statistics;Descriptive Statistics;1;Решила;ecdf;ECDF;2026-07-16 00:00:00
2026-06-11 00:00:00;STAT_1106_12;statistics;Descriptive Statistics;0.6;Не ответила на роль boxplot;summary_statistics;Summary Statistics;2026-07-16 00:00:00
2026-06-11 00:00:00;PROB_1106_13;theory;Distributions;1;Решила;distribution_identification;Distribution Concepts;2026-07-16 00:00:00
2026-06-11 00:00:00;STAT_1106_14;statistics;Estimation;1;Решила;interval_interpretation;Confidence Intervals;2026-07-16 00:00:00
2026-06-12 00:00:00;SQL_1206_01;sql;SQL Core;0.6;Неверно интерпретировала часть CTE;sql_reading;Basics;2026-07-16 00:00:00
2026-06-12 00:00:00;SQL_1206_02;sql;Data Modeling;0;Не увидела проблему count(*) после left join;grain_analysis;Grain & Relationships;2026-07-16 00:00:00
2026-06-12 00:00:00;SQL_1206_03;sql;Data Handling;1;Решила;date_functions;Dates;2026-07-16 00:00:00
2026-06-12 00:00:00;SQL_1206_04;sql;Product Analytics;1;Решила;retention;User Lifecycle;2026-07-16 00:00:00
2026-06-12 00:00:00;SQL_1206_05;sql;SQL Core;0.8;Решила с подсказками;forward_fill;Window Functions;2026-07-16 00:00:00
2026-06-12 00:00:00;SQL_1206_06;sql;SQL Core;0.9;Не знала, когда нужен else 0;conditional_aggregation;Aggregation;2026-07-16 00:00:00
2026-06-12 00:00:00;SQL_1206_07;sql;SQL Core;1;Решила;rolling_self_join;Time Series;2026-07-16 00:00:00
2026-06-12 00:00:00;SQL_1206_08;sql;Data Modeling;1;Ответила;grain_analysis;Grain & Relationships;2026-07-16 00:00:00
2026-06-12 00:00:00;SQL_1206_09;sql;SQL Theory;1;Ответила;aggregation_concepts;Aggregation;2026-07-16 00:00:00
2026-06-12 00:00:00;SQL_1206_10;sql;SQL Core;1;Ответила;pattern_recognition;Basics;2026-07-16 00:00:00
2026-06-12 00:00:00;SQL_1206_12;sql;SQL Core;0.85;Решила после нескольких проверок;self_join;Joins;2026-07-16 00:00:00
2026-06-12 00:00:00;SQL_1206_13;sql;SQL Core;0.3;Решила только с помощью ИИ;join;Joins;2026-07-16 00:00:00
2026-06-12 00:00:00;SQL_1206_14;sql;SQL Core;0.3;Решила только с помощью ИИ;gaps_islands;Window Functions;2026-07-16 00:00:00
2026-06-12 00:00:00;SQL_1206_15;sql;SQL Core;0.9;Были опечатки;topn_per_group;Window Functions;2026-07-16 00:00:00
2026-06-12 00:00:00;SQL_1206_16;sql;SQL Core;0.2;Не понимает решение даже после разбора;as_of_join;Joins;2026-07-16 00:00:00
2026-06-12 00:00:00;SQL_1206_17;sql;SQL Core;0.95;Только опечатка в названии колонки;anti_join;Joins;2026-07-16 00:00:00
2026-06-12 00:00:00;SQL_1206_18;sql;SQL Core;1;Решила;topn_per_group;Window Functions;2026-07-16 00:00:00
2026-06-12 00:00:00;SQL_1206_19;sql;SQL Core;0.5;Пока только логика;gaps_islands;Window Functions;2026-07-16 00:00:00
2026-06-12 00:00:00;SQL_1206_20;sql;SQL Core;0.9;Решила;as_of_join;Joins;2026-07-16 00:00:00
2026-06-13 00:00:00;STAT_1306_01;statistics;Hypothesis Testing;1;Ответила правильно;hypothesis_formulation;Foundations;2026-07-16 00:00:00
2026-06-13 00:00:00;STAT_1306_02;statistics;Hypothesis Testing;0.5;Понимание есть, но пример ошибки первого рода неверный;type1_type2;Decision Making;2026-07-16 00:00:00
2026-06-13 00:00:00;STAT_1306_03;statistics;Hypothesis Testing;1;Ответила правильно;hypothesis_formulation;Foundations;2026-07-16 00:00:00
2026-06-13 00:00:00;STAT_1306_04;statistics;Hypothesis Testing;1;Ответила правильно;significance_level;Foundations;2026-07-16 00:00:00
2026-06-13 00:00:00;STAT_1306_05;statistics;Hypothesis Testing;1;Ответила;hypothesis_formulation;Foundations;2026-07-16 00:00:00
2026-06-13 00:00:00;STAT_1306_06;statistics;Hypothesis Testing;1;Ответила;type1_type2;Decision Making;2026-07-16 00:00:00
2026-06-13 00:00:00;STAT_1306_07;statistics;Hypothesis Testing;1;Ответила;significance_level;Foundations;2026-07-16 00:00:00
2026-06-13 00:00:00;STAT_1306_08;statistics;Hypothesis Testing;1;Ответила;p_value;Foundations;2026-07-16 00:00:00
2026-06-13 00:00:00;STAT_1306_09;statistics;Hypothesis Testing;1;Ответила;central_limit_theorem;Foundations;2026-07-16 00:00:00
2026-06-13 00:00:00;STAT_1306_10;statistics;Hypothesis Testing;1;Ответила;p_value;Foundations;2026-07-16 00:00:00
2026-06-13 00:00:00;STAT_1306_11;statistics;Hypothesis Testing;1;Ответила;p_value;Foundations;2026-07-16 00:00:00
2026-06-13 00:00:00;STAT_1306_12;statistics;Hypothesis Testing;0.7;Правильно выбрала уровень значимости, но перепутала ошибки первого и второго рода;significance_level;Foundations;2026-07-16 00:00:00
2026-06-13 00:00:00;SQL_1306_01;sql;SQL Core;1;Решила;aggregation;Aggregation;2026-07-16 00:00:00
2026-06-13 00:00:00;SQL_1306_02;sql;SQL Core;0.8;Логика есть, ошибки в синтаксисе;gaps_islands;Window Functions;2026-07-16 00:00:00
2026-06-13 00:00:00;SQL_1306_03;sql;Data Handling;0.9;Структура верная, были опечатки;date_functions;Dates;2026-07-16 00:00:00
2026-06-13 00:00:00;SQL_1306_04;sql;SQL Core;0.6;Не знала как вернуть NULL;rank_dense_rank;Window Functions;2026-07-16 00:00:00
2026-06-13 00:00:00;SQL_1306_05;sql;SQL Core;1;Решила;lag_lead;Window Functions;2026-07-16 00:00:00
2026-06-13 00:00:00;SQL_1306_06;sql;SQL Core;1;Ответила;sql_reading;Basics;2026-07-16 00:00:00
2026-06-13 00:00:00;SQL_1306_07;sql;SQL Core;1;Ответила;sql_reading;Basics;2026-07-16 00:00:00
2026-06-13 00:00:00;SQL_1306_08;sql;Data Handling;0.9;Были опечатки;date_functions;Dates;2026-07-16 00:00:00
2026-06-13 00:00:00;SQL_1306_09;sql;Product Analytics;1;Решила;retention;User Lifecycle;2026-07-16 00:00:00
2026-06-13 00:00:00;SQL_1306_10;sql;SQL Core;0.6;Проблемы с generate_series;rolling_generate_series;Time Series;2026-07-16 00:00:00
2026-06-13 00:00:00;SQL_1306_11;sql;SQL Core;0.7;Поняла через альтернативный подход;forward_fill;Window Functions;2026-07-16 00:00:00
2026-06-13 00:00:00;SQL_1306_12;sql;SQL Core;0.2;Не знала паттерны решения;rank_dense_rank;Window Functions;2026-07-16 00:00:00
2026-06-13 00:00:00;SQL_1306_13;sql;SQL Core;1;Ответила;rank_dense_rank;Window Functions;2026-07-16 00:00:00
2026-06-13 00:00:00;SQL_1306_14;sql;SQL Theory;0;Не знала;cardinality;Data Modeling;2026-07-16 00:00:00
2026-06-13 00:00:00;SQL_1306_15;sql;Data Modeling;0;Не знала;dimensional_modeling;Grain & Relationships;2026-07-16 00:00:00
2026-06-13 00:00:00;SQL_1306_16;sql;SQL Theory;0;Не знала;join_concepts;Joins;2026-07-16 00:00:00
2026-06-15 00:00:00;STAT_1506_01;statistics;Parametric Analysis;0.9;Все тесты выбраны правильно, формулы помнит неуверенно;one_sample_test_selection;One Sample Tests;2026-07-16 00:00:00
2026-06-15 00:00:00;STAT_1506_02;statistics;Parametric Analysis;0.6;Ошибки в расчёте z и χ² статистик;one_sample_test_selection;One Sample Tests;2026-07-16 00:00:00
2026-06-15 00:00:00;STAT_1506_03;statistics;Hypothesis Testing;1;Все решения верны;hypothesis_decision;Decision Making;2026-07-16 00:00:00
2026-06-15 00:00:00;STAT_1506_04;statistics;Hypothesis Testing;1;Все интерпретации верны;p_value;Foundations;2026-07-16 00:00:00
2026-06-15 00:00:00;PROB_1506_05;theory;Distributions;1;Ответила;distribution_concept;Distribution Concepts;2026-07-16 00:00:00
2026-06-15 00:00:00;PROB_1506_06;theory;Distributions;1;Ответила;density_interpretation;Distribution Functions;2026-07-16 00:00:00
2026-06-15 00:00:00;PROB_1506_07;theory;Distributions;1;Ответила;distribution_concept;Distribution Concepts;2026-07-16 00:00:00
2026-06-15 00:00:00;PROB_1506_08;theory;Distributions;1;Ответила;cdf_interpretation;Distribution Functions;2026-07-16 00:00:00
2026-06-15 00:00:00;PROB_1506_09;theory;Distributions;1;Ответила;distribution_identification;Distribution Concepts;2026-07-16 00:00:00
2026-06-15 00:00:00;STAT_1506_10;statistics;Hypothesis Testing;1;Ответила;central_limit_theorem;Foundations;2026-07-16 00:00:00
2026-06-15 00:00:00;SQL_1506_01;sql;SQL Core;1;Ответила;sql_reading;Basics;2026-07-16 00:00:00
2026-06-15 00:00:00;SQL_1506_02;sql;SQL Core;1;Ответила;having;Aggregation;2026-07-16 00:00:00
2026-06-15 00:00:00;SQL_1506_03;sql;Data Handling;1;Ответила;date_functions;Dates;2026-07-16 00:00:00
2026-06-15 00:00:00;SQL_1506_04;sql;Product Analytics;0.7;Ошибка в cohort_month;retention;User Lifecycle;2026-07-16 00:00:00
2026-06-15 00:00:00;SQL_1506_05;sql;SQL Core;0.7;Неверно интерпретировала count(status) over();forward_fill;Window Functions;2026-07-16 00:00:00
2026-06-15 00:00:00;SQL_1506_06;sql;SQL Theory;1;Ответила;window_function_concepts;Window Functions;2026-07-16 00:00:00
2026-06-15 00:00:00;SQL_1506_07;sql;SQL Core;0;Не решила;gaps_islands;Window Functions;2026-07-16 00:00:00
2026-06-15 00:00:00;SQL_1506_08;sql;SQL Theory;1;Ответила;cardinality;Data Modeling;2026-07-16 00:00:00
2026-06-15 00:00:00;SQL_1506_09;sql;Data Modeling;0;Не ответила;dimensional_modeling;Grain & Relationships;2026-07-16 00:00:00
2026-06-15 00:00:00;SQL_1506_10;sql;SQL Theory;0.3;Частично поняла идею;join_concepts;Joins;2026-07-16 00:00:00
2026-06-15 00:00:00;SQL_1506_11;sql;Data Modeling;1;Ответила;grain_analysis;Grain & Relationships;2026-07-16 00:00:00
2026-06-16 00:00:00;SQL_1606_01;sql;Product Analytics;0.7;Ошибка в расчёте month_diff;retention;User Lifecycle;2026-07-16 00:00:00
2026-06-16 00:00:00;SQL_1606_02;sql;Data Modeling;0.5;Не видит часть проблем с grain и средними;grain_analysis;Grain & Relationships;2026-07-16 00:00:00
2026-06-16 00:00:00;SQL_1606_03;sql;SQL Core;0.7;Логика верная, были ошибки в CTE и начальном значении;forward_fill;Window Functions;2026-07-16 00:00:00
2026-06-16 00:00:00;SQL_1606_04;sql;Data Handling;0;Не решила;regex;Strings;2026-07-16 00:00:00
2026-06-16 00:00:00;SQL_1606_05;sql;Data Handling;0;Не решила;string_cleanup;Strings;2026-07-16 00:00:00
2026-06-16 00:00:00;SQL_1606_06;sql;Product Analytics;0.8;Логика retention правильная, есть ошибки реализации;retention;User Lifecycle;2026-07-16 00:00:00
2026-06-16 00:00:00;SQL_1606_07;sql;Product Analytics;0;Не решила;retention;User Lifecycle;2026-07-16 00:00:00
2026-06-16 00:00:00;SQL_1606_08;sql;Data Handling;0.3;Не знала, как проверить количество символов @;regex;Strings;2026-07-16 00:00:00
2026-06-16 00:00:00;SQL_1606_09;sql;Data Handling;0.3;Аналогичные проблемы со строковыми функциями;string_parsing;Strings;2026-07-16 00:00:00
2026-06-16 00:00:00;SQL_1606_10;sql;Product Analytics;0.85;Почти решила;retention;User Lifecycle;2026-07-16 00:00:00
2026-06-16 00:00:00;SQL_1606_11;sql;SQL Core;0.95;Решила, были опечатки;anti_join;Joins;2026-07-16 00:00:00
2026-06-16 00:00:00;SQL_1606_12;sql;SQL Core;1;Решила;row_number;Window Functions;2026-07-16 00:00:00
2026-06-16 00:00:00;SQL_1606_13;sql;SQL Core;0.95;Решила, были опечатки;aggregation;Aggregation;2026-07-16 00:00:00
2026-06-16 00:00:00;SQL_1606_14;sql;SQL Core;1;Решила;as_of_join;Joins;2026-07-16 00:00:00
2026-06-16 00:00:00;SQL_1606_15;sql;SQL Core;1;Решила;running_aggregates;Window Functions;2026-07-16 00:00:00
2026-06-16 00:00:00;SQL_1606_16;sql;SQL Core;0.8;Решила с подсказкой;conditional_aggregation;Aggregation;2026-07-16 00:00:00
2026-06-16 00:00:00;SQL_1606_17;sql;SQL Core;1;Решила;anti_join;Joins;2026-07-16 00:00:00
2026-06-16 00:00:00;SQL_1606_18;sql;SQL Core;0.8;Решила с подсказкой;running_aggregates;Window Functions;2026-07-16 00:00:00
2026-06-16 00:00:00;SQL_1606_19;sql;SQL Core;0.85;Решила, помощь нужна была по синтаксису;rank_dense_rank;Window Functions;2026-07-16 00:00:00
2026-06-16 00:00:00;PROB_1606_01;theory;Distributions;1;Всё верно;density_interpretation;Distribution Functions;2026-07-16 00:00:00
2026-06-16 00:00:00;STAT_1606_02;statistics;Parametric Analysis;0.8;Тесты и формулы верны, арифметические ошибки;one_sample_test_selection;One Sample Tests;2026-07-16 00:00:00
2026-06-16 00:00:00;STAT_1606_03;statistics;Hypothesis Testing;0.85;Перепутала направление альтернативы в одном случае;hypothesis_decision;Decision Making;2026-07-16 00:00:00
2026-06-16 00:00:00;STAT_1606_04;statistics;Estimation;0.9;Решение верное, были сложности с поиском квантиля;interval_estimation;Confidence Intervals;2026-07-16 00:00:00
2026-06-18 00:00:00;SQL_1806_01;sql;Data Handling;0.7;Не вспомнила форматирование названий дней недели;date_functions;Dates;2026-07-16 00:00:00
2026-06-18 00:00:00;SQL_1806_02;sql;Data Handling;0.8;Ошибка в порядке аргументов AGE;date_functions;Dates;2026-07-16 00:00:00
2026-06-18 00:00:00;SQL_1806_03;sql;SQL Core;0.8;Не обработала NULL после LAG;rolling_window;Time Series;2026-07-16 00:00:00
2026-06-18 00:00:00;SQL_1806_04;sql;SQL Core;1;Решила;gaps_islands;Window Functions;2026-07-16 00:00:00
2026-06-18 00:00:00;SQL_1806_05;sql;Product Analytics;0.8;Повторилась ошибка с AGE и month_diff;retention;User Lifecycle;2026-07-16 00:00:00
2026-06-18 00:00:00;SQL_1806_06;sql;SQL Core;0.9;Логика верная, были опечатки;anti_join;Joins;2026-07-16 00:00:00
2026-06-18 00:00:00;SQL_1806_07;sql;SQL Core;0.8;Несколько технических ошибок;aggregation;Aggregation;2026-07-16 00:00:00
2026-06-18 00:00:00;SQL_1806_08;sql;SQL Core;0.8;Не хватило фильтра повышения;row_number;Window Functions;2026-07-16 00:00:00
2026-06-18 00:00:00;SQL_1806_09;sql;SQL Core;0.4;Не увидела как убрать первые 6 дней;rolling_window;Time Series;2026-07-16 00:00:00
2026-06-18 00:00:00;SQL_1806_10;sql;SQL Core;0;Не решила самостоятельно;self_join;Joins;2026-07-16 00:00:00
2026-06-18 00:00:00;SQL_1806_11;sql;SQL Core;0;Не решила самостоятельно;conditional_aggregation;Aggregation;2026-07-16 00:00:00
2026-06-18 00:00:00;PROB_1806_01;theory;Dependence;0.8;Логика верная, арифметические ошибки;covariance;Covariance;2026-07-16 00:00:00
2026-06-18 00:00:00;PROB_1806_02;theory;Expectation & Variance;0.8;Логика верная, арифметические ошибки;portfolio_variance;Applications;2026-07-16 00:00:00
2026-06-18 00:00:00;PROB_1806_03;theory;Expectation & Variance;0.8;Логика верная, арифметические ошибки;portfolio_variance;Applications;2026-07-16 00:00:00
2026-06-18 00:00:00;PROB_1806_04;theory;Distributions;1;Решила;binomial;Discrete;2026-07-16 00:00:00
2026-06-18 00:00:00;PROB_1806_05;theory;Probability;1;Решила;classical_probability;Basics;2026-07-16 00:00:00
2026-06-18 00:00:00;PROB_1806_06;theory;Probability;0;Ошибка в условной вероятности;conditional_probability;Conditional;2026-07-16 00:00:00
2026-06-18 00:00:00;PROB_1806_07;theory;Probability;1;Решила;bayes;Bayes;2026-07-16 00:00:00
2026-06-18 00:00:00;PROB_1806_08;theory;Probability;1;Решила;bayes;Bayes;2026-07-16 00:00:00
2026-06-18 00:00:00;PROB_1806_09;theory;Probability;0.8;Формулы смотрела;independence;Conditional;2026-07-16 00:00:00
2026-06-18 00:00:00;PROB_1806_10;theory;Probability;0.5;"Не поняла пункт про ""первый белый ИЛИ второй чёрный""";multistage_probability;Bayes;2026-07-16 00:00:00
2026-06-18 00:00:00;STAT_1806_10;statistics;Parametric Analysis;0.9;Ответ про преимущество ANOVA был неполным;anova;Multiple Independent Groups;2026-07-16 00:00:00
2026-06-18 00:00:00;STAT_1806_11;statistics;Parametric Analysis;0.85;Не проходила парный t-тест, путалась в Стьюденте и Уэлче;one_sample_test_selection;One Sample Tests;2026-07-16 00:00:00
2026-06-18 00:00:00;STAT_1806_12;statistics;Hypothesis Testing;1;Всё верно;type1_type2;Decision Making;2026-07-16 00:00:00
2026-06-18 00:00:00;STAT_1806_13;statistics;Estimation;0.9;Ошибка в формуле доверительного интервала;interval_interpretation;Confidence Intervals;2026-07-16 00:00:00
2026-06-18 00:00:00;STAT_1806_14;statistics;Hypothesis Testing;1;Всё верно;p_value;Foundations;2026-07-16 00:00:00
2026-06-18 00:00:00;STAT_1806_15;statistics;Descriptive Statistics;1;Всё верно;mean_vs_median;Central Tendency;2026-07-16 00:00:00
2026-06-18 00:00:00;STAT_1806_16;statistics;Hypothesis Testing;1;Всё верно;central_limit_theorem;Foundations;2026-07-16 00:00:00
2026-06-18 00:00:00;STAT_1806_17;statistics;Estimation;1;Всё верно;standard_error;Estimation Concepts;2026-07-16 00:00:00
2026-06-18 00:00:00;STAT_1806_18;statistics;Descriptive Statistics;1;Всё верно;variable_types;Data Types;2026-07-16 00:00:00
2026-06-18 00:00:00;PROB_1806_19;theory;Distributions;1;Всё верно;chi_square_distribution;Continuous;2026-07-16 00:00:00
2026-06-18 00:00:00;PROB_1806_20;theory;Distributions;1;Всё верно;exponential_distribution;Continuous;2026-07-16 00:00:00
2026-06-21 00:00:00;PROB_2106_01;theory;Distributions;1;распределения и параметры по ситуациям узнаны верно;distribution_identification;Distribution Concepts;2026-07-16 00:00:00
2026-06-21 00:00:00;PROB_2106_02;theory;Distributions;0.75;не вспомнила дисперсию геометрического распределения, остальные формулы верны;distribution_properties;Distribution Concepts;2026-07-16 00:00:00
2026-06-21 00:00:00;PROB_2106_03;theory;Distributions;1;связь Пуассона и экспоненциального объяснена верно;distribution_concept;Distribution Concepts;2026-07-16 00:00:00
2026-06-21 00:00:00;PROB_2106_04;theory;Distributions;1;связь биномиального и Пуассона объяснена верно;distribution_concept;Distribution Concepts;2026-07-16 00:00:00
2026-06-21 00:00:00;PROB_2106_05;theory;Distributions;1;формулы вероятностей записаны верно;distribution_concept;Distribution Concepts;2026-07-16 00:00:00
2026-06-21 00:00:00;PROB_2106_06;theory;Distributions;0.75;в правиле трёх сигм перепутала 99.7% и 97%;sigma_rule;Normal Distribution;2026-07-16 00:00:00
2026-06-21 00:00:00;PROB_2106_07;theory;Distributions;1;биномиальная задача решена верно;binomial;Discrete;2026-07-16 00:00:00
2026-06-21 00:00:00;PROB_2106_08;theory;Distributions;1;задача на распределение Пуассона решена верно;poisson;Discrete;2026-07-16 00:00:00
2026-06-21 00:00:00;PROB_2106_09;theory;Distributions;1;пересчёт интенсивности и вероятность по Пуассону верны;poisson;Discrete;2026-07-16 00:00:00
2026-06-21 00:00:00;PROB_2106_10;theory;Distributions;1;геометрическое распределение: ожидание и вероятность посчитаны верно;geometric;Discrete;2026-07-16 00:00:00
2026-06-21 00:00:00;PROB_2106_11;theory;Distributions;0.75;в задаче на равномерное распределение перепутала правый хвост в P(X > 5), остальное верно;uniform_distribution;Continuous;2026-07-16 00:00:00
2026-06-21 00:00:00;PROB_2106_12;theory;Distributions;1;экспоненциальное распределение: λ и вероятности найдены верно;exponential_distribution;Continuous;2026-07-16 00:00:00
2026-06-21 00:00:00;PROB_2106_13;theory;Distributions;1;расчёты верны, но была неуверенность в интерпретации среднего времени между событиями;exponential_distribution;Continuous;2026-07-16 00:00:00
2026-06-21 00:00:00;PROB_2106_14;theory;Distributions;1;нормальное распределение и правило сигм применены верно;normal_distribution;Continuous;2026-07-16 00:00:00
2026-06-21 00:00:00;PROB_2106_15;theory;Distributions;1;задача на нормальное распределение решена верно;normal_distribution;Continuous;2026-07-16 00:00:00
2026-06-21 00:00:00;PROB_2106_16;theory;Expectation & Variance;1;E[X], E[X²] и Var(X) по таблице распределения посчитаны верно;expectation_variance;Variance;2026-07-16 00:00:00
2026-06-21 00:00:00;PROB_2106_17;theory;Dependence;0.75;E[X], E[Y], E[XY] верны, но потерян знак ковариации;covariance;Covariance;2026-07-16 00:00:00
2026-06-21 00:00:00;PROB_2106_18;theory;Expectation & Variance;0.25;не знала, как строить условное распределение и считать E[Y|X];conditional_expectation;Expectation;2026-07-16 00:00:00
2026-06-21 00:00:00;PROB_2106_19;theory;Expectation & Variance;0.5;закон полного матожидания интуитивно понятен, но не был узнан и оформлен как отдельный метод;conditional_expectation;Expectation;2026-07-16 00:00:00
2026-06-21 00:00:00;PROB_2106_20;theory;Expectation & Variance;1;Var(X+Y), Var(X-Y) и Corr(X,Y) найдены верно;variance_properties;Variance;2026-07-16 00:00:00
2026-06-21 00:00:00;PROB_2106_21;theory;Expectation & Variance;1;дисперсия линейной комбинации независимых величин посчитана верно;variance_properties;Variance;2026-07-16 00:00:00
2026-06-21 00:00:00;PROB_2106_22;theory;Expectation & Variance;1;ковариация активов, дисперсия портфеля и оптимальный вес найдены верно;portfolio_variance;Applications;2026-07-16 00:00:00
2026-06-21 00:00:00;PROB_2106_23;theory;Expectation & Variance;1;минимальная дисперсия портфеля найдена верно;portfolio_variance;Applications;2026-07-16 00:00:00
2026-06-21 00:00:00;STAT_2106_01;statistics;Descriptive Statistics;1;интервальная шкала для температуры объяснена верно;variable_types;Data Types;2026-07-16 00:00:00
2026-06-21 00:00:00;STAT_2106_02;statistics;Descriptive Statistics;1;количество детей определено как дискретная переменная;variable_types;Data Types;2026-07-16 00:00:00
2026-06-21 00:00:00;STAT_2106_03;statistics;Descriptive Statistics;1;марка автомобиля определена как номинальная переменная;variable_types;Data Types;2026-07-16 00:00:00
2026-06-21 00:00:00;STAT_2106_04;statistics;Experimental Design;1;дизайн стратифицированной выборки описан хорошо;sampling_design;Sampling;2026-07-16 00:00:00
2026-06-21 00:00:00;STAT_2106_05;statistics;Experimental Design;0.75;пример хороший, но различие между стратифицированной и кластерной выборкой сформулировано не до конца чётко;sampling_design;Sampling;2026-07-16 00:00:00
2026-06-21 00:00:00;STAT_2106_06;statistics;Descriptive Statistics;1;среднее и медиана при выбросе объяснены верно;mean_vs_median;Central Tendency;2026-07-16 00:00:00
2026-06-21 00:00:00;STAT_2106_07;statistics;Descriptive Statistics;1;IQR и его устойчивость к выбросам объяснены верно;summary_statistics;Summary Statistics;2026-07-16 00:00:00
2026-06-21 00:00:00;PROB_2106_24;theory;Distributions;1;распределения по ситуациям распознаны верно;distribution_identification;Distribution Concepts;2026-07-16 00:00:00
2026-06-21 00:00:00;PROB_2106_25;theory;Distributions;1;асимметрия хи-квадрат распределения объяснена верно;chi_square_distribution;Continuous;2026-07-16 00:00:00
2026-06-21 00:00:00;PROB_2106_26;theory;Distributions;0.75;t-распределение описано верно, но не хватило явного упоминания про маленькие выборки и стремление к нормальному;t_distribution;Continuous;2026-07-16 00:00:00
2026-06-21 00:00:00;STAT_2106_11;statistics;Hypothesis Testing;1;ЦПТ объяснена корректно;central_limit_theorem;Foundations;2026-07-16 00:00:00
2026-06-21 00:00:00;STAT_2106_12;statistics;Hypothesis Testing;1;зависимость стандартной ошибки от размера выборки объяснена верно;central_limit_theorem;Foundations;2026-07-16 00:00:00
2026-06-21 00:00:00;STAT_2106_13;statistics;Estimation;0.75;логика через доверительный интервал и alpha в целом понята, но оставались вопросы по связи доверительного интервала с уровнем значимости;interval_interpretation;Confidence Intervals;2026-07-16 00:00:00
2026-06-21 00:00:00;STAT_2106_14;statistics;Hypothesis Testing;1;ошибка I и ошибка II рода для подписки описаны верно;type1_type2;Decision Making;2026-07-16 00:00:00
2026-06-21 00:00:00;STAT_2106_15;statistics;Hypothesis Testing;1;сравнение цены ошибок для лекарства объяснено адекватно;type1_type2;Decision Making;2026-07-16 00:00:00
2026-06-21 00:00:00;STAT_2106_16;statistics;Parametric Analysis;1;тест для одной выборки со средним и неизвестной дисперсией выбран верно;one_sample_test_selection;One Sample Tests;2026-07-16 00:00:00
2026-06-21 00:00:00;STAT_2106_17;statistics;Parametric Analysis;1;тест на равенство долей выбран верно;two_independent_test_selection;Two Independent Samples;2026-07-16 00:00:00
2026-06-21 00:00:00;STAT_2106_18;statistics;Hypothesis Testing;1;последовательность проверки для трёх групп описана верно;test_selection;Test Selection;2026-07-16 00:00:00
2026-06-21 00:00:00;STAT_2106_19;statistics;Parametric Analysis;1;проблема множественных сравнений объяснена верно;tukey_test;Post-hoc Tests;2026-07-16 00:00:00
2026-06-21 00:00:00;STAT_2106_20;statistics;Hypothesis Testing;1;решение по p-value = 0.02 принято верно;p_value;Foundations;2026-07-16 00:00:00
2026-06-21 00:00:00;STAT_2106_21;statistics;Hypothesis Testing;1;p-value объяснён по сути верно;p_value;Foundations;2026-07-16 00:00:00
2026-06-20 00:00:00;SQL_2006_01;sql;Data Handling;0.75;логика regex, очистки и повторной валидации правильная, но конфликт алиаса clean_phone;string_cleanup;Strings;2026-07-16 00:00:00
2026-06-20 00:00:00;SQL_2006_02;sql;Data Handling;0.75;split_part и regexp_matches использованы правильно, но не учтено, что regexp_matches возвращает массив и нужен [1];regex;Strings;2026-07-16 00:00:00
2026-06-20 00:00:00;SQL_2006_03;sql;Data Handling;0;не решила задачу на очистку price, numeric cast, NULLIF/COALESCE и revenue;string_cleanup;Strings;2026-07-16 00:00:00
2026-06-20 00:00:00;SQL_2006_04;sql;SQL Core;0.75;rolling sum/avg и lag на 7 дней ок, но не знала формулу wow growth;rolling_window;Time Series;2026-07-16 00:00:00
2026-06-22 00:00:00;SQL_2206_01;sql;SQL Core;0.75;правильно выбрала dense_rank для топ-2, но отфильтровала только rank=2 вместо top-2;topn_per_group;Window Functions;2026-07-16 00:00:00
2026-06-22 00:00:00;SQL_2206_02;sql;SQL Core;1;join, фильтрация по январю, group by и having выполнены правильно;aggregation;Aggregation;2026-07-16 00:00:00
2026-06-22 00:00:00;SQL_2206_03;sql;Product Analytics;0.75;логика first_date и day-1 действий правильная, но условие про register было лишним;retention;User Lifecycle;2026-07-16 00:00:00
2026-06-22 00:00:00;SQL_2206_04;sql;SQL Core;0.75;"решение рабочее, но dense_rank даёт топ с тай-ами, а не ровно 10 строк; для строгого топ-10 лучше row_number/limit";aggregation;Aggregation;2026-07-16 00:00:00
2026-06-22 00:00:00;SQL_2206_05;sql;SQL Core;0.5;логика exists/not exists верная, но в подзапросе потеряна связь с таблицей test;anti_join;Joins;2026-07-16 00:00:00
2026-06-22 00:00:00;SQL_2206_06;sql;SQL Core;1;задача на агрегацию и having решена правильно;aggregation;Aggregation;2026-07-16 00:00:00
2026-06-22 00:00:00;SQL_2206_07;sql;SQL Core;1;логика условной агрегации верная, ошибка только в опечатке с type_id=29 без алиаса таблицы;conditional_aggregation;Aggregation;2026-07-16 00:00:00
2026-06-22 00:00:00;SQL_2206_08;sql;SQL Core;0.75;идея оконной функции верная, но забыто partition by user_id и доля считалась от всех заказов;window_functions;Window Functions;2026-07-16 00:00:00
2026-06-22 00:00:00;SQL_2206_09;sql;SQL Core;1;exists/not exists с join внутри подзапросов решено чисто;anti_join;Joins;2026-07-16 00:00:00
2026-06-22 00:00:00;SQL_2206_10;sql;SQL Core;1;case + group by по кварталам решено правильно;conditional_aggregation;Aggregation;2026-07-16 00:00:00
2026-06-22 00:00:00;SQL_2206_11;sql;SQL Core;1;логика верная, были только невнимательные опечатки в полях amount/customer_id;aggregation;Aggregation;2026-07-16 00:00:00
2026-06-22 00:00:00;SQL_2206_12;sql;SQL Core;1;left join + is null для сотрудников без продаж решено правильно;anti_join;Joins;2026-07-16 00:00:00
2026-06-22 00:00:00;SQL_2206_13;sql;SQL Core;1;паттерн последней записи в группе решён правильно;row_number;Window Functions;2026-07-16 00:00:00
2026-06-22 00:00:00;SQL_2206_14;sql;SQL Core;1;case + group by + having на долю отменённых решено правильно;conditional_aggregation;Aggregation;2026-07-16 00:00:00
2026-06-22 00:00:00;SQL_2206_15;sql;SQL Core;1;логика first/last order верная, недочёт только в пропущенном group by username в CTE;aggregation;Aggregation;2026-07-16 00:00:00
2026-06-22 00:00:00;PROB_2206_01;theory;Distributions;1;верно объяснила функцию распределения и вероятность через F(x);cdf_interpretation;Distribution Functions;2026-07-16 00:00:00
2026-06-22 00:00:00;PROB_2206_02;theory;Distributions;1;функция распределения и функция выживания для экспоненциального распределения — верно;exponential_distribution;Continuous;2026-07-16 00:00:00
2026-06-22 00:00:00;PROB_2206_03;theory;Probability;1;разницу между независимыми и несовместными событиями объяснила верно;independence;Conditional;2026-07-16 00:00:00
2026-06-22 00:00:00;PROB_2206_04;theory;Dependence;0.75;поняла, что нулевая корреляция не означает независимость, но не смогла привести контрпример;correlation;Covariance;2026-07-16 00:00:00
2026-06-22 00:00:00;PROB_2206_05;theory;Expectation & Variance;0;не ответила на неравенство Чебышёва;chebyshev_inequality;Inequalities;2026-07-16 00:00:00
2026-06-22 00:00:00;PROB_2206_06;theory;Distributions;0.75;смысл свойства отсутствия памяти понимает, но не вспомнила формулу;exponential_distribution;Continuous;2026-07-16 00:00:00
2026-06-22 00:00:00;PROB_2206_07;theory;Distributions;1;связь Бернулли и биномиального распределения объяснила верно;distribution_concept;Distribution Concepts;2026-07-16 00:00:00
2026-06-22 00:00:00;PROB_2206_08;theory;Distributions;0.75;связь нормального, χ² и Стьюдента знает неполно;distribution_concept;Distribution Concepts;2026-07-16 00:00:00
2026-06-23 00:00:00;SQL_2306_01;sql;SQL Core;0.75;"решение forward fill получилось, но с подсмотром; паттерн собран, самостоятельность неполная";forward_fill;Window Functions;2026-07-16 00:00:00
2026-06-23 00:00:00;SQL_2306_02;sql;Data Handling;0;pivot не решила;pivot_unpivot;Data Reshaping;2026-07-16 00:00:00
2026-06-23 00:00:00;SQL_2306_03;sql;Data Handling;0;unpivot не решила;pivot_unpivot;Data Reshaping;2026-07-16 00:00:00
2026-06-23 00:00:00;SQL_2306_04;sql;SQL Core;0.75;as-of join по row_number собран правильно, были небольшие вопросы по partition by, но логика верная;as_of_join;Joins;2026-07-16 00:00:00
2026-06-23 00:00:00;SQL_2306_05;sql;Product Analytics;0.75;структура retention верная, были небольшие синтаксические ошибки;retention;User Lifecycle;2026-07-16 00:00:00
2026-06-23 00:00:00;SQL_2306_06;sql;SQL Core;0;не поняла идею daily_change и не решила задачу на баланс;running_aggregates;Window Functions;2026-07-16 00:00:00
2026-06-23 00:00:00;SQL_2206_08;sql;SQL Core;1;исправленная версия задачи про долю заказа от общей суммы пользователя работает корректно;window_functions;Window Functions;2026-07-16 00:00:00
2026-06-23 00:00:00;SQL_2306_08;sql;SQL Core;1;rolling sum за 30 дней решена правильно;rolling_window;Time Series;2026-07-16 00:00:00
2026-06-23 00:00:00;SQL_2306_09;sql;SQL Core;0.75;логика self join с зарплатой менеджера правильная, но вместо group by/having использовалась оконная агрегация и count по флагу был собран не так;self_join;Joins;2026-07-16 00:00:00
2026-06-23 00:00:00;SQL_2306_10;sql;SQL Core;0.75;после разбора паттерн streak собран, логика island_id верная, ошибки в основном технические/опечатки;gaps_islands;Window Functions;2026-07-16 00:00:00
2026-06-23 00:00:00;SQL_2306_11;sql;SQL Core;0.75;логика двухуровневой агрегации по пользователю и месяцу верная, но пропущены from/group by;conditional_aggregation;Aggregation;2026-07-16 00:00:00
2026-06-23 00:00:00;SQL_2206_14;sql;SQL Core;1;задача на процент отменённых решена, ошибка была чисто синтаксическая в условии where;conditional_aggregation;Aggregation;2026-07-16 00:00:00
2026-06-23 00:00:00;SQL_2306_13;sql;SQL Core;1;задача на top-3 зарплаты по департаменту решена с первого раза без ошибок;topn_per_group;Window Functions;2026-07-16 00:00:00
2026-06-23 00:00:00;SQL_2306_14;sql;SQL Core;1;"задача на максимальную зарплату по департаменту решена; по сути тот же паттерн top-n в группе";topn_per_group;Window Functions;2026-07-16 00:00:00
2026-06-23 00:00:00;PROB_2306_01;theory;Expectation & Variance;0.75;условные матожидания E[Y|X=0] и E[Y|X=1] посчитаны правильно, но в проверке закона полного матожидания сначала была ошибка в финальном сложении;conditional_expectation;Expectation;2026-07-16 00:00:00
2026-06-23 00:00:00;PROB_2306_02;theory;Expectation & Variance;1;условные матожидания E[X|Y=2] и E[X|Y=4] найдены правильно;conditional_expectation;Expectation;2026-07-16 00:00:00
2026-06-23 00:00:00;PROB_2306_03;theory;Expectation & Variance;1;средняя зарплата по компании найдена правильно, закон полного матожидания назван верно;conditional_expectation;Expectation;2026-07-16 00:00:00
2026-06-23 00:00:00;PROB_2306_04;theory;Dependence;1;E[X], E[Y], E[XY], ковариация и вывод о коррелированности посчитаны правильно;covariance;Covariance;2026-07-16 00:00:00
2026-06-23 00:00:00;PROB_2306_05;theory;Dependence;1;корреляция и дисперсия разности по Var и Cov найдены правильно;correlation;Covariance;2026-07-16 00:00:00
2026-06-23 00:00:00;PROB_2306_06;theory;Dependence;1;"верно объяснила, что Cov=0 не гарантирует независимость; контрпример по сути правильный";covariance;Covariance;2026-07-16 00:00:00
2026-06-23 00:00:00;PROB_2306_07;theory;Distributions;1;дисперсия геометрического распределения найдена правильно;geometric;Discrete;2026-07-16 00:00:00
2026-06-23 00:00:00;PROB_2306_08;theory;Probability;0;не помнила, что специфичность — это P(−|здоров), сама задачу не решила;conditional_probability;Conditional;2026-07-16 00:00:00
2026-06-23 00:00:00;PROB_2306_09;theory;Distributions;0.75;правило трёх сигм знала, но сначала ответила долю внутри интервала вместо доли вне интервала;sigma_rule;Normal Distribution;2026-07-16 00:00:00
2026-06-23 00:00:00;PROB_2306_10;theory;Distributions;1;сумму квадратов двух независимых стандартных нормальных величин верно определила как хи-квадрат с двумя степенями свободы;distribution_concept;Distribution Concepts;2026-07-16 00:00:00
2026-06-23 00:00:00;PROB_2306_11;theory;Distributions;0.75;связь со Стьюдентом после разбора понимает, но сама формулу и параметр не воспроизвела полностью;distribution_concept;Distribution Concepts;2026-07-16 00:00:00
2026-06-23 00:00:00;PROB_2306_12;theory;Distributions;1;биномиальное распределение верно приближено распределением Пуассона с λ=np;distribution_concept;Distribution Concepts;2026-07-16 00:00:00
2026-06-23 00:00:00;STAT_2306_01;statistics;Descriptive Statistics;1;типы переменных определены правильно;variable_types;Data Types;2026-07-16 00:00:00
2026-06-23 00:00:00;STAT_2306_02;statistics;Experimental Design;1;выборка предложена очень хорошо, с учётом ограничений бюджета и структуры компании;sampling_design;Sampling;2026-07-16 00:00:00
2026-06-23 00:00:00;STAT_2306_03;statistics;Descriptive Statistics;1;медиана выбрана правильно, объяснение про выбросы корректное;mean_vs_median;Central Tendency;2026-07-16 00:00:00
2026-06-23 00:00:00;STAT_2306_04;statistics;Assumption Tests;0;не знала, как интерпретировать отклонение хвостов на QQ-plot;normality_assessment;Normality;2026-07-16 00:00:00
2026-06-23 00:00:00;STAT_2306_05;statistics;Hypothesis Testing;0.75;правильно сделала вывод о ненормальности по Шапиро–Уилку и связала это с непараметрическими тестами, но ответ был неполный;test_selection;Test Selection;2026-07-16 00:00:00
2026-06-23 00:00:00;STAT_2306_06;statistics;Hypothesis Testing;1;гипотезы о росте конверсии сформулированы верно;hypothesis_formulation;Foundations;2026-07-16 00:00:00
2026-06-23 00:00:00;STAT_2306_07;statistics;Hypothesis Testing;1;ошибки I и II рода описаны верно, последствия для бизнеса понимает;type1_type2;Decision Making;2026-07-16 00:00:00
2026-06-23 00:00:00;STAT_2306_08;statistics;Parametric Analysis;0.75;t-тест назвала верно, но не очень уверенно объясняла роль толстых хвостов t-распределения;one_sample_test_selection;One Sample Tests;2026-07-16 00:00:00
2026-06-23 00:00:00;STAT_2306_09;statistics;Parametric Analysis;1;тест для двух независимых долей назван верно;two_independent_test_selection;Two Independent Samples;2026-07-16 00:00:00
2026-06-23 00:00:00;STAT_2306_10;statistics;Hypothesis Testing;1;последовательность действий для трёх групп и ANOVA описана правильно;test_selection;Test Selection;2026-07-16 00:00:00
2026-06-23 00:00:00;STAT_2306_11;statistics;Hypothesis Testing;1;решение по p-value=0.01 верное;p_value;Foundations;2026-07-16 00:00:00
2026-06-23 00:00:00;STAT_2306_12;statistics;Hypothesis Testing;1;правильно объяснила, что p-value=0.2 не означает истинность H0;p_value;Foundations;2026-07-16 00:00:00
2026-06-23 00:00:00;STAT_2306_13;statistics;Estimation;1;доверительный интервал интерпретирован правильно, H0 отвергается корректно;interval_interpretation;Confidence Intervals;2026-07-16 00:00:00
2026-06-23 00:00:00;STAT_2306_14;statistics;Hypothesis Testing;1;объяснение ЦПТ правильное и достаточно чёткое;central_limit_theorem;Foundations;2026-07-16 00:00:00
2026-06-23 00:00:00;STAT_2306_15;statistics;Assumption Tests;0.75;ответ по сути правильный, но был с опорой на конспект;normality_assessment;Normality;2026-07-16 00:00:00
2026-06-23 00:00:00;STAT_2306_16;statistics;Hypothesis Testing;0.75;вывод по Шапиро–Уилку и t-тесту верный, но ответ дан с подглядыванием в конспект;test_selection;Test Selection;2026-07-16 00:00:00
2026-06-23 00:00:00;STAT_2306_17;statistics;Hypothesis Testing;0.75;логарифмическое преобразование выбрано верно, но ответ был с конспектом;data_transformation;Advanced Topics;2026-07-16 00:00:00
2026-06-23 00:00:00;STAT_2306_18;statistics;Hypothesis Testing;0.75;дальнейшие действия после неудачного лог-преобразования описаны верно, но с опорой на конспект;test_selection;Test Selection;2026-07-16 00:00:00
2026-06-23 00:00:00;STAT_2306_19;statistics;Hypothesis Testing;0.75;последовательность тестов для трёх баннеров описана правильно, но с конспектом;test_selection;Test Selection;2026-07-16 00:00:00
2026-06-23 00:00:00;STAT_2306_20;statistics;Parametric Analysis;0.75;интерпретация значимой ANOVA и следующий шаг верны, но ответ был не полностью самостоятельный;anova;Multiple Independent Groups;2026-07-16 00:00:00
2026-06-23 00:00:00;STAT_2306_21;statistics;Hypothesis Testing;0.75;различие между тестами Даннетта и Тьюки воспроизведено верно, но с опорой на конспект;test_selection;Test Selection;2026-07-16 00:00:00
2026-06-24 00:00:00;SQL_2406_01;sql;SQL Core;1;Решено;join;Joins;2026-07-16 00:00:00
2026-06-24 00:00:00;SQL_2406_02;sql;SQL Core;1;Решено;join;Joins;2026-07-16 00:00:00
2026-06-24 00:00:00;SQL_2406_03;sql;SQL Core;0.75;Сначала выбрала INNER JOIN вместо LEFT JOIN, после разбора поняла ошибку;anti_join;Joins;2026-07-16 00:00:00
2026-06-24 00:00:00;SQL_2406_04;sql;SQL Core;1;Решено;join;Joins;2026-07-16 00:00:00
2026-06-24 00:00:00;SQL_2406_05;sql;SQL Core;1;Решено;anti_join;Joins;2026-07-16 00:00:00
2026-06-24 00:00:00;SQL_2406_06;sql;SQL Core;0.5;Логика forward fill верная, но синтаксис и структура JOIN были неаккуратны;forward_fill;Window Functions;2026-07-16 00:00:00
2026-06-24 00:00:00;SQL_2406_07;sql;Data Handling;0.9;Pivot сделан почти идеально;pivot_unpivot;Data Reshaping;2026-07-16 00:00:00
2026-06-24 00:00:00;SQL_2406_08;sql;Data Handling;0.75;Unpivot через UNION ALL решён правильно, но с подсказкой;pivot_unpivot;Data Reshaping;2026-07-16 00:00:00
2026-06-24 00:00:00;SQL_2406_09;sql;SQL Core;0.75;Логика self join правильная, но были ошибки с алиасами и ссылками на id;self_join;Joins;2026-07-16 00:00:00
2026-06-24 00:00:00;SQL_2406_10;sql;Product Analytics;0.75;Логика retention верная, но были синтаксические ошибки и лишний date_trunc;retention;User Lifecycle;2026-07-16 00:00:00
2026-06-24 00:00:00;SQL_2306_10;sql;SQL Core;1;Consecutive days решена правильно;gaps_islands;Window Functions;2026-07-16 00:00:00
2026-06-24 00:00:00;SQL_2306_09;sql;SQL Core;0.5;Логика self-join и фильтрации верная, но были опечатки и лишний DISTINCT;self_join;Joins;2026-07-16 00:00:00
2026-06-24 00:00:00;SQL_2206_14;sql;SQL Core;0.9;Только опечатка в customer_id;conditional_aggregation;Aggregation;2026-07-16 00:00:00
2026-06-24 00:00:00;SQL_2406_14;sql;SQL Core;0.5;Логика верная, но потерян WHERE success=false и была опечатка;gaps_islands;Window Functions;2026-07-16 00:00:00
2026-06-24 00:00:00;SQL_2406_15;sql;SQL Core;1;"EXISTS / NOT EXISTS — идеально; вариант JOIN + WHERE не решён и отдельно не заносим";exists;Subqueries / CTE;2026-07-16 00:00:00
2026-06-24 00:00:00;SQL_2406_16;sql;SQL Core;0.9;Только опечатка cs. problem_id;having;Aggregation;2026-07-16 00:00:00
2026-06-24 00:00:00;SQL_2406_17;sql;SQL Core;0.9;Только опечатка sum(amout);running_aggregates;Window Functions;2026-07-16 00:00:00
2026-06-24 00:00:00;PROB_2406_01;theory;Expectation & Variance;1;Всё верно;conditional_expectation;Expectation;2026-07-16 00:00:00
2026-06-24 00:00:00;PROB_2406_02;theory;Expectation & Variance;1;Всё верно;conditional_expectation;Expectation;2026-07-16 00:00:00
2026-06-24 00:00:00;PROB_2406_03;theory;Expectation & Variance;1;Всё верно;conditional_expectation;Expectation;2026-07-16 00:00:00
2026-06-24 00:00:00;PROB_2406_04;theory;Probability;1;Всё верно;bayes;Bayes;2026-07-16 00:00:00
2026-06-24 00:00:00;PROB_2406_05;theory;Probability;1;Всё верно;bayes;Bayes;2026-07-16 00:00:00
2026-06-24 00:00:00;PROB_2406_06;theory;Probability;1;Всё верно;total_probability;Conditional;2026-07-16 00:00:00
2026-06-24 00:00:00;PROB_2406_07;theory;Dependence;1;Всё верно;covariance;Covariance;2026-07-16 00:00:00
2026-06-24 00:00:00;PROB_2406_08;theory;Expectation & Variance;1;Всё верно;variance_properties;Variance;2026-07-16 00:00:00
2026-06-24 00:00:00;PROB_2406_09;theory;Expectation & Variance;1;Всё верно;variance_properties;Variance;2026-07-16 00:00:00
2026-06-24 00:00:00;PROB_2406_10;theory;Distributions;1;Формулу дисперсии геометрического распределения вспомнила и посчитала верно;geometric;Discrete;2026-07-16 00:00:00
2026-06-24 00:00:00;PROB_2406_11;theory;Probability;1;Специфичность и ложноположительный результат разобраны верно;conditional_probability;Conditional;2026-07-16 00:00:00
2026-06-24 00:00:00;PROB_2406_12;theory;Distributions;0.75;Смысл свойства понимала, но формулу отсутствия памяти не вспомнила точно;exponential_distribution;Continuous;2026-07-16 00:00:00
2026-06-24 00:00:00;PROB_2406_13;theory;Distributions;0.75;Ошибка в части «вне μ±3σ»;sigma_rule;Normal Distribution;2026-07-16 00:00:00
2026-06-24 00:00:00;PROB_2406_14;theory;Expectation & Variance;1;Всё верно, включая вывод о минимуме при w=0;portfolio_variance;Applications;2026-07-16 00:00:00
2026-06-24 00:00:00;STAT_2406_01;statistics;Parametric Analysis;0.75;Нормальность и t-тест выбраны верно, но формулу статистики не помнила уверенно;one_sample_test_selection;One Sample Tests;2026-07-16 00:00:00
2026-06-24 00:00:00;STAT_2406_02;statistics;Parametric Analysis;0.75;Тест для двух долей выбран верно, но формулу не держишь в голове;two_independent_test_selection;Two Independent Samples;2026-07-16 00:00:00
2026-06-24 00:00:00;STAT_2406_03;statistics;Parametric Analysis;0.75;Правильно вспомнила χ²-тест и нормальность, но формулу не помнила уверенно;one_sample_test_selection;One Sample Tests;2026-07-16 00:00:00
2026-06-24 00:00:00;STAT_2406_04;statistics;Hypothesis Testing;1;Алгоритм проверки двух средних описан верно;test_selection;Test Selection;2026-07-16 00:00:00
2026-06-24 00:00:00;STAT_2406_05;statistics;Hypothesis Testing;1;Полная последовательность для трёх групп описана верно;test_selection;Test Selection;2026-07-16 00:00:00
2026-06-24 00:00:00;STAT_2406_06;statistics;Parametric Analysis;0.75;Тест выбран верно, но формулу z для доли не помнила сама;one_sample_test_selection;One Sample Tests;2026-07-16 00:00:00
2026-06-24 00:00:00;STAT_2406_07;statistics;Parametric Analysis;0.75;z-тест выбран верно, но формулу статистики подсматривала;one_sample_test_selection;One Sample Tests;2026-07-16 00:00:00
2026-06-25 00:00:00;SQL_2506_01;sql;SQL Core;1;Решено.;anti_join;Joins;2026-07-16 00:00:00
2026-06-25 00:00:00;SQL_2506_02;sql;SQL Core;0.75;Сначала условие про 2021 год поставила в условие соединения, потом разобралась, почему фильтр должен быть в WHERE.;join;Joins;2026-07-16 00:00:00
2026-06-25 00:00:00;SQL_2506_03;sql;SQL Core;0.75;Забыла DISTINCT.;join;Joins;2026-07-16 00:00:00
2026-06-25 00:00:00;SQL_2506_04;sql;SQL Core;0.75;Сначала забыла DISTINCT и условие по регистрации в WHERE. Похоже на вчерашнюю anti-join задачу, но это новая формулировка и новый кейс.;anti_join;Joins;2026-07-16 00:00:00
2026-06-25 00:00:00;SQL_2506_05;sql;SQL Core;1;Решено.;anti_join;Joins;2026-07-16 00:00:00
2026-06-25 00:00:00;SQL_2506_06;sql;Data Handling;1;Решено.;union_union_all;Set Operations;2026-07-16 00:00:00
2026-06-25 00:00:00;SQL_2506_07;sql;Data Handling;1;Решено.;union_union_all;Set Operations;2026-07-16 00:00:00
2026-06-25 00:00:00;SQL_2506_08;sql;SQL Core;0.25;Решила только с помощью ИИ. Нужно закрепить паттерн поиска второй по величине зарплаты и поведение NULL при отсутствии результата.;rank_dense_rank;Window Functions;2026-07-16 00:00:00
2026-06-25 00:00:00;SQL_2506_09;sql;Data Handling;0.5;"Решено с подсказкой ИИ; плохо помню синтаксис строковых функций.";string_cleanup;Strings;2026-07-16 00:00:00
2026-06-25 00:00:00;SQL_2506_10;sql;Data Handling;0;Не решила. Регулярные выражения и поиск кода DIAB1 как отдельного слова пока даются плохо.;regex;Strings;2026-07-16 00:00:00
2026-06-25 00:00:00;SQL_2506_11;sql;SQL Core;0.9;Решение в целом правильное. Можно было упростить флаг первого заказа через ROW_NUMBER() вместо отдельного join.;lag_lead;Window Functions;2026-07-16 00:00:00
2026-06-25 00:00:00;SQL_2506_12;sql;Data Handling;0.25;Была попытка, но со строковыми функциями пока плохо: не помню точный синтаксис SPLIT_PART / LEFT / REGEXP_REPLACE.;string_parsing;Strings;2026-07-16 00:00:00
2026-06-25 00:00:00;SQL_2506_13;sql;SQL Core;0.75;Две части решила верно. В третьем пункте запрос вернул бы пустой результат, а не NULL, если таблица пустая.;null_vs_empty_result;NULL Handling;2026-07-16 00:00:00
2026-06-25 00:00:00;SQL_2506_14;sql;SQL Core;1;Идеально. Паттерн top-N внутри группы поняла и проговорила.;topn_per_group;Window Functions;2026-07-16 00:00:00
2026-06-25 00:00:00;SQL_2506_15;sql;SQL Core;1;Идеально. Anti-join.;anti_join;Joins;2026-07-16 00:00:00
2026-06-25 00:00:00;SQL_2506_16;sql;SQL Core;1;Идеально. GROUP BY + HAVING COUNT(*) > 1.;having;Aggregation;2026-07-16 00:00:00
2026-06-25 00:00:00;SQL_2506_17;sql;Product Analytics;0.9;Структура retention правильная, были только опечатки в алиасах и EXTRACT.;retention;User Lifecycle;2026-07-16 00:00:00
2026-06-25 00:00:00;SQL_2506_18;sql;SQL Core;1;Верное решение через self join и подсчёт заказов за предыдущие 7 дней.;rolling_self_join;Time Series;2026-07-16 00:00:00
2026-06-25 00:00:00;SQL_2506_19;sql;SQL Core;0.75;Логика и структура правильные, ошибка из-за COUNT(... ELSE 0): нули тоже посчитались.;conditional_aggregation;Aggregation;2026-07-16 00:00:00
2026-06-25 00:00:00;SQL_2306_10;sql;SQL Core;0.75;Повтор задачи на максимальное количество неудачных попыток подряд. Ошибка: сравнила boolean со строкой (success = 'true'), но логика streak была правильная.;gaps_islands;Window Functions;2026-07-16 00:00:00
2026-06-25 00:00:00;SQL_2406_15;sql;SQL Core;0.75;Повтор anti-join задачи: пользователи, которые начали SQL Advanced, но не начали Python Advanced. Решение без EXISTS.;exists;Subqueries / CTE;2026-07-16 00:00:00
2026-06-25 00:00:00;PROB_2506_01;theory;Expectation & Variance;1;Решено верно: найдены E[Y|X=0], E[Y|X=2], закон полного матожидания проверен корректно.;conditional_expectation;Expectation;2026-07-16 00:00:00
2026-06-25 00:00:00;PROB_2506_02;theory;Expectation & Variance;1;Решено верно: найдены E[X|Y=1] и E[X|Y=3], проверка через полное матожидание корректна.;conditional_expectation;Expectation;2026-07-16 00:00:00
2026-06-25 00:00:00;PROB_2506_03;theory;Expectation & Variance;1;Решено верно через взвешенное среднее по типам клиентов.;conditional_expectation;Expectation;2026-07-16 00:00:00
2026-06-25 00:00:00;PROB_2506_04;theory;Distributions;1;Решено верно: использовано правило сигм для нормального распределения.;normal_distribution;Continuous;2026-07-16 00:00:00
2026-06-25 00:00:00;PROB_2506_05;theory;Distributions;1;Решено верно: доля брака через μ±2σ и вероятность X < μ−σ посчитаны корректно.;normal_distribution;Continuous;2026-07-16 00:00:00
2026-06-25 00:00:00;PROB_2506_06;theory;Distributions;1;Решено верно: интервал μ±σ и правый хвост выше μ+2σ определены корректно.;normal_distribution;Continuous;2026-07-16 00:00:00
2026-06-25 00:00:00;PROB_2506_07;theory;Distributions;0.75;Верхний порог для 2.5% найден верно, но нижний порог для 0.15% посчитан с ошибкой: должно быть 157 см, а не 151 см.;normal_distribution;Continuous;2026-07-16 00:00:00
2026-06-25 00:00:00;PROB_2506_08;theory;Expectation & Variance;1;Формулировка неравенства Чебышёва записана верно.;chebyshev_inequality;Inequalities;2026-07-16 00:00:00
2026-06-25 00:00:00;PROB_2506_09;theory;Expectation & Variance;0.75;"k=3 определён верно, но оценку Чебышёва нельзя делить пополам на один хвост; правильная верхняя оценка — 1/9.";chebyshev_inequality;Inequalities;2026-07-16 00:00:00
2026-06-25 00:00:00;PROB_2506_10;theory;Expectation & Variance;1;Решено верно: σ=2, событие соответствует 3σ, верхняя оценка по Чебышёву найдена правильно.;chebyshev_inequality;Inequalities;2026-07-16 00:00:00
2026-06-25 00:00:00;PROB_2506_11;theory;Distributions;1;Верно: сумма квадратов 3 независимых стандартных нормальных величин имеет χ²-распределение с 3 степенями свободы.;chi_square_distribution;Continuous;2026-07-16 00:00:00
2026-06-25 00:00:00;PROB_2506_12;theory;Distributions;1;Верно: получено t-распределение Стьюдента с 5 степенями свободы.;t_distribution;Continuous;2026-07-16 00:00:00
2026-06-25 00:00:00;STAT_2506_13;statistics;Parametric Analysis;1;По смыслу ответ верный: хи-квадрат — для категориальных данных/связи, t-критерий — для сравнения средних.;one_sample_test_selection;One Sample Tests;2026-07-16 00:00:00
2026-06-25 00:00:00;PROB_2506_14;theory;Probability;0.75;"Вероятность двух белых найдена верно, а вероятность события «первый белый ИЛИ второй белый» посчитана с ошибкой; правильный ответ 25/28.";multistage_probability;Bayes;2026-07-16 00:00:00
2026-06-25 00:00:00;PROB_2506_15;theory;Distributions;1;Верно применена формула биномиального распределения для P(X=2).;binomial;Discrete;2026-07-16 00:00:00
2026-06-25 00:00:00;PROB_2506_16;theory;Distributions;1;Верно: λ=0.1, вероятность P(T>15)=e^{-1.5}.;exponential_distribution;Continuous;2026-07-16 00:00:00
2026-06-25 00:00:00;STAT_2506_01;statistics;Parametric Analysis;0.75;Ответ по логике верный: данные не отвергают нормальность, нужен one-sample t-test, формула статистики записана верно. Но формула подсматривалась, поэтому не 1.;one_sample_test_selection;One Sample Tests;2026-07-16 00:00:00
2026-06-25 00:00:00;STAT_2506_02;statistics;Parametric Analysis;0.75;Верно выбран z-тест для равенства долей, формула корректна. Формула подсматривалась.;two_independent_test_selection;Two Independent Samples;2026-07-16 00:00:00
2026-06-25 00:00:00;STAT_2506_03;statistics;Parametric Analysis;0.75;Верно выбран one-sample z-test и записана формула, но формула подсматривалась.;one_sample_test_selection;One Sample Tests;2026-07-16 00:00:00
2026-06-25 00:00:00;STAT_2506_04;statistics;Hypothesis Testing;0.75;Полный алгоритм верный: нормальность не отвергается, дальше проверка равенства дисперсий, затем t-тест Стьюдента или Уэлча. Формулы и схема подсматривались.;test_selection;Test Selection;2026-07-16 00:00:00
2026-06-25 00:00:00;STAT_2506_05;statistics;Parametric Analysis;0.75;Верно: нормальность не отвергается, нужен χ²-тест для дисперсии, формула статистики корректна. Формула подсматривалась.;one_sample_test_selection;One Sample Tests;2026-07-16 00:00:00
2026-06-25 00:00:00;STAT_2506_06;statistics;Hypothesis Testing;0.75;Последовательность верная: проверка равенства дисперсий, затем ANOVA или альтернативный тест при нарушении предпосылок. Но формулы/алгоритм подсматривались.;test_selection;Test Selection;2026-07-16 00:00:00
2026-06-25 00:00:00;STAT_2506_07;statistics;Hypothesis Testing;0.75;Ответ верный: нормальность отвергается, сначала лог-преобразование, затем при необходимости другие преобразования или непараметрические методы. Но решение опиралось на подсмотренные формулировки.;data_transformation;Advanced Topics;2026-07-16 00:00:00
2026-06-25 00:00:00;STAT_2506_08;statistics;Parametric Analysis;0.75;Верно: после значимого ANOVA нужен post-hoc тест, например Tukey. Но это тоже из блока с подсмотром формул/алгоритмов.;parametric_post_hoc_test_selection;Post-hoc Tests;2026-07-16 00:00:00
2026-06-25 00:00:00;STAT_2506_09;statistics;Estimation;0.75;Формула доверительного интервала для среднего записана верно, стандартная ошибка названа правильно. Но формула подсматривалась.;interval_estimation;Confidence Intervals;2026-07-16 00:00:00
2026-06-25 00:00:00;STAT_2506_10;statistics;Estimation;0.75;Формула доверительного интервала для доли записана верно, но формула подсматривалась.;interval_estimation;Confidence Intervals;2026-07-16 00:00:00
2026-06-26 00:00:00;STAT_2606_01;statistics;Assumption Tests;0.25;Ответ с постоянным использованием конспекта. Плохо помнит критерий Шапиро–Уилка и область применения.;shapiro_test;Normality;2026-07-16 00:00:00
2026-06-26 00:00:00;STAT_2606_02;statistics;Assumption Tests;0.25;Ответ с использованием конспекта. Недостаточно уверенно помнит F-тест и проверяемую гипотезу.;fisher_f_test;Homogeneity of Variance;2026-07-16 00:00:00
2026-06-26 00:00:00;STAT_2606_03;statistics;Assumption Tests;0.25;Ответ с использованием конспекта. Критерий Бартлетта пока не запомнился.;bartlett_test;Homogeneity of Variance;2026-07-16 00:00:00
2026-06-26 00:00:00;STAT_2606_04;statistics;Parametric Analysis;0.25;Ответ с использованием конспекта. Неуверенное знание одновыборочного t-теста.;one_sample_t_test;One Sample Tests;2026-07-16 00:00:00
2026-06-26 00:00:00;STAT_2606_05;statistics;Parametric Analysis;0.25;Ответ с использованием конспекта. Неуверенное знание двухвыборочного t-теста.;two_sample_t_test;Two Independent Samples;2026-07-16 00:00:00
2026-06-26 00:00:00;STAT_2606_06;statistics;Parametric Analysis;0.25;Ответ с использованием конспекта. Критерий Уэлча пока запоминается слабо.;welch_test;Two Independent Samples;2026-07-16 00:00:00
2026-06-26 00:00:00;STAT_2606_07;statistics;Parametric Analysis;0.25;Ответ с использованием конспекта. Алгоритм применения ANOVA пока не закрепился.;anova;Multiple Independent Groups;2026-07-16 00:00:00
2026-06-26 00:00:00;STAT_2606_08;statistics;Parametric Analysis;0.25;Ответ с использованием конспекта. Назначение теста Тьюки запомнилось недостаточно.;tukey_test;Post-hoc Tests;2026-07-16 00:00:00
2026-06-26 00:00:00;STAT_2606_09;statistics;Parametric Analysis;0.25;Ответ с использованием конспекта. Назначение теста Даннетта пока не закрепилось.;dunnett_test;Post-hoc Tests;2026-07-16 00:00:00
2026-06-26 00:00:00;STAT_2606_10;statistics;Parametric Analysis;0.25;Ответ с использованием конспекта. Критерий Александера–Говерна изучен поверхностно.;alexander_govern_test;Multiple Independent Groups;2026-07-16 00:00:00
2026-06-26 00:00:00;STAT_2606_11;statistics;Parametric Analysis;0.25;Ответ с использованием конспекта. Неуверенное знание z-теста для одной доли.;z_test;One Sample Tests;2026-07-16 00:00:00
2026-06-26 00:00:00;STAT_2606_12;statistics;Parametric Analysis;0.25;Ответ с использованием конспекта. Критерий χ² для проверки дисперсии пока не запомнился.;chi_square_variance_test;One Sample Tests;2026-07-16 00:00:00
2026-06-26 00:00:00;STAT_2606_13;statistics;Hypothesis Testing;0.25;Полный алгоритм A/B-теста воспроизведён с использованием конспекта. Самостоятельное понимание пока недостаточно уверенное.;test_selection;Test Selection;2026-07-16 00:00:00
2026-06-27 00:00:00;SQL_2706_01;sql;SQL Core;1.00;Решено самостоятельно.;aggregation;Aggregation;2026-07-16 00:00:00
2026-06-27 00:00:00;SQL_2706_02;sql;SQL Core;1.00;Решено самостоятельно.;aggregation;Aggregation;2026-07-16 00:00:00
2026-06-27 00:00:00;SQL_2706_03;sql;SQL Core;1.00;Решено самостоятельно.;aggregation;Aggregation;2026-07-16 00:00:00
2026-06-27 00:00:00;SQL_2706_04;sql;SQL Core;1.00;Решено самостоятельно.;having;Aggregation;2026-07-16 00:00:00
2026-06-27 00:00:00;SQL_2706_05;sql;SQL Core;1.00;Решено самостоятельно.;having;Aggregation;2026-07-16 00:00:00
2026-06-27 00:00:00;SQL_2706_06;sql;SQL Core;0.75;Решено, но подсматривала синтаксис STRING_AGG.;aggregation;Aggregation;2026-07-16 00:00:00
2026-06-27 00:00:00;SQL_2706_07;sql;SQL Core;1.00;Решено самостоятельно.;having;Aggregation;2026-07-16 00:00:00
2026-06-27 00:00:00;SQL_2706_08;sql;Data Handling;0.25;Решено только с помощью ИИ, паттерн regex ещё не закреплён.;regex;Strings;2026-07-16 00:00:00
2026-06-27 00:00:00;SQL_2706_09;sql;SQL Core;0.75;Логика верная, ошибки с алиасами и AVG().;self_join;Joins;2026-07-16 00:00:00
2026-06-27 00:00:00;SQL_2706_10;sql;SQL Core;0.75;Логика self join верная, ошибка в диапазоне дат.;rolling_self_join;Time Series;2026-07-16 00:00:00
2026-06-27 00:00:00;SQL_2706_11;sql;SQL Core;1.00;Решено самостоятельно.;topn_per_group;Window Functions;2026-07-16 00:00:00
2026-06-27 00:00:00;SQL_2706_12;sql;SQL Core;1.00;Решено самостоятельно.;conditional_aggregation;Aggregation;2026-07-16 00:00:00
2026-06-27 00:00:00;SQL_2706_06;sql;SQL Core;1.00;Повтор задачи STRING_AGG, выполнено без ошибок.;aggregation;Aggregation;2026-07-16 00:00:00
2026-06-27 00:00:00;SQL_2706_08;sql;Data Handling;0.75;Повтор regex, исправлены ошибки в шаблоне ([A-Z] и +).;regex;Strings;2026-07-16 00:00:00
2026-06-27 00:00:00;SQL_2506_12;sql;Data Handling;0.50;Повтор задачи на разбор строки. Ошибка при получении фамилии и формировании инициалов.;string_parsing;Strings;2026-07-16 00:00:00
2026-06-27 00:00:00;SQL_2406_06;sql;SQL Core;0.50;Повтор Forward Fill. Структура верная, ошибка с LEFT JOIN/WHERE.;forward_fill;Window Functions;2026-07-16 00:00:00
2026-06-27 00:00:00;SQL_2406_10;sql;Product Analytics;0.5;Повтор Retention. Ошибки в названиях полей и расчёте процентов.;retention;User Lifecycle;2026-07-16 00:00:00
2026-06-27 00:00:00;SQL_2706_13;sql;SQL Core;1.00;Новый паттерн: накопительный баланс (running total).;running_aggregates;Window Functions;2026-07-16 00:00:00
2026-06-27 00:00:00;SQL_2306_10;sql;SQL Core;0.75;Повтор streak. Осталась синтаксическая ошибка CASE END.;gaps_islands;Window Functions;2026-07-16 00:00:00
2026-06-27 00:00:00;SQL_2506_19;sql;SQL Core;1.00;Повтор условной агрегации по департаментам.;conditional_aggregation;Aggregation;2026-07-16 00:00:00
2026-06-27 00:00:00;STAT_2706_01;statistics;Hypothesis Testing;0.50;Ответ с конспектом.;test_selection;Test Selection;2026-07-16 00:00:00
2026-06-27 00:00:00;STAT_2706_02;statistics;Hypothesis Testing;0.75;Ответ с конспектом.;statistical_power;Decision Making;2026-07-16 00:00:00
2026-06-27 00:00:00;STAT_2706_03;statistics;Hypothesis Testing;0.50;Неполный алгоритм.;test_selection;Test Selection;2026-07-16 00:00:00
2026-06-27 00:00:00;STAT_2706_04;statistics;Hypothesis Testing;0.50;Ответ с конспектом.;data_transformation;Advanced Topics;2026-07-16 00:00:00
2026-06-27 00:00:00;STAT_2706_05;statistics;Parametric Analysis;0.75;Ответ с конспектом.;one_sample_t_test;One Sample Tests;2026-07-16 00:00:00
2026-06-27 00:00:00;STAT_2706_06;statistics;Hypothesis Testing;0.75;Полная цепочка выбора теста.;test_selection;Test Selection;2026-07-16 00:00:00
2026-06-27 00:00:00;STAT_2706_07;statistics;Hypothesis Testing;0.25;Перепутаны средние и доли.;test_selection;Test Selection;2026-07-16 00:00:00
2026-06-27 00:00:00;STAT_2706_08;statistics;Parametric Analysis;0.25;Ошибочно выбрана проверка нормальности.;z_test;One Sample Tests;2026-07-16 00:00:00
2026-06-27 00:00:00;STAT_2706_09;statistics;Nonparametric Analysis;0.25;Не вспомнила критерий Александера—Говерна.;nonparametric_multiple_independent_selection;Multiple Independent Groups;2026-07-16 00:00:00
2026-06-27 00:00:00;STAT_2706_10;statistics;Parametric Analysis;0.75;Ответ с конспектом.;one_sample_t_test;One Sample Tests;2026-07-16 00:00:00
2026-06-27 00:00:00;STAT_2706_11;statistics;Hypothesis Testing;0.75;Ответ с конспектом.;test_selection;Test Selection;2026-07-16 00:00:00
2026-06-27 00:00:00;STAT_2706_12;statistics;Nonparametric Analysis;0.75;Хорошее понимание, использовался конспект.;nonparametric_post_hoc_test_selection;Post-hoc Tests;2026-07-16 00:00:00
2026-06-27 00:00:00;STAT_2706_13;statistics;Assumption Tests;0.75;Ответ с конспектом.;variance_assessment;Homogeneity of Variance;2026-07-16 00:00:00
2026-06-27 00:00:00;STAT_2706_14;statistics;Hypothesis Testing;0.25;Не ответила самостоятельно.;multiple_testing_correction;Advanced Topics;2026-07-16 00:00:00
2026-06-27 00:00:00;STAT_2706_15;statistics;A/B Testing;0.25;Не ответила самостоятельно.;ab_testing_design;Experiment Design;2026-07-16 00:00:00
2026-06-27 00:00:00;STAT_2706_16;statistics;A/B Testing;0.25;Не знала про peeking problem.;ab_testing_design;Experiment Design;2026-07-16 00:00:00
2026-06-27 00:00:00;STAT_2706_17;statistics;A/B Testing;0.75;Ответ с конспектом.;ab_testing_design;Experiment Design;2026-07-16 00:00:00
2026-06-27 00:00:00;STAT_2706_18;statistics;Parametric Analysis;0.50;Формула подсматривалась.;one_sample_t_test;One Sample Tests;2026-07-16 00:00:00
2026-06-27 00:00:00;STAT_2706_19;statistics;Parametric Analysis;0.50;Формула подсматривалась.;z_test;One Sample Tests;2026-07-16 00:00:00
2026-06-27 00:00:00;STAT_2706_20;statistics;Parametric Analysis;0.50;Формула подсматривалась.;chi_square_variance_test;One Sample Tests;2026-07-16 00:00:00
2026-06-27 00:00:00;STAT_2706_21;statistics;Estimation;0.50;Формула подсматривалась.;interval_estimation;Confidence Intervals;2026-07-16 00:00:00
2026-06-27 00:00:00;STAT_2706_22;statistics;Estimation;0.50;Формула подсматривалась.;interval_estimation;Confidence Intervals;2026-07-16 00:00:00
2026-06-27 00:00:00;STAT_2706_23;statistics;Hypothesis Testing;0.75;Ответ с конспектом.;test_selection;Test Selection;2026-07-16 00:00:00
2026-06-27 00:00:00;STAT_2706_24;statistics;Hypothesis Testing;0.75;Ответ с конспектом.;test_selection;Test Selection;2026-07-16 00:00:00
2026-06-27 00:00:00;STAT_2706_25;statistics;Hypothesis Testing;0.50;Формула Бонферрони подсматривалась.;multiple_testing_correction;Advanced Topics;2026-07-16 00:00:00
2026-06-27 00:00:00;STAT_2706_26;statistics;Hypothesis Testing;0.75;Ответ с конспектом.;hypothesis_decision;Decision Making;2026-07-16 00:00:00
2026-06-27 00:00:00;STAT_2706_27;statistics;A/B Testing;0.25;Тема MDE ещё не закреплена.;ab_testing_design;Experiment Design;2026-07-16 00:00:00
2026-06-27 00:00:00;STAT_2706_28;statistics;A/B Testing;0.75;Ответ с конспектом.;ab_testing_design;Experiment Design;2026-07-16 00:00:00
2026-06-27 00:00:00;STAT_2706_29;statistics;Experimental Design;0.25;Формула подсматривалась.;sample_size_estimation;Sampling;2026-07-16 00:00:00
2026-06-27 00:00:00;STAT_2706_30;statistics;Assumption Tests;0.25;Интерпретация QQ-plot неточная.;normality_assessment;Normality;2026-07-16 00:00:00
2026-06-27 00:00:00;STAT_2706_31;statistics;Assumption Tests;0.75;Ответ с конспектом.;variance_assessment;Homogeneity of Variance;2026-07-16 00:00:00
2026-06-27 00:00:00;STAT_2706_32;statistics;Parametric Analysis;0.75;Ответ с конспектом.;parametric_post_hoc_test_selection;Post-hoc Tests;2026-07-16 00:00:00
2026-06-28 00:00:00;STAT_2806_01;statistics;Assumption Tests;0.75;Верно определены тяжёлый хвост и асимметрия.;normality_assessment;Normality;2026-07-16 00:00:00
2026-06-28 00:00:00;STAT_2806_02;statistics;Assumption Tests;0.75;Верная интерпретация QQ-plot.;normality_assessment;Normality;2026-07-16 00:00:00
2026-06-28 00:00:00;STAT_2806_03;statistics;Hypothesis Testing;0.25;Алгоритм практически не воспроизведён самостоятельно.;test_selection;Test Selection;2026-07-16 00:00:00
2026-06-28 00:00:00;STAT_2806_04;statistics;Experimental Design;0.50;Формула верная, но источник σ указан неточно.;sample_size_estimation;Sampling;2026-07-16 00:00:00
2026-06-28 00:00:00;STAT_2806_05;statistics;Experimental Design;0.75;Формула и объяснение p=0.5 верны.;sample_size_estimation;Sampling;2026-07-16 00:00:00
2026-06-28 00:00:00;STAT_2806_06;statistics;Experimental Design;0.75;Расчёт выполнен верно.;sample_size_estimation;Sampling;2026-07-16 00:00:00
2026-06-28 00:00:00;STAT_2806_07;statistics;A/B Testing;0.25;Тема MDE пока не усвоена.;ab_testing_design;Experiment Design;2026-07-16 00:00:00
2026-06-28 00:00:00;STAT_2806_08;statistics;A/B Testing;0.25;Не смогла объяснить механизм peeking problem.;ab_testing_design;Experiment Design;2026-07-16 00:00:00
2026-06-28 00:00:00;STAT_2806_09;statistics;A/B Testing;0.25;Ответ сформирован после объяснения.;ab_testing_design;Experiment Design;2026-07-16 00:00:00
2026-06-28 00:00:00;STAT_2806_10;statistics;Hypothesis Testing;0.75;Формула Бонферрони записана верно.;multiple_testing_correction;Advanced Topics;2026-07-16 00:00:00
2026-06-28 00:00:00;STAT_2806_11;statistics;Hypothesis Testing;0.25;Не знала различий Холма и Бонферрони.;multiple_testing_correction;Advanced Topics;2026-07-16 00:00:00
2026-06-28 00:00:00;STAT_2806_12;statistics;Parametric Analysis;0.50;Неверно посчитано число сравнений.;parametric_post_hoc_test_selection;Post-hoc Tests;2026-07-16 00:00:00
2026-06-28 00:00:00;STAT_2806_13;statistics;Hypothesis Testing;0.75;Алгоритм почти полностью воспроизведён.;test_selection;Test Selection;2026-07-16 00:00:00
2026-06-28 00:00:00;STAT_2806_14;statistics;Assumption Tests;0.75;Верная интерпретация критерия Бартлетта.;variance_assessment;Homogeneity of Variance;2026-07-16 00:00:00
2026-06-28 00:00:00;STAT_2806_15;statistics;Hypothesis Testing;0.75;Правильно выбраны Краскела—Уоллис и Данн.;test_selection;Test Selection;2026-07-16 00:00:00
2026-06-28 00:00:00;STAT_2806_16;statistics;Parametric Analysis;0.75;Логически выбрала парный t-тест.;paired_t_test;Paired Samples;2026-07-16 00:00:00
2026-06-28 00:00:00;STAT_2806_17;statistics;Estimation;0.50;Формула подсматривалась.;standard_error;Estimation Concepts;2026-07-16 00:00:00
2026-06-28 00:00:00;STAT_2806_18;statistics;Parametric Analysis;0.50;Формула подсматривалась.;one_sample_t_test;One Sample Tests;2026-07-16 00:00:00
2026-06-28 00:00:00;STAT_2806_19;statistics;Parametric Analysis;0.50;Формула подсматривалась.;z_test;One Sample Tests;2026-07-16 00:00:00
2026-06-28 00:00:00;STAT_2806_20;statistics;Estimation;0.50;Формула подсматривалась.;interval_estimation;Confidence Intervals;2026-07-16 00:00:00
2026-06-28 00:00:00;STAT_2806_21;statistics;Estimation;0.50;Формула подсматривалась.;interval_estimation;Confidence Intervals;2026-07-16 00:00:00
2026-06-28 00:00:00;STAT_2806_22;statistics;Parametric Analysis;0.50;Формула подсматривалась.;chi_square_variance_test;One Sample Tests;2026-07-16 00:00:00
2026-06-28 00:00:00;STAT_2806_23;statistics;Experimental Design;0.50;Формула подсматривалась.;sample_size_estimation;Sampling;2026-07-16 00:00:00
2026-06-29 00:00:00;SQL_2906_01;sql;SQL Theory;0.50;Ответ с конспектом, базовое понимание.;constraints;Basics;2026-07-16 00:00:00
2026-06-29 00:00:00;SQL_2906_02;sql;SQL Theory;0.50;Хорошо разобралась после разбора, но активно пользовалась лекцией.;sql_commands;Basics;2026-07-16 00:00:00
2026-06-29 00:00:00;SQL_2906_03;sql;SQL Theory;0.50;Все группы вспомнила с помощью конспекта.;sql_commands;Basics;2026-07-16 00:00:00
2026-06-29 00:00:00;SQL_2906_04;sql;SQL Theory;0.50;Понимание есть, но ответ формировался по лекции.;constraints;Basics;2026-07-16 00:00:00
2026-06-29 00:00:00;SQL_2906_05;sql;SQL Theory;0.00;Новая тема, индексы пока понимаются слабо.;indexes;Performance;2026-07-16 00:00:00
2026-06-29 00:00:00;SQL_2906_06;sql;Data Handling;0.75;Верный regex, пропущен END в CASE.;regex;Strings;2026-07-16 00:00:00
2026-06-29 00:00:00;SQL_2906_07;sql;Data Handling;1.00;Pivot выполнен без ошибок.;pivot_unpivot;Data Reshaping;2026-07-16 00:00:00
2026-06-29 00:00:00;SQL_2906_08;sql;SQL Core;1.00;ARRAY_AGG с DISTINCT и ORDER BY выполнен идеально.;aggregation;Aggregation;2026-07-16 00:00:00
2026-06-29 00:00:00;SQL_2906_09;sql;SQL Core;0.75;Верная идея, лучше использовать LEFT JOIN.;as_of_join;Joins;2026-07-16 00:00:00
2026-06-29 00:00:00;SQL_2906_10;sql;SQL Core;0.75;Правильно разобран grain и логика запроса.;sql_reading;Basics;2026-07-16 00:00:00
2026-06-29 00:00:00;SQL_2906_11;sql;Product Analytics;0.50;Ошибки в знаменателе и расчёте процентов.;retention;User Lifecycle;2026-07-16 00:00:00
2026-06-29 00:00:00;SQL_2906_12;sql;SQL Core;1.00;EXISTS, IN и объяснение различий выполнены отлично.;exists;Subqueries / CTE;2026-07-16 00:00:00
2026-06-29 00:00:00;SQL_2706_10;sql;SQL Core;1.00;Повтор выполнен без ошибок.;rolling_self_join;Time Series;2026-07-16 00:00:00
2026-06-29 00:00:00;SQL_2906_14;sql;SQL Core;0.50;Логика верная, ошибка с CROSS JOIN.;as_of_join;Joins;2026-07-16 00:00:00
2026-06-29 00:00:00;SQL_2906_15;sql;SQL Core;0.50;Правильная идея, реализация не доведена.;rolling_generate_series;Time Series;2026-07-16 00:00:00
2026-06-29 00:00:00;SQL_2906_16;sql;SQL Core;0.25;Логику поняла, синтаксис рекурсивного CTE пока не знала.;recursive_cte;Subqueries / CTE;2026-07-16 00:00:00
2026-06-29 00:00:00;SQL_2906_17;sql;SQL Core;0.75;Логика верная, небольшая синтаксическая ошибка.;conditional_aggregation;Aggregation;2026-07-16 00:00:00
2026-06-29 00:00:00;STAT_2906_01;statistics;Hypothesis Testing;0.50;Перепутано критическое значение (1.96 вместо 1.645), область указана верно.;critical_region;Foundations;2026-07-16 00:00:00
2026-06-29 00:00:00;STAT_2906_02;statistics;Hypothesis Testing;0.75;Ответ с подсмотром, критические области указаны верно.;critical_region;Foundations;2026-07-16 00:00:00
2026-06-29 00:00:00;STAT_2906_03;statistics;Hypothesis Testing;0.75;Верно, использовалась таблица критических значений.;critical_region;Foundations;2026-07-16 00:00:00
2026-06-29 00:00:00;STAT_2906_04;statistics;Hypothesis Testing;0.75;Верно, использовалась таблица χ².;critical_region;Foundations;2026-07-16 00:00:00
2026-06-29 00:00:00;STAT_2906_05;statistics;Assumption Tests;0.75;Ответ с конспектом.;shapiro_test;Normality;2026-07-16 00:00:00
2026-06-29 00:00:00;STAT_2906_06;statistics;Assumption Tests;0.75;Ответ с конспектом.;shapiro_test;Normality;2026-07-16 00:00:00
2026-06-29 00:00:00;STAT_2906_07;statistics;Hypothesis Testing;0.75;Алгоритм воспроизведён с подсказками.;test_selection;Test Selection;2026-07-16 00:00:00
2026-06-29 00:00:00;STAT_2906_08;statistics;Assumption Tests;0.75;Хорошее понимание различий тестов, использовался конспект.;normality_assessment;Normality;2026-07-16 00:00:00
2026-06-29 00:00:00;STAT_2906_09;statistics;Hypothesis Testing;0.75;Ответ с подсмотром, логика понятна.;test_selection;Test Selection;2026-07-16 00:00:00
2026-06-29 00:00:00;STAT_2906_10;statistics;Hypothesis Testing;0.75;Верно, использовался конспект.;test_selection;Test Selection;2026-07-16 00:00:00
2026-06-29 00:00:00;STAT_2906_11;statistics;Nonparametric Analysis;0.75;Верно, тест Данна назван правильно.;nonparametric_post_hoc_test_selection;Post-hoc Tests;2026-07-16 00:00:00
2026-06-29 00:00:00;STAT_2906_12;statistics;Nonparametric Analysis;0.75;Правильный выбор Манна—Уитни.;nonparametric_two_independent_selection;Two Independent Samples;2026-07-16 00:00:00
2026-06-29 00:00:00;STAT_2906_13;statistics;Nonparametric Analysis;0.50;Не до конца понимала нормальную аппроксимацию.;mann_whitney_test;Two Independent Samples;2026-07-16 00:00:00
2026-06-29 00:00:00;STAT_2906_14;statistics;Estimation;0.75;Формула подсматривалась.;standard_error;Estimation Concepts;2026-07-16 00:00:00
2026-06-29 00:00:00;STAT_2906_15;statistics;Parametric Analysis;0.75;Формула подсматривалась.;one_sample_t_test;One Sample Tests;2026-07-16 00:00:00
2026-06-29 00:00:00;STAT_2906_16;statistics;Parametric Analysis;0.75;Формула подсматривалась.;z_test;One Sample Tests;2026-07-16 00:00:00
2026-06-29 00:00:00;STAT_2906_17;statistics;Parametric Analysis;0.75;Формула подсматривалась.;chi_square_variance_test;One Sample Tests;2026-07-16 00:00:00
2026-06-29 00:00:00;STAT_2906_18;statistics;Estimation;0.75;Формула подсматривалась.;interval_estimation;Confidence Intervals;2026-07-16 00:00:00
2026-06-29 00:00:00;STAT_2906_19;statistics;Estimation;0.50;Опечатка в формуле, структура сохранена.;interval_estimation;Confidence Intervals;2026-07-16 00:00:00
2026-06-29 00:00:00;PROB_2906_01;theory;Probability;1.00;Решено полностью верно.;classical_probability;Basics;2026-07-16 00:00:00
2026-06-29 00:00:00;PROB_2906_02;theory;Probability;1.00;Формула Байеса применена верно.;bayes;Bayes;2026-07-16 00:00:00
2026-06-29 00:00:00;PROB_2906_03;theory;Probability;1.00;Верное применение формулы Байеса для медицинского теста.;bayes;Bayes;2026-07-16 00:00:00
2026-06-29 00:00:00;PROB_2906_04;theory;Distributions;1.00;Решено верно.;binomial;Discrete;2026-07-16 00:00:00
2026-06-29 00:00:00;PROB_2906_05;theory;Distributions;1.00;Все распределения определены правильно.;distribution_identification;Distribution Concepts;2026-07-16 00:00:00
2026-06-29 00:00:00;PROB_2906_06;theory;Distributions;1.00;Верные вычисления.;poisson;Discrete;2026-07-16 00:00:00
2026-06-29 00:00:00;PROB_2906_07;theory;Distributions;1.00;Верно найдены λ и вероятность.;exponential_distribution;Continuous;2026-07-16 00:00:00
2026-06-29 00:00:00;PROB_2906_08;theory;Distributions;0.75;Ошибка в формуле вероятности геометрического распределения.;geometric;Discrete;2026-07-16 00:00:00
2026-06-29 00:00:00;PROB_2906_09;theory;Distributions;1.00;Решено полностью верно.;uniform_distribution;Continuous;2026-07-16 00:00:00
2026-06-29 00:00:00;PROB_2906_10;theory;Distributions;1.00;Верно использовано правило двух сигм.;normal_distribution;Continuous;2026-07-16 00:00:00
2026-06-29 00:00:00;PROB_2906_11;theory;Dependence;1.00;Все характеристики найдены верно.;covariance;Covariance;2026-07-16 00:00:00
2026-06-29 00:00:00;PROB_2906_12;theory;Expectation & Variance;0.50;Перепутаны условные вероятности при вычислении E[Y│X].;conditional_expectation;Expectation;2026-07-16 00:00:00
2026-06-29 00:00:00;PROB_2906_13;theory;Expectation & Variance;1.00;Решено полностью верно.;variance_properties;Variance;2026-07-16 00:00:00
2026-06-29 00:00:00;PROB_2906_14;theory;Expectation & Variance;0.75;Ошибка при вычислении ковариации (потерян ноль), остальное верно.;portfolio_variance;Applications;2026-07-16 00:00:00
2026-06-29 00:00:00;PROB_2906_15;theory;Distributions;1.00;Правило трёх сигм воспроизведено верно.;sigma_rule;Normal Distribution;2026-07-16 00:00:00
2026-06-29 00:00:00;PROB_2906_16;theory;Expectation & Variance;0.50;Формула записана верно, уточнено, что это верхняя оценка вероятности.;chebyshev_inequality;Inequalities;2026-07-16 00:00:00
2026-06-29 00:00:00;PROB_2906_17;theory;Probability;1.00;Отличное понимание независимости и несовместности.;independence;Conditional;2026-07-16 00:00:00
2026-06-29 00:00:00;PROB_2906_18;theory;Dependence;1.00;Контрпример приведён правильно.;correlation_interpretation;Covariance;2026-07-16 00:00:00
2026-06-29 00:00:00;PROB_2906_19;theory;Distributions;1.00;Связь распределений объяснена верно.;distribution_properties;Distribution Concepts;2026-07-16 00:00:00
2026-06-29 00:00:00;PROB_2906_20;theory;Distributions;0.5;Связь нормального, χ² и t-распределений объяснена неполно.;distribution_properties;Distribution Concepts;2026-07-16 00:00:00
2026-07-01 00:00:00;SQL_0107_06;sql;SQL Core;0.75;Решение верное, была опечатка, запрос можно было упростить.;join;Joins;2026-07-16 00:00:00
2026-07-01 00:00:00;SQL_0107_07;sql;SQL Core;1.00;Решено самостоятельно.;anti_join;Joins;2026-07-16 00:00:00
2026-07-01 00:00:00;SQL_0107_08;sql;SQL Core;1.00;Решено самостоятельно.;conditional_aggregation;Aggregation;2026-07-16 00:00:00
2026-07-01 00:00:00;SQL_0107_09;sql;SQL Core;1.00;Решено самостоятельно.;conditional_aggregation;Aggregation;2026-07-16 00:00:00
2026-07-01 00:00:00;SQL_0107_10;sql;SQL Core;1.00;STRING_AGG использован правильно.;aggregation;Aggregation;2026-07-16 00:00:00
2026-07-01 00:00:00;SQL_0107_11;sql;Data Modeling;0.25;Решено только с помощью ИИ.;deduplication;Data Quality;2026-07-16 00:00:00
2026-07-01 00:00:00;SQL_0107_12;sql;Data Handling;0.00;Самостоятельно решить не удалось.;regex;Strings;2026-07-16 00:00:00
2026-07-01 00:00:00;SQL_0107_13;sql;SQL Core;0.9;Логика верная, были небольшие синтаксические ошибки.;rank_dense_rank;Window Functions;2026-07-16 00:00:00
2026-07-01 00:00:00;SQL_0107_14;sql;SQL Core;0.75;Паттерн понят, но несколько опечаток в запросе.;gaps_islands;Window Functions;2026-07-16 00:00:00
2026-07-01 00:00:00;SQL_0107_15;sql;SQL Core;1.00;Отлично разобран запрос и определён grain.;sql_reading;Basics;2026-07-16 00:00:00
2026-07-01 00:00:00;SQL_0107_16;sql;Product Analytics;0.75;Логика retention правильная, несколько синтаксических ошибок.;retention;User Lifecycle;2026-07-16 00:00:00
2026-07-01 00:00:00;SQL_0107_17;sql;SQL Core;0.75;Хорошее понимание NOT EXISTS и LEFT JOIN, корректно объяснена проблема NOT IN.;exists;Subqueries / CTE;2026-07-16 00:00:00
2026-07-01 00:00:00;SQL_0107_01;sql;SQL Theory;0.5;Отличный ответ. Дополнительно изучено ON DELETE SET NULL.;constraints;Basics;2026-07-16 00:00:00
2026-07-01 00:00:00;SQL_0107_02;sql;SQL Theory;0.5;Понимание верное, но потребовалась корректировка формулировки связи M:M.;table_relationships;Data Modeling;2026-07-16 00:00:00
2026-07-01 00:00:00;SQL_0107_03;sql;SQL Theory;1.00;Правильно объяснено различие между COUNT(*) и COUNT(column).;null_handling;NULL Handling;2026-07-16 00:00:00
2026-07-01 00:00:00;SQL_0107_04;sql;SQL Theory;0.75;Понимание правильное, ответ был слишком кратким.;constraints;Basics;2026-07-16 00:00:00
2026-07-01 00:00:00;SQL_0107_05;sql;SQL Theory;0.5;Верная идея, но не хватило упоминания ссылочной целостности и CASCADE.;constraints;Basics;2026-07-16 00:00:00
2026-07-01 00:00:00;STAT_0107_01;statistics;Experimental Design;0.75;Определения верные, пример зависимых выборок оказался неточным.;dependent_vs_independent_samples;Study Design;2026-07-16 00:00:00
2026-07-01 00:00:00;STAT_0107_02;statistics;Experimental Design;0.5;Ответ правильный.;dependent_vs_independent_samples;Study Design;2026-07-16 00:00:00
2026-07-01 00:00:00;STAT_0107_03;statistics;Experimental Design;0.5;Верно определён тип выборок и критерий.;dependent_vs_independent_samples;Study Design;2026-07-16 00:00:00
2026-07-01 00:00:00;STAT_0107_04;statistics;Parametric Analysis;0.5;Отличное понимание идеи парного t-теста.;paired_t_test;Paired Samples;2026-07-16 00:00:00
2026-07-01 00:00:00;STAT_0107_05;statistics;Parametric Analysis;0.5;Правильно выбран критерий и альтернатива.;paired_test_selection;Paired Samples;2026-07-16 00:00:00
2026-07-01 00:00:00;STAT_0107_06;statistics;Parametric Analysis;0.5;Тема повторных измерений пока понята не полностью.;repeated_measures_anova;Multiple Paired Groups;2026-07-16 00:00:00
2026-07-01 00:00:00;STAT_0107_07;statistics;Parametric Analysis;0.5;Ответ правильный.;paired_test_selection;Paired Samples;2026-07-16 00:00:00
2026-07-01 00:00:00;STAT_0107_08;statistics;Hypothesis Testing;0.5;Итоговый вывод верный, но возникла путаница в формулировке правила.;critical_region;Foundations;2026-07-16 00:00:00
2026-07-01 00:00:00;STAT_0107_09;statistics;Parametric Analysis;0.5;Ответ правильный.;multiple_paired_test_selection;Multiple Paired Groups;2026-07-16 00:00:00
2026-07-01 00:00:00;STAT_0107_10;statistics;Parametric Analysis;0.5;Хорошее понимание назначения критерия знаков.;paired_test_selection;Paired Samples;2026-07-16 00:00:00
2026-07-01 00:00:00;STAT_0107_11;statistics;Hypothesis Testing;0.5;Перепутаны области применения критериев.;test_selection;Test Selection;2026-07-16 00:00:00
2026-07-01 00:00:00;STAT_0107_12;statistics;Hypothesis Testing;0.5;Ответ правильный.;test_selection;Test Selection;2026-07-16 00:00:00
2026-07-01 00:00:00;STAT_0107_13;statistics;Nonparametric Analysis;0.5;Правильно выбран тест Данна.;nonparametric_post_hoc_test_selection;Post-hoc Tests;2026-07-16 00:00:00
2026-07-01 00:00:00;STAT_0107_14;statistics;Hypothesis Testing;0.5;Логика правила вызвала затруднения.;critical_region;Foundations;2026-07-16 00:00:00
2026-07-01 00:00:00;STAT_0107_15;statistics;Hypothesis Testing;0.5;Решение принято правильно, но правило ещё не закрепилось.;critical_region;Foundations;2026-07-16 00:00:00
2026-07-01 00:00:00;STAT_0107_16;statistics;Hypothesis Testing;0.5;Решение верное, понимание критической области пока нестабильное.;critical_region;Foundations;2026-07-16 00:00:00
2026-07-01 00:00:00;STAT_0107_17;statistics;Hypothesis Testing;0.5;В таблице критериев осталось несколько пробелов и неточностей.;test_selection;Test Selection;2026-07-16 00:00:00
2026-07-02 00:00:00;SQL_0207_01;sql;SQL Theory;0.50;Логика LEFT JOIN понятна, но возникли затруднения с подсчётом максимального числа строк.;join_concepts;Joins;2026-07-16 00:00:00
2026-07-02 00:00:00;SQL_0207_02;sql;SQL Theory;0.75;Правильная идея, потребовалось уточнение случая с агрегатами без GROUP BY.;aggregation_concepts;Aggregation;2026-07-16 00:00:00
2026-07-02 00:00:00;SQL_0207_03;sql;SQL Theory;0.75;Различия WHERE и HAVING понятны, но порядок выполнения запроса воспроизведён не полностью.;aggregation_concepts;Aggregation;2026-07-16 00:00:00
2026-07-02 00:00:00;SQL_0207_04;sql;SQL Theory;1.00;Отличное понимание COALESCE и практического применения после LEFT JOIN.;null_handling;NULL Handling;2026-07-16 00:00:00
2026-07-02 00:00:00;SQL_0207_05;sql;SQL Theory;0;Тема архитектурных отличий PostgreSQL пока не закрепилась, ответ дан с помощью конспекта.;dbms_architecture;DBMS;2026-07-16 00:00:00
2026-07-02 00:00:00;SQL_0207_06;sql;SQL Core;0.75;Решение верное, сначала забыла GROUP BY.;aggregation;Aggregation;2026-07-16 00:00:00
2026-07-02 00:00:00;SQL_0207_07;sql;SQL Core;0.75;Решила через оконные функции вместо MODE().;aggregation;Aggregation;2026-07-16 00:00:00
2026-07-02 00:00:00;SQL_0207_08;sql;SQL Core;1.00;Решение верное.;aggregation;Aggregation;2026-07-16 00:00:00
2026-07-02 00:00:00;SQL_0207_09;sql;SQL Core;1.00;Решение верное.;aggregation;Aggregation;2026-07-16 00:00:00
2026-07-02 00:00:00;SQL_0207_10;sql;SQL Core;1.00;Решение верное.;percentile_functions;Window Functions;2026-07-16 00:00:00
2026-07-02 00:00:00;SQL_0207_11;sql;Data Handling;0.50;Решила с подсмотром и большими сомнениями.;regex;Strings;2026-07-16 00:00:00
2026-07-02 00:00:00;SQL_0207_12;sql;Data Modeling;0.50;DELETE написан с подсмотром решения.;deduplication;Data Quality;2026-07-16 00:00:00
2026-07-02 00:00:00;SQL_0207_13;sql;SQL Core;0.75;Логика правильная, ошибка только в синтаксисе generate_series.;forward_fill;Window Functions;2026-07-16 00:00:00
2026-07-02 00:00:00;SQL_0207_14;sql;SQL Core;1.00;Решение верное.;running_aggregates;Window Functions;2026-07-16 00:00:00
2026-07-02 00:00:00;SQL_0207_15;sql;Product Analytics;0.50;Ошибка в расчёте когорт за последние 7 дней.;retention;User Lifecycle;2026-07-16 00:00:00
2026-07-02 00:00:00;SQL_0207_16;sql;SQL Core;0.75;EXISTS уверенно, ALL изучала по документации.;exists;Subqueries / CTE;2026-07-16 00:00:00
2026-07-02 00:00:00;SQL_2906_14;sql;SQL Core;1.00;Повторение, задача решена полностью самостоятельно.;as_of_join;Joins;2026-07-16 00:00:00
2026-07-02 00:00:00;SQL_2906_15;sql;SQL Core;1.00;Повторение, исправлена логика с генерацией всех комбинаций пользователь × день.;rolling_generate_series;Time Series;2026-07-16 00:00:00
2026-07-02 00:00:00;SQL_2906_17;sql;SQL Core;1.00;Повторение, задача решена самостоятельно.;conditional_aggregation;Aggregation;2026-07-16 00:00:00
2026-07-02 00:00:00;SQL_0207_17;sql;SQL Core;0.25;Решение списано, синтаксис WITH RECURSIVE пока не усвоен.;recursive_cte;Subqueries / CTE;2026-07-16 00:00:00
2026-07-02 00:00:00;SQL_0207_18;sql;SQL Core;0.75;Логика правильная, была опечатка в условии JOIN.;exists;Subqueries / CTE;2026-07-16 00:00:00
2026-07-02 00:00:00;SQL_0207_19;sql;SQL Core;1.00;Решение верное.;lag_lead;Window Functions;2026-07-16 00:00:00
2026-07-03 00:00:00;SQL_0307_01;sql;SQL Core;1.00;Решение верное.;aggregation;Aggregation;2026-07-16 00:00:00
2026-07-03 00:00:00;SQL_0307_02;sql;SQL Core;1.00;Решение верное.;aggregation;Aggregation;2026-07-16 00:00:00
2026-07-03 00:00:00;SQL_0307_03;sql;SQL Core;1.00;Решение верное.;having;Aggregation;2026-07-16 00:00:00
2026-07-03 00:00:00;SQL_0307_04;sql;SQL Core;1.00;Решение верное.;aggregation;Aggregation;2026-07-16 00:00:00
2026-07-03 00:00:00;SQL_0307_05;sql;SQL Core;1.00;Решение верное.;lag_lead;Window Functions;2026-07-16 00:00:00
2026-07-03 00:00:00;SQL_0307_06;sql;SQL Core;1.00;Решение верное.;exists;Subqueries / CTE;2026-07-16 00:00:00
2026-07-03 00:00:00;SQL_0307_07;sql;SQL Core;1.00;Решение верное.;exists;Subqueries / CTE;2026-07-16 00:00:00
2026-07-03 00:00:00;SQL_0307_08;sql;SQL Core;1.00;Решение верное.;any_all;Subqueries / CTE;2026-07-16 00:00:00
2026-07-03 00:00:00;SQL_0307_09;sql;SQL Core;1.00;Решение верное.;any_all;Subqueries / CTE;2026-07-16 00:00:00
2026-07-03 00:00:00;SQL_0307_10;sql;SQL Core;0.50;Запутало неоднозначное условие задачи.;conditional_aggregation;Aggregation;2026-07-16 00:00:00
2026-07-03 00:00:00;SQL_0307_11;sql;Data Handling;0.50;Regex пока решается с подсмотром.;regex;Strings;2026-07-16 00:00:00
2026-07-03 00:00:00;SQL_0307_12;sql;SQL Theory;0.50;DDL-команды пока требуют подсказок.;sql_commands;Basics;2026-07-16 00:00:00
2026-07-03 00:00:00;SQL_0307_13;sql;Data Handling;1.00;Решение верное, дополнительно разобран COALESCE.;pivot_unpivot;Data Reshaping;2026-07-16 00:00:00
2026-07-03 00:00:00;SQL_0307_14;sql;SQL Core;0.75;Логика верная, были опечатки и нужен LEFT JOIN вместо JOIN.;self_join;Joins;2026-07-16 00:00:00
2026-07-03 00:00:00;SQL_0307_15;sql;SQL Core;0.75;Почти всё объяснила правильно, один нюанс по WHERE.;sql_reading;Basics;2026-07-16 00:00:00
2026-07-03 00:00:00;SQL_0307_16;sql;Product Analytics;0.75;Логика верная, ошибки в DATE_TRUNC и интервале.;retention;User Lifecycle;2026-07-16 00:00:00
2026-07-03 00:00:00;SQL_0307_17;sql;SQL Core;0.50;EXISTS понятен, но задачи с возвратами пока вызывают сложности.;exists;Subqueries / CTE;2026-07-16 00:00:00
2026-07-04 00:00:00;SQL_0407_01;sql;SQL Theory;0.50;Ответ с конспектом. Понимание есть, но пока неуверенно.;null_handling;NULL Handling;2026-07-16 00:00:00
2026-07-04 00:00:00;SQL_0407_02;sql;SQL Theory;0.75;Ответ практически самостоятельный.;sql_commands;Basics;2026-07-16 00:00:00
2026-07-04 00:00:00;SQL_0407_03;sql;SQL Theory;0.50;Ответ с конспектом. Правильно вспомнила ограничение UNIQUE.;constraints;Basics;2026-07-16 00:00:00
2026-07-04 00:00:00;SQL_0407_04;sql;SQL Theory;0.75;Ответ практически самостоятельный, различия объяснила правильно.;window_function_concepts;Window Functions;2026-07-16 00:00:00
2026-07-04 00:00:00;SQL_0407_05;sql;SQL Theory;0.50;Ответ с конспектом. Правильно указала использование CASCADE.;constraints;Basics;2026-07-16 00:00:00
2026-07-04 00:00:00;SQL_0407_06;sql;SQL Core;1.00;Решение верное.;rank_dense_rank;Window Functions;2026-07-16 00:00:00
2026-07-04 00:00:00;SQL_0407_07;sql;SQL Core;1.00;Решение верное.;rank_dense_rank;Window Functions;2026-07-16 00:00:00
2026-07-04 00:00:00;SQL_0407_08;sql;SQL Core;0.75;Решение верное, синтаксис NTILE подсматривала.;ntile;Window Functions;2026-07-16 00:00:00
2026-07-04 00:00:00;SQL_0407_09;sql;SQL Core;1.00;Решение верное.;row_number;Window Functions;2026-07-16 00:00:00
2026-07-04 00:00:00;SQL_0407_10;sql;SQL Core;1.00;Решение верное.;row_number;Window Functions;2026-07-16 00:00:00
2026-07-04 00:00:00;SQL_0407_11;sql;Data Handling;0.75;Проверка номера верная, при очистке были ошибки в regexp_replace и CASE.;regex;Strings;2026-07-16 00:00:00
2026-07-04 00:00:00;SQL_0407_12;sql;SQL Core;0.25;Часть А выполнена с подсмотром, часть Б пока не решается самостоятельно.;recursive_cte;Subqueries / CTE;2026-07-16 00:00:00
2026-07-04 00:00:00;SQL_0407_13;sql;Data Handling;0.75;UNION ALL выполнен верно, не учтено деление на ноль при расчёте growth.;union_union_all;Set Operations;2026-07-16 00:00:00
2026-07-04 00:00:00;SQL_0407_14;sql;SQL Core;1.00;Решение верное.;self_join;Joins;2026-07-16 00:00:00
2026-07-04 00:00:00;SQL_0407_15;sql;Product Analytics;0.75;Структура правильная, ошибки в расчёте month_diff и опечатка.;retention;User Lifecycle;2026-07-16 00:00:00
2026-07-04 00:00:00;SQL_0407_16;sql;SQL Core;0.75;Задача А решена полностью, задача Б пока не получилась.;exists;Subqueries / CTE;2026-07-16 00:00:00
2026-07-06 00:00:00;SQL_0607_01;sql;SQL Core;1.00;Решено самостоятельно.;row_number;Window Functions;2026-07-16 00:00:00
2026-07-06 00:00:00;SQL_0607_02;sql;SQL Core;0.5;Решено только с помощью ИИ. Не знала DISTINCT ON и особенности LAST_VALUE.;window_functions;Window Functions;2026-07-16 00:00:00
2026-07-06 00:00:00;SQL_0607_03;sql;SQL Core;1.00;Решено самостоятельно.;lag_lead;Window Functions;2026-07-16 00:00:00
2026-07-06 00:00:00;SQL_0607_04;sql;SQL Core;1.00;Решено самостоятельно.;lag_lead;Window Functions;2026-07-16 00:00:00
2026-07-06 00:00:00;SQL_0607_05;sql;SQL Core;1.00;Решено самостоятельно.;lag_lead;Window Functions;2026-07-16 00:00:00
2026-07-07 00:00:00;SQL_0707_01;sql;SQL Theory;0.50;"Ответ в целом правильный, но использовались конспекты; объяснение причины запрета NULL уточнено.";constraints;Basics;2026-07-16 00:00:00
2026-07-07 00:00:00;SQL_0707_02;sql;SQL Theory;0.50;Ответ правильный, но с использованием конспектов.;sql_commands;Basics;2026-07-16 00:00:00
2026-07-07 00:00:00;SQL_0707_03;sql;SQL Theory;0.50;"Правильное объяснение ссылочной целостности, использовались конспекты; не упомянута возможность ссылки на UNIQUE.";constraints;Basics;2026-07-16 00:00:00
2026-07-07 00:00:00;SQL_0707_04;sql;SQL Theory;0.50;Основные различия названы, но потребовались существенные дополнения (ON DELETE, триггеры, работа с внешними ключами). Ответ с подсмотрами.;sql_commands;Basics;2026-07-16 00:00:00
2026-07-07 00:00:00;SQL_0707_05;sql;SQL Theory;0.50;Верное понимание индексов для внешнего ключа, ответ с использованием конспектов.;indexes;Performance;2026-07-16 00:00:00
2026-07-07 00:00:00;SQL_0707_06;sql;SQL Core;0.25;Решено с помощью ИИ. Новый материал по CUME_DIST().;percentile_functions;Window Functions;2026-07-16 00:00:00
2026-07-07 00:00:00;SQL_0707_07;sql;SQL Core;1.00;Решено самостоятельно.;running_aggregates;Window Functions;2026-07-16 00:00:00
2026-07-07 00:00:00;SQL_0707_08;sql;SQL Core;1.00;Решено самостоятельно.;window_functions;Window Functions;2026-07-16 00:00:00
2026-07-07 00:00:00;SQL_0707_09;sql;SQL Core;1.00;Решено самостоятельно.;rolling_window;Time Series;2026-07-16 00:00:00
2026-07-07 00:00:00;SQL_0707_10;sql;SQL Core;1.00;Решено самостоятельно.;rolling_window;Time Series;2026-07-16 00:00:00
2026-07-07 00:00:00;SQL_0707_11;sql;Data Handling;1.00;Решено полностью самостоятельно, без подсказок.;regex;Strings;2026-07-16 00:00:00
2026-07-07 00:00:00;SQL_0707_12;sql;SQL Core;0.90;Незначительная опечатка в имени столбца.;percentile_functions;Window Functions;2026-07-16 00:00:00
2026-07-07 00:00:00;SQL_0707_13;sql;SQL Core;0.75;Решение верное, но различия между подходами объяснены не полностью.;window_functions;Window Functions;2026-07-16 00:00:00
2026-07-07 00:00:00;SQL_0707_14;sql;SQL Core;1.00;Полностью самостоятельное решение.;ntile;Window Functions;2026-07-16 00:00:00
2026-07-07 00:00:00;SQL_0707_15;sql;SQL Core;0.75;Рекурсивный CTE ещё не закреплён, решение с подсмотром, Self JOIN понят.;recursive_cte;Subqueries / CTE;2026-07-16 00:00:00
2026-07-07 00:00:00;SQL_0707_16;sql;Product Analytics;1.00;Полностью самостоятельное решение.;retention;User Lifecycle;2026-07-16 00:00:00
2026-07-07 00:00:00;SQL_0707_17;sql;SQL Core;1.00;Все вопросы по интерпретации оконных функций разобраны правильно.;sql_reading;Basics;2026-07-16 00:00:00
2026-07-07 00:00:00;SQL_0207_18;sql;SQL Core;1.00;Повтор выполнен без ошибок.;exists;Subqueries / CTE;2026-07-16 00:00:00
2026-07-07 00:00:00;SQL_0707_19;sql;SQL Core;1.00;Полностью самостоятельное решение.;rolling_window;Time Series;2026-07-16 00:00:00
2026-07-07 00:00:00;SQL_0707_20;sql;SQL Core;1.00;Полностью самостоятельное решение.;window_functions;Window Functions;2026-07-16 00:00:00
2026-07-07 00:00:00;SQL_0707_21;sql;SQL Core;0.75;Логика решения правильная, но группировка выбрана неверно.;conditional_aggregation;Aggregation;2026-07-16 00:00:00
2026-07-07 00:00:00;SQL_0707_22;sql;SQL Core;0.90;Ошибка только в граничном условии (89 вместо 90 дней).;having;Aggregation;2026-07-16 00:00:00
2026-07-08 00:00:00;SQL_0807_01;sql;SQL Theory;0.75;Хорошо понимает правило LEFT JOIN. Осталось увереннее объяснять общую формулу и частный случай.;join_concepts;Joins;2026-07-16 00:00:00
2026-07-08 00:00:00;SQL_0807_02;sql;SQL Theory;0.90;Отлично знает различия WHERE/HAVING. Новый нюанс — HAVING возможен без GROUP BY.;aggregation_concepts;Aggregation;2026-07-16 00:00:00
2026-07-08 00:00:00;SQL_0807_03;sql;SQL Theory;0.90;Полностью самостоятельный правильный ответ.;null_handling;NULL Handling;2026-07-16 00:00:00
2026-07-08 00:00:00;SQL_0807_04;sql;SQL Theory;0.90;Уверенно объясняет COALESCE и применение после LEFT JOIN.;null_handling;NULL Handling;2026-07-16 00:00:00
2026-07-08 00:00:00;SQL_0807_05;sql;SQL Theory;0.75;Логика понятна. Осталось не путаться, что проверять нужно right_table.column IS NOT NULL.;join_concepts;Joins;2026-07-16 00:00:00
2026-07-08 00:00:00;SQL_0807_06;sql;Data Handling;0.50;Логика Regex верная. Осталось лучше запомнить ограничения для диапазонов месяцев и дней.;regex;Strings;2026-07-16 00:00:00
2026-07-08 00:00:00;SQL_0807_07;sql;SQL Core;1.00;Полностью самостоятельное решение. Паттерн Gaps & Islands уверенно закрепился.;gaps_islands;Window Functions;2026-07-16 00:00:00
2026-07-08 00:00:00;SQL_0807_08;sql;SQL Core;0.90;Алгоритм As-Of Join полностью понятен. Единственная ошибка — опечатка в условии JOIN.;as_of_join;Joins;2026-07-16 00:00:00
2026-07-08 00:00:00;SQL_0807_09;sql;SQL Core;1.00;Отличное владение оконными функциями для rolling-вычислений.;rolling_window;Time Series;2026-07-16 00:00:00
2026-07-08 00:00:00;SQL_0807_10;sql;SQL Core;0.90;Хорошо понимает различия PERCENT_RANK и CUME_DIST. Осталось помнить, что оконные функции нельзя использовать напрямую в WHERE.;percentile_functions;Window Functions;2026-07-16 00:00:00
2026-07-08 00:00:00;SQL_0807_11;sql;SQL Core;0.75;Хорошо объясняет логику аналитического запроса. Не до конца объяснила, почему исключается категория first_order.;sql_reading;Basics;2026-07-16 00:00:00
2026-07-09 00:00:00;SQL_0907_01;sql;SQL Theory;0.75;Полностью самостоятельное объяснение различий между GROUP BY и оконными функциями с правильным примером применения.;window_function_concepts;Window Functions;2026-07-16 00:00:00
2026-07-09 00:00:00;SQL_0907_02;sql;SQL Theory;0.75;Уверенно объясняет ROW_NUMBER, RANK и DENSE_RANK, правильно приводит пример с одинаковыми значениями.;window_function_concepts;Window Functions;2026-07-16 00:00:00
2026-07-09 00:00:00;SQL_0907_03;sql;SQL Theory;0.75;Правильно называет все типы связей и объясняет реализацию M:M через связующую таблицу.;table_relationships;Data Modeling;2026-07-16 00:00:00
2026-07-09 00:00:00;SQL_0907_04;sql;SQL Theory;0.25;Основные отличия PostgreSQL и MySQL знает. Пока еще опирается на конспект при формулировке особенностей MVCC и движков хранения.;dbms_architecture;DBMS;2026-07-16 00:00:00
2026-07-09 00:00:00;SQL_0907_05;sql;SQL Core;0.75;Хорошо понимает назначение LAG/LEAD и сразу связывает их с аналитическими паттернами.;lag_lead;Window Functions;2026-07-16 00:00:00
2026-07-09 00:00:00;STAT_0907_01;statistics;Hypothesis Testing;0.25;Тест выбран по конспекту, объяснить выбор самостоятельно пока не смогла.;test_selection;Test Selection;2026-07-16 00:00:00
2026-07-09 00:00:00;STAT_0907_02;statistics;Hypothesis Testing;0.25;Узнала критерий Фишера по конспекту.;test_selection;Test Selection;2026-07-16 00:00:00
2026-07-09 00:00:00;STAT_0907_03;statistics;Categorical Analysis;0.25;Узнала критерий Мак-Немара, но без понимания логики применения.;paired_categorical_selection;Paired Categorical;2026-07-16 00:00:00
2026-07-09 00:00:00;STAT_0907_04;statistics;Categorical Analysis;0.25;Выбор критерия Кохрена Q по конспекту.;paired_categorical_selection;Paired Categorical;2026-07-16 00:00:00
2026-07-09 00:00:00;STAT_0907_05;statistics;Correlation;0.25;Правильно выбрала корреляцию Пирсона, объяснение отсутствовало.;pearson_correlation;Correlation Mesuares;2026-07-16 00:00:00
2026-07-09 00:00:00;STAT_0907_06;statistics;Correlation;0.25;Правильно выбрала коэффициент Спирмена по конспекту.;spearman_correlation;Correlation Mesuares;2026-07-16 00:00:00
2026-07-09 00:00:00;STAT_0907_07;statistics;Correlation;0.25;Правильно выбрала коэффициент Кендалла по конспекту.;kendall_correlation;Correlation Mesuares;2026-07-16 00:00:00
2026-07-09 00:00:00;STAT_0907_08;statistics;Correlation;0.25;Правильно определила направление выбора метода, но без объяснения.;correlation_test_selection;Correlation Mesuares;2026-07-16 00:00:00
2026-07-09 00:00:00;STAT_0907_09;statistics;Hypothesis Testing;0.25;Выбран χ² Пирсона по конспекту.;test_selection;Test Selection;2026-07-16 00:00:00
2026-07-09 00:00:00;STAT_0907_10;statistics;Categorical Analysis;0.00;Не смогла назвать меру силы связи после значимого χ².;association_measures;Association Measures;2026-07-16 00:00:00
2026-07-09 00:00:00;SQL_0907_20;sql;Data Handling;1.00;Решено полностью самостоятельно.;regex;Strings;2026-07-16 00:00:00
2026-07-09 00:00:00;SQL_0907_21;sql;Data Handling;0.90;Логика верная, перепутаны номера дней недели PostgreSQL.;date_functions;Dates;2026-07-16 00:00:00
2026-07-09 00:00:00;SQL_0907_22;sql;Data Handling;1.00;Полностью верное решение.;pivot_unpivot;Data Reshaping;2026-07-16 00:00:00
2026-07-09 00:00:00;SQL_0907_23;sql;SQL Core;1.00;Полностью правильное использование PERCENT_RANK.;percentile_functions;Window Functions;2026-07-16 00:00:00
2026-07-09 00:00:00;SQL_0907_24;sql;Data Handling;0.75;Основная логика верная, ошибки в ORDER BY и расчёте monthly share.;union_union_all;Set Operations;2026-07-16 00:00:00
2026-07-09 00:00:00;SQL_0907_06;sql;SQL Core;1.00;Полностью правильное понимание MoM и YoY.;lag_lead;Window Functions;2026-07-16 00:00:00
2026-07-09 00:00:00;SQL_0907_07;sql;SQL Core;1.00;Решено самостоятельно.;aggregation;Aggregation;2026-07-16 00:00:00
2026-07-09 00:00:00;SQL_0907_08;sql;SQL Core;0.50;Решено с подсказкой, паттерн ещё не закреплён.;conditional_aggregation;Aggregation;2026-07-16 00:00:00
2026-07-09 00:00:00;SQL_0907_09;sql;SQL Core;1.00;Anti Join использован правильно.;anti_join;Joins;2026-07-16 00:00:00
2026-07-09 00:00:00;SQL_0907_10;sql;SQL Core;1.00;Правильная проверка NULL.;null_vs_empty_result;NULL Handling;2026-07-16 00:00:00
2026-07-09 00:00:00;SQL_0907_11;sql;SQL Core;1.00;Решено самостоятельно.;row_number;Window Functions;2026-07-16 00:00:00
2026-07-09 00:00:00;SQL_0907_12;sql;SQL Core;0.75;Решение работает в PostgreSQL, но не учитывает вывод NULL при отсутствии второй зарплаты.;aggregation;Aggregation;2026-07-16 00:00:00
2026-07-09 00:00:00;SQL_0907_13;sql;SQL Core;1.00;Полностью правильное решение.;conditional_aggregation;Aggregation;2026-07-16 00:00:00
2026-07-09 00:00:00;SQL_0907_14;sql;SQL Core;1.00;Правильное использование скользящего окна.;rolling_window;Time Series;2026-07-16 00:00:00
2026-07-09 00:00:00;SQL_0907_15;sql;SQL Core;0.50;Ошибка в PARTITION BY, решение получено после подсказки.;row_number;Window Functions;2026-07-16 00:00:00
2026-07-09 00:00:00;SQL_0707_21;sql;SQL Core;1.00;Повтор выполнен идеально.;conditional_aggregation;Aggregation;2026-07-16 00:00:00
2026-07-09 00:00:00;SQL_0707_22;sql;SQL Core;0.75;Единственная ошибка — подзапрос SELECT * вместо SELECT user_id.;having;Aggregation;2026-07-16 00:00:00
2026-07-09 00:00:00;SQL_0907_18;sql;Product Analytics;0.90;Только опечатка в имени поля, логика полностью правильная.;retention;User Lifecycle;2026-07-16 00:00:00
2026-07-09 00:00:00;SQL_0907_19;sql;SQL Core;0.75;Несколько опечаток в именах полей и GROUP BY, логика полностью правильная.;running_aggregates;Window Functions;2026-07-16 00:00:00
2026-07-09 00:00:00;STAT_0907_11;statistics;Categorical Analysis;0.25;Ответ найден по конспекту. Путаница между количеством признаков и количеством категорий.;goodness_of_fit_selection;Goodness of Fit;2026-07-16 00:00:00
2026-07-09 00:00:00;STAT_0907_12;statistics;Parametric Analysis;0.25;Вспомнила только после просмотра конспекта.;two_independent_test_selection;Two Independent Samples;2026-07-16 00:00:00
2026-07-09 00:00:00;STAT_0907_13;statistics;Categorical Analysis;0.25;Тест выбран после подсмотра.;paired_categorical_selection;Paired Categorical;2026-07-16 00:00:00
2026-07-09 00:00:00;STAT_0907_14;statistics;Categorical Analysis;0.25;Почти полностью по конспекту.;paired_categorical_selection;Paired Categorical;2026-07-16 00:00:00
2026-07-09 00:00:00;STAT_0907_15;statistics;Correlation;0.25;Коэффициент вспомнила после конспекта.;pearson_correlation;Correlation Mesuares;2026-07-16 00:00:00
2026-07-09 00:00:00;STAT_0907_16;statistics;Correlation;0.25;Требовался просмотр конспекта.;spearman_correlation;Correlation Mesuares;2026-07-16 00:00:00
2026-07-09 00:00:00;STAT_0907_17;statistics;Categorical Analysis;0.25;Смешанные типы переменных пока вспоминаются плохо.;association_measures;Association Measures;2026-07-16 00:00:00
2026-07-09 00:00:00;STAT_0907_18;statistics;Categorical Analysis;0.25;Ответ найден по конспекту.;association_measures;Association Measures;2026-07-16 00:00:00
2026-07-09 00:00:00;STAT_0907_19;statistics;Categorical Analysis;0.00;Не смогла вспомнить показатель силы связи после χ².;association_measures;Association Measures;2026-07-16 00:00:00
2026-07-09 00:00:00;STAT_0907_20;statistics;Hypothesis Testing;0.25;Поправка вспомнилась только после конспекта.;multiple_testing_correction;Advanced Topics;2026-07-16 00:00:00
2026-07-09 00:00:00;STAT_0907_21;statistics;Hypothesis Testing;0.25;Правильный алгоритм. Требовалось лишь небольшое уточнение, когда действительно нужно сначала определять зависимость выборок.;test_selection;Test Selection;2026-07-16 00:00:00
2026-07-09 00:00:00;STAT_0907_22;statistics;Hypothesis Testing;0.25;Логика полностью верная: определение зависимости → Краскел–Уоллис или Фридман → post-hoc.;test_selection;Test Selection;2026-07-16 00:00:00
2026-07-09 00:00:00;STAT_0907_23;statistics;Hypothesis Testing;0.25;Самостоятельно выбраны корректные тесты для независимых и зависимых бинарных выборок.;test_selection;Test Selection;2026-07-16 00:00:00
2026-07-09 00:00:00;STAT_0907_24;statistics;Parametric Analysis;0.25;Правильно названы post-hoc тесты. Небольшое уточнение по условиям выбора Тьюки и Шеффе.;parametric_post_hoc_test_selection;Post-hoc Tests;2026-07-16 00:00:00
2026-07-09 00:00:00;STAT_0907_25;statistics;Categorical Analysis;0.25;Не удалось самостоятельно вспомнить действия при малых ожидаемых частотах и ограничениях критерия Фишера.;independence_categorical_selection;Independence Tests;2026-07-16 00:00:00
2026-07-09 00:00:00;STAT_0907_26;statistics;Hypothesis Testing;0;Общая логика построения алгоритма есть, но возникла путаница при выборе подхода для количественного и порядкового признаков.;test_selection;Test Selection;2026-07-16 00:00:00
2026-07-09 00:00:00;STAT_0907_27;statistics;Hypothesis Testing;0;После объяснения логика стала понятна. Самостоятельно алгоритм пока воспроизводится неуверенно.;test_selection;Test Selection;2026-07-16 00:00:00
2026-07-09 00:00:00;STAT_0907_28;statistics;Categorical Analysis;0.25;Алгоритм анализа зависимых бинарных данных воспроизведён практически полностью.;paired_categorical_selection;Paired Categorical;2026-07-16 00:00:00
2026-07-10 00:00:00;STAT_1007_01;statistics;Parametric Analysis;0.50;Тест выбран правильно, но ответ строился по конспекту.;one_sample_test_selection;One Sample Tests;2026-07-16 00:00:00
2026-07-10 00:00:00;STAT_1007_02;statistics;Parametric Analysis;0.50;Правильный выбор теста после обращения к конспекту.;two_independent_test_selection;Two Independent Samples;2026-07-16 00:00:00
2026-07-10 00:00:00;STAT_1007_03;statistics;Hypothesis Testing;0.50;Алгоритм верный, воспроизведён с опорой на записи.;test_selection;Test Selection;2026-07-16 00:00:00
2026-07-10 00:00:00;STAT_1007_04;statistics;Parametric Analysis;0.25;Правильный выбор критерия, но не полностью самостоятельно.;paired_test_selection;Paired Samples;2026-07-16 00:00:00
2026-07-10 00:00:00;STAT_1007_05;statistics;Assumption Tests;0.50;Верно выбран χ²-критерий для дисперсии после подсмотра.;variance_assessment;Homogeneity of Variance;2026-07-16 00:00:00
2026-07-10 00:00:00;STAT_1007_06;statistics;Hypothesis Testing;0.50;Полный алгоритм воспроизведён, но с использованием конспекта.;test_selection;Test Selection;2026-07-16 00:00:00
2026-07-10 00:00:00;STAT_1007_07;statistics;Categorical Analysis;0.50;Критерий выбран правильно, требовалась опора на материалы.;paired_categorical_selection;Paired Categorical;2026-07-16 00:00:00
2026-07-10 00:00:00;STAT_1007_08;statistics;Hypothesis Testing;0.25;Правильный выбор χ²-критерия после просмотра конспекта.;test_selection;Test Selection;2026-07-16 00:00:00
2026-07-10 00:00:00;STAT_1007_09;statistics;Hypothesis Testing;0.75;Определение сформулировано своими словами с минимальной опорой на конспект.;p_value;Foundations;2026-07-16 00:00:00
2026-07-10 00:00:00;STAT_1007_10;statistics;Hypothesis Testing;0.75;Правильное объяснение и бытовой пример.;type1_type2;Decision Making;2026-07-16 00:00:00
2026-07-10 00:00:00;STAT_1007_11;statistics;Hypothesis Testing;0.75;Правильное объяснение и пример ошибки II рода.;type1_type2;Decision Making;2026-07-16 00:00:00
2026-07-10 00:00:00;STAT_1007_12;statistics;Estimation;0.75;Понятное объяснение доверительного интервала без формул.;interval_estimation;Confidence Intervals;2026-07-16 00:00:00
2026-07-10 00:00:00;STAT_1007_13;statistics;Hypothesis Testing;0.75;Очень хорошее объяснение ЦПТ, но с использованием конспекта.;central_limit_theorem;Foundations;2026-07-16 00:00:00
2026-07-10 00:00:00;STAT_1007_14;statistics;Assumption Tests;0.75;Хорошее объяснение роли проверки нормальности и выбора тестов.;normality_assessment;Normality;2026-07-16 00:00:00
2026-07-10 00:00:00;STAT_1007_15;statistics;Estimation;1.00;Чётко объяснено отличие SE от SD, с небольшой опорой на записи.;standard_error;Estimation Concepts;2026-07-16 00:00:00
2026-07-10 00:00:00;SQL_1007_01;sql;SQL Core;1.00;Решено полностью самостоятельно.;conditional_aggregation;Aggregation;2026-07-16 00:00:00
2026-07-10 00:00:00;SQL_1007_02;sql;Data Handling;0.90;Решение правильное, были небольшие сложности с фильтрацией по году и работой с датами.;date_functions;Dates;2026-07-16 00:00:00
2026-07-10 00:00:00;SQL_1007_03;sql;SQL Core;0.90;Решение верное, первоначально отсутствовал фильтр по году.;row_number;Window Functions;2026-07-16 00:00:00
2026-07-10 00:00:00;SQL_1007_04;sql;SQL Core;0.90;Решение правильное, была опечатка при соединении таблиц.;rank_dense_rank;Window Functions;2026-07-16 00:00:00
2026-07-10 00:00:00;SQL_1007_05;sql;Data Handling;0.25;Самостоятельно регулярное выражение составить не удалось, после разбора принцип стал понятен.;regex;Strings;2026-07-16 00:00:00
2026-07-10 00:00:00;SQL_1007_06;sql;Data Handling;0.15;Не вспомнила способ выполнения UNPIVOT через UNION ALL.;pivot_unpivot;Data Reshaping;2026-07-16 00:00:00
2026-07-10 00:00:00;SQL_1007_07;sql;SQL Core;0.75;Все три способа поиска второй по величине зарплаты выполнены самостоятельно.;aggregation;Aggregation;2026-07-16 00:00:00
2026-07-10 00:00:00;SQL_1007_08;sql;SQL Core;0.50;Логика решения правильная, но повторилась ошибка с фильтрацией после LEFT JOIN и были небольшие синтаксические неточности.;forward_fill;Window Functions;2026-07-16 00:00:00
2026-07-12 00:00:00;PROB_1207_01;theory;Probability;1.00;Самостоятельно определила размещения и получила правильный ответ.;combinatorics;Basics;2026-07-16 00:00:00
2026-07-12 00:00:00;PROB_1207_02;theory;Probability;1.00;Самостоятельно выбрала сочетания и решила задачу.;combinatorics;Basics;2026-07-16 00:00:00
2026-07-12 00:00:00;PROB_1207_03;theory;Probability;1.00;Самостоятельно перечислила все благоприятные исходы.;combinatorics;Basics;2026-07-16 00:00:00
2026-07-12 00:00:00;PROB_1207_04;theory;Probability;0.5;Решение выполнено через размещения вместо сочетаний, но числитель и знаменатель были выбраны согласованно, ответ получен верный.;classical_probability;Basics;2026-07-16 00:00:00
2026-07-12 00:00:00;PROB_1207_05;theory;Probability;1.00;Формула Байеса применена полностью самостоятельно.;bayes;Bayes;2026-07-16 00:00:00
2026-07-12 00:00:00;PROB_1207_06;theory;Probability;1.00;Полностью самостоятельное решение задачи Байеса.;bayes;Bayes;2026-07-16 00:00:00
2026-07-12 00:00:00;PROB_1207_07;theory;Probability;1.00;Полностью самостоятельное решение задачи Байеса.;bayes;Bayes;2026-07-16 00:00:00
2026-07-12 00:00:00;PROB_1207_08;theory;Expectation & Variance;0.75;Самостоятельно вычислила условные математические ожидания.;conditional_expectation;Expectation;2026-07-16 00:00:00
2026-07-12 00:00:00;PROB_1207_09;theory;Expectation & Variance;1.00;Самостоятельно использовала формулу полного математического ожидания.;expectation;Expectation;2026-07-16 00:00:00
2026-07-12 00:00:00;PROB_1207_10;theory;Distributions;0.75;Все вероятности распределения Пуассона вычислены самостоятельно.;poisson;Discrete;2026-07-16 00:00:00
2026-07-12 00:00:00;PROB_1207_11;theory;Distributions;1.00;Самостоятельно использовала формулу экспоненциального распределения и логарифм.;exponential_distribution;Continuous;2026-07-16 00:00:00
2026-07-12 00:00:00;PROB_1207_12;theory;Distributions;0.75;Полностью самостоятельное решение задачи на геометрическое распределение.;geometric;Discrete;2026-07-16 00:00:00
2026-07-12 00:00:00;PROB_1207_13;theory;Distributions;1.00;Самостоятельно решила задачу на нормальное распределение и правило трех сигм.;normal_distribution;Continuous;2026-07-16 00:00:00
2026-07-12 00:00:00;PROB_1207_14;theory;Dependence;0.75;Самостоятельно вычислила ковариацию и дисперсию суммы.;covariance;Covariance;2026-07-16 00:00:00
2026-07-12 00:00:00;PROB_1207_15;theory;Expectation & Variance;1.00;Самостоятельно нашла веса портфеля минимальной дисперсии и минимальную дисперсию.;portfolio_variance;Applications;2026-07-16 00:00:00
2026-07-12 00:00:00;PROB_1207_16;theory;Expectation & Variance;1.00;Самостоятельно вычислила дисперсию портфеля.;portfolio_variance;Applications;2026-07-16 00:00:00
2026-07-12 00:00:00;PROB_1207_17;theory;Probability;1.00;Самостоятельно записала формулы чувствительности и специфичности.;bayes;Bayes;2026-07-16 00:00:00
2026-07-12 00:00:00;PROB_1207_18;theory;Distributions;0.75;Самостоятельно сформулировала свойство отсутствия памяти и записала формулу.;exponential_distribution;Continuous;2026-07-16 00:00:00
2026-07-12 00:00:00;STAT_1207_01;statistics;Parametric Analysis;0.75;Правильно выбран тест, ответ дан с использованием конспекта.;one_sample_test_selection;One Sample Tests;2026-07-16 00:00:00
2026-07-12 00:00:00;STAT_1207_02;statistics;Hypothesis Testing;0.75;Полный алгоритм воспроизведен по конспекту.;test_selection;Test Selection;2026-07-16 00:00:00
2026-07-12 00:00:00;STAT_1207_03;statistics;Nonparametric Analysis;0.75;Верно выбран критерий, использовался конспект.;nonparametric_two_independent_selection;Two Independent Samples;2026-07-16 00:00:00
2026-07-12 00:00:00;STAT_1207_04;statistics;Parametric Analysis;0.75;Правильный выбор теста с опорой на конспект.;paired_test_selection;Paired Samples;2026-07-16 00:00:00
2026-07-12 00:00:00;STAT_1207_05;statistics;Hypothesis Testing;0.75;Полный алгоритм ANOVA воспроизведен с использованием конспекта.;test_selection;Test Selection;2026-07-16 00:00:00
2026-07-12 00:00:00;STAT_1207_06;statistics;Nonparametric Analysis;0.75;Правильно выбран критерий Краскела—Уоллиса.;nonparametric_multiple_independent_selection;Multiple Independent Groups;2026-07-16 00:00:00
2026-07-12 00:00:00;STAT_1207_07;statistics;Nonparametric Analysis;0.75;Правильно выбран критерий Фридмана.;nonparametric_multiple_paired_selection;Multiple Paired Groups;2026-07-16 00:00:00
2026-07-12 00:00:00;STAT_1207_08;statistics;Hypothesis Testing;0.75;После сомнений правильно выбран критерий χ² Пирсона.;test_selection;Test Selection;2026-07-16 00:00:00
2026-07-12 00:00:00;STAT_1207_09;statistics;Categorical Analysis;0.75;Правильно выбран критерий Мак-Немара.;paired_categorical_selection;Paired Categorical;2026-07-16 00:00:00
2026-07-12 00:00:00;STAT_1207_10;statistics;Assumption Tests;0.75;Правильно выбран критерий χ² для дисперсии.;variance_assessment;Homogeneity of Variance;2026-07-16 00:00:00
2026-07-12 00:00:00;STAT_1207_11;statistics;Hypothesis Testing;0.75;Определение p-value дано верно, с использованием конспекта.;p_value;Foundations;2026-07-16 00:00:00
2026-07-12 00:00:00;STAT_1207_12;statistics;Hypothesis Testing;0.75;Ошибка I рода объяснена корректно.;type1_type2;Decision Making;2026-07-16 00:00:00
2026-07-12 00:00:00;STAT_1207_13;statistics;Hypothesis Testing;0.75;Ошибка II рода объяснена корректно.;type1_type2;Decision Making;2026-07-16 00:00:00
2026-07-12 00:00:00;STAT_1207_14;statistics;Estimation;0.75;Определение доверительного интервала воспроизведено по конспекту.;interval_estimation;Confidence Intervals;2026-07-16 00:00:00
2026-07-12 00:00:00;STAT_1207_15;statistics;Assumption Tests;0.75;Верно объяснена роль проверки нормальности.;normality_assessment;Normality;2026-07-16 00:00:00
2026-07-12 00:00:00;STAT_1207_16;statistics;Parametric Analysis;0.75;Полностью решена задача на A/B-тест. Допущена лишь небольшая неточность: выбрана двусторонняя альтернатива вместо правосторонней, вывод остался правильным.;z_test_two_proportions;Two Independent Samples;2026-07-16 00:00:00
2026-07-13 00:00:00;STAT_1307_01;statistics;Categorical Analysis;0.75;Ответ с конспектом, тест выбран правильно.;independence_categorical_selection;Independence Tests;2026-07-16 00:00:00
2026-07-13 00:00:00;STAT_1307_02;statistics;Categorical Analysis;0.75;Пользовалась конспектом, тест выбран правильно.;independence_categorical_selection;Independence Tests;2026-07-16 00:00:00
2026-07-13 00:00:00;STAT_1307_03;statistics;Categorical Analysis;0.75;Ответ с конспектом, понимание есть.;paired_categorical_selection;Paired Categorical;2026-07-16 00:00:00
2026-07-13 00:00:00;STAT_1307_04;statistics;Categorical Analysis;0.75;Ответ с конспектом, тест выбран верно.;paired_categorical_selection;Paired Categorical;2026-07-16 00:00:00
2026-07-13 00:00:00;STAT_1307_05;statistics;Categorical Analysis;0.75;Правильный выбор теста после обращения к конспекту.;goodness_of_fit_selection;Goodness of Fit;2026-07-16 00:00:00
2026-07-13 00:00:00;STAT_1307_06;statistics;Parametric Analysis;0.75;Пользовалась конспектом, алгоритм верный.;one_sample_test_selection;One Sample Tests;2026-07-16 00:00:00
2026-07-13 00:00:00;STAT_1307_07;statistics;Parametric Analysis;0.75;Правильный тест, небольшая неточность: ограничение по n для Манна—Уитни.;two_independent_test_selection;Two Independent Samples;2026-07-16 00:00:00
2026-07-13 00:00:00;STAT_1307_08;statistics;Hypothesis Testing;0.75;Полный алгоритм восстановлен с помощью конспекта.;test_selection;Test Selection;2026-07-16 00:00:00
2026-07-13 00:00:00;STAT_1307_09;statistics;Nonparametric Analysis;0.75;Ответ с конспектом, тест выбран правильно.;nonparametric_paired_selection;Paired Samples;2026-07-16 00:00:00
2026-07-13 00:00:00;STAT_1307_10;statistics;Assumption Tests;0.75;Ответ с конспектом, понимание есть.;variance_assessment;Homogeneity of Variance;2026-07-16 00:00:00
2026-07-13 00:00:00;STAT_1307_11;statistics;Hypothesis Testing;1.00;Полностью самостоятельно.;central_limit_theorem;Foundations;2026-07-16 00:00:00
2026-07-13 00:00:00;STAT_1307_12;statistics;Estimation;1.00;Полностью самостоятельно.;standard_error;Estimation Concepts;2026-07-16 00:00:00
2026-07-13 00:00:00;STAT_1307_13;statistics;Hypothesis Testing;1.00;Полностью самостоятельно.;multiple_testing_correction;Advanced Topics;2026-07-16 00:00:00
2026-07-13 00:00:00;SQL_1307_01;sql;SQL Theory;0.75;Полностью самостоятельно. Правильно объяснила различие между составным первичным ключом и двумя PRIMARY KEY.;constraints;Basics;2026-07-16 00:00:00
2026-07-13 00:00:00;SQL_1307_02;sql;SQL Theory;1.00;Самостоятельно обнаружила ошибку использования агрегата в WHERE и исправила запрос через HAVING.;aggregation_concepts;Aggregation;2026-07-16 00:00:00
2026-07-13 00:00:00;SQL_1307_03;sql;SQL Theory;1.00;Полностью самостоятельно. Верно объяснила принцип работы COALESCE.;null_handling;NULL Handling;2026-07-16 00:00:00
2026-07-13 00:00:00;SQL_1307_04;sql;SQL Theory;1.00;Самостоятельно назвала два корректных решения (ROW_NUMBER и LAST_VALUE), указала особенность окна для LAST_VALUE.;window_function_concepts;Window Functions;2026-07-16 00:00:00
2026-07-13 00:00:00;SQL_1307_05;sql;SQL Theory;0.75;Полностью самостоятельно. Верно объяснила отличие FULL OUTER JOIN от LEFT JOIN и случаи применения.;join_concepts;Joins;2026-07-16 00:00:00
2026-07-13 00:00:00;SQL_1307_06;sql;Data Handling;1.00;Полностью самостоятельно. Regex написан без подсказок.;regex;Strings;2026-07-16 00:00:00
2026-07-13 00:00:00;SQL_1307_07;sql;Data Handling;1.00;Полностью самостоятельно. Верно выполнены все три части задания.;pivot_unpivot;Data Reshaping;2026-07-16 00:00:00
2026-07-13 00:00:00;SQL_1307_08;sql;SQL Core;0.90;Правильная логика. Ошибки только в названии функции generate_series и имени таблицы.;forward_fill;Window Functions;2026-07-16 00:00:00
2026-07-13 00:00:00;SQL_1307_09;sql;SQL Core;0.50;Часть A выполнена полностью. В EXISTS — ошибка с алиасом, задача про все возвраты решена частично.;exists;Subqueries / CTE;2026-07-16 00:00:00
2026-07-13 00:00:00;SQL_1307_10;sql;SQL Core;0.75;Почти полностью самостоятельно. Не учла поведение первых строк rolling window.;sql_reading;Basics;2026-07-16 00:00:00
2026-07-13 00:00:00;SQL_1307_11;sql;Product Analytics;0.90;Решение верное, единственное лишнее приведение типа DATE.;retention;User Lifecycle;2026-07-16 00:00:00
2026-07-13 00:00:00;SQL_1307_12;sql;Product Analytics;0.90;Полностью правильная логика, единственная опечатка в имени CTE.;retention;User Lifecycle;2026-07-16 00:00:00
2026-07-13 00:00:00;SQL_1307_13;sql;SQL Core;0.50;Self JOIN выбран правильно, отсутствовала фильтрация пар и устранение дубликатов.;self_join;Joins;2026-07-16 00:00:00
2026-07-13 00:00:00;SQL_1307_14;sql;SQL Core;0.50;Верная идея решения, отсутствовал GROUP BY и был нюанс со средним чеком.;aggregation;Aggregation;2026-07-16 00:00:00
2026-07-13 00:00:00;SQL_1307_15;sql;SQL Core;1.00;Полностью самостоятельно.;aggregation;Aggregation;2026-07-16 00:00:00
2026-07-13 00:00:00;SQL_1307_16;sql;Data Modeling;1.00;Полностью самостоятельно.;deduplication;Data Quality;2026-07-16 00:00:00
2026-07-13 00:00:00;SQL_1307_17;sql;SQL Core;0.75;Решено с подсказками, понимание есть.;conditional_aggregation;Aggregation;2026-07-16 00:00:00
2026-07-13 00:00:00;SQL_1307_18;sql;Data Handling;1.00;Полностью самостоятельно.;union_union_all;Set Operations;2026-07-16 00:00:00
2026-07-13 00:00:00;STAT_1307_14;statistics;Categorical Analysis;0.50;Самостоятельно вспомнила тест, но объяснение и условия применения только по конспекту.;independence_categorical_selection;Independence Tests;2026-07-16 00:00:00
2026-07-13 00:00:00;STAT_1307_15;statistics;Categorical Analysis;0.50;Вспомнила название теста, подробное объяснение отсутствовало.;independence_categorical_selection;Independence Tests;2026-07-16 00:00:00
2026-07-13 00:00:00;STAT_1307_16;statistics;Categorical Analysis;0.50;Правильно определила тест, но без уверенного объяснения.;goodness_of_fit_selection;Goodness of Fit;2026-07-16 00:00:00
2026-07-13 00:00:00;STAT_1307_17;statistics;Categorical Analysis;0.50;Тест выбран правильно, объяснение неполное.;paired_categorical_selection;Paired Categorical;2026-07-16 00:00:00
2026-07-13 00:00:00;STAT_1307_18;statistics;Categorical Analysis;0.50;Название теста вспомнила, детали применения пока неустойчивы.;paired_categorical_selection;Paired Categorical;2026-07-16 00:00:00
2026-07-13 00:00:00;STAT_1307_19;statistics;Categorical Analysis;0.50;Вспомнила коэффициенты оценки силы связи, но без уверенного объяснения.;association_measures;Association Measures;2026-07-16 00:00:00
2026-07-13 00:00:00;STAT_1307_20;statistics;Parametric Analysis;0.00;Не смогла самостоятельно решить задачу на проверку гипотезы о честности монеты.;binomial_test;One Sample Tests;2026-07-16 00:00:00
2026-07-15 00:00:00;STAT_1507_01;statistics;Hypothesis Testing;0.75;Ответ верный, использовала конспект.;hypothesis_decision;Decision Making;2026-07-16 00:00:00
2026-07-15 00:00:00;STAT_1507_02;statistics;Hypothesis Testing;0.75;Ответ верный, использовала конспект.;hypothesis_decision;Decision Making;2026-07-16 00:00:00
2026-07-15 00:00:00;STAT_1507_03;statistics;Hypothesis Testing;0.75;Ответ верный, использовала конспект.;hypothesis_decision;Decision Making;2026-07-16 00:00:00
2026-07-15 00:00:00;STAT_1507_04;statistics;Hypothesis Testing;0.75;Ответ верный, использовала конспект.;hypothesis_decision;Decision Making;2026-07-16 00:00:00
2026-07-15 00:00:00;STAT_1507_05;statistics;Hypothesis Testing;0.75;Ответ верный, использовала конспект.;hypothesis_decision;Decision Making;2026-07-16 00:00:00
2026-07-15 00:00:00;STAT_1507_06;statistics;Hypothesis Testing;0.75;Ответ верный, использовала конспект.;hypothesis_decision;Decision Making;2026-07-16 00:00:00
2026-07-15 00:00:00;STAT_1507_07;statistics;Parametric Analysis;0.75;Правильно выбран тест, с использованием конспекта.;one_sample_test_selection;One Sample Tests;2026-07-16 00:00:00
2026-07-15 00:00:00;STAT_1507_08;statistics;Parametric Analysis;0.75;Правильно выбран тест, с использованием конспекта.;one_sample_test_selection;One Sample Tests;2026-07-16 00:00:00
2026-07-15 00:00:00;STAT_1507_09;statistics;Parametric Analysis;0.75;Правильно выбран тест, с использованием конспекта.;one_sample_test_selection;One Sample Tests;2026-07-16 00:00:00
2026-07-15 00:00:00;STAT_1507_10;statistics;Parametric Analysis;0.75;Правильно выбран тест, с использованием конспекта.;one_sample_test_selection;One Sample Tests;2026-07-16 00:00:00
2026-07-15 00:00:00;STAT_1507_11;statistics;Parametric Analysis;0.75;Правильно выбран тест, с использованием конспекта.;two_independent_test_selection;Two Independent Samples;2026-07-16 00:00:00
2026-07-15 00:00:00;STAT_1507_12;statistics;Parametric Analysis;0.75;Алгоритм выбора теста верный, с использованием конспекта.;two_independent_test_selection;Two Independent Samples;2026-07-16 00:00:00
2026-07-15 00:00:00;STAT_1507_13;statistics;Nonparametric Analysis;0.75;Правильно выбран тест, с использованием конспекта.;nonparametric_two_independent_selection;Two Independent Samples;2026-07-16 00:00:00
2026-07-15 00:00:00;STAT_1507_14;statistics;Parametric Analysis;0.75;Правильно выбран тест, с использованием конспекта.;paired_test_selection;Paired Samples;2026-07-16 00:00:00
2026-07-15 00:00:00;STAT_1507_15;statistics;Nonparametric Analysis;0.75;Правильно выбран тест, с использованием конспекта.;nonparametric_paired_selection;Paired Samples;2026-07-16 00:00:00
2026-07-15 00:00:00;STAT_1507_16;statistics;Categorical Analysis;0.75;Правильно выбран тест, с использованием конспекта.;paired_categorical_selection;Paired Categorical;2026-07-16 00:00:00
2026-07-15 00:00:00;STAT_1507_17;statistics;Parametric Analysis;0.75;Алгоритм выбора теста верный, с использованием конспекта.;multiple_independent_test_selection;Multiple Independent Groups;2026-07-16 00:00:00
2026-07-15 00:00:00;STAT_1507_18;statistics;Nonparametric Analysis;0.75;Правильно выбран тест, с использованием конспекта.;nonparametric_multiple_independent_selection;Multiple Independent Groups;2026-07-16 00:00:00
2026-07-15 00:00:00;STAT_1507_19;statistics;Parametric Analysis;0.75;Правильно выбран тест, с использованием конспекта.;multiple_paired_test_selection;Multiple Paired Groups;2026-07-16 00:00:00
2026-07-15 00:00:00;STAT_1507_20;statistics;Nonparametric Analysis;0.75;Правильно выбран тест, с использованием конспекта.;nonparametric_multiple_paired_selection;Multiple Paired Groups;2026-07-16 00:00:00
2026-07-15 00:00:00;STAT_1507_21;statistics;Categorical Analysis;0.00;Выбран неверный тест (нужно χ² Пирсона для проверки связи качественных признаков).;independence_categorical_selection;Independence Tests;2026-07-16 00:00:00
2026-07-15 00:00:00;STAT_1407_01;statistics;Parametric Analysis;0.75;Верно, по конспекту.;one_sample_test_selection;One Sample Tests;2026-07-16 00:00:00
2026-07-15 00:00:00;STAT_1407_02;statistics;Parametric Analysis;0.75;Верно, по конспекту.;one_sample_test_selection;One Sample Tests;2026-07-16 00:00:00
2026-07-15 00:00:00;STAT_1407_03;statistics;Parametric Analysis;0.75;Верно, по конспекту.;one_sample_test_selection;One Sample Tests;2026-07-16 00:00:00
2026-07-15 00:00:00;STAT_1407_04;statistics;Parametric Analysis;0.75;Алгоритм верный, по конспекту.;two_independent_test_selection;Two Independent Samples;2026-07-16 00:00:00
2026-07-15 00:00:00;STAT_1407_05;statistics;Nonparametric Analysis;0.75;Верно, по конспекту.;nonparametric_two_independent_selection;Two Independent Samples;2026-07-16 00:00:00
2026-07-15 00:00:00;STAT_1407_06;statistics;Parametric Analysis;0.75;Верно, по конспекту.;paired_test_selection;Paired Samples;2026-07-16 00:00:00
2026-07-15 00:00:00;STAT_1407_07;statistics;Nonparametric Analysis;0.75;Верно, по конспекту.;nonparametric_paired_selection;Paired Samples;2026-07-16 00:00:00
2026-07-15 00:00:00;STAT_1407_08;statistics;Parametric Analysis;0.75;Алгоритм верный, по конспекту.;multiple_independent_test_selection;Multiple Independent Groups;2026-07-16 00:00:00
2026-07-15 00:00:00;STAT_1407_09;statistics;Nonparametric Analysis;0.75;Верно, по конспекту.;nonparametric_multiple_independent_selection;Multiple Independent Groups;2026-07-16 00:00:00
2026-07-15 00:00:00;STAT_1407_10;statistics;Parametric Analysis;0.50;Не вспомнила ANOVA с повторными измерениями.;multiple_paired_test_selection;Multiple Paired Groups;2026-07-16 00:00:00
2026-07-15 00:00:00;STAT_1407_11;statistics;Nonparametric Analysis;0.75;Верно, по конспекту.;nonparametric_multiple_paired_selection;Multiple Paired Groups;2026-07-16 00:00:00
2026-07-15 00:00:00;STAT_1407_12;statistics;Categorical Analysis;0.75;Верно, по конспекту.;independence_categorical_selection;Independence Tests;2026-07-16 00:00:00
2026-07-15 00:00:00;STAT_1407_13;statistics;Categorical Analysis;0.75;Верно, по конспекту.;paired_categorical_selection;Paired Categorical;2026-07-16 00:00:00
2026-07-15 00:00:00;STAT_1407_14;statistics;Categorical Analysis;0.75;Верно, по конспекту.;goodness_of_fit_selection;Goodness of Fit;2026-07-16 00:00:00
2026-07-15 00:00:00;STAT_1407_15;statistics;Correlation;0.75;Верно, по конспекту.;spearman_correlation;Correlation Mesuares;2026-07-16 00:00:00
2026-07-15 00:00:00;STAT_1407_16;statistics;Hypothesis Testing;0.75;Определение верное, по конспекту.;p_value;Foundations;2026-07-16 00:00:00
2026-07-15 00:00:00;STAT_1407_17;statistics;Hypothesis Testing;0.75;Определение верное, по конспекту.;type1_type2;Decision Making;2026-07-16 00:00:00
2026-07-15 00:00:00;STAT_1407_18;statistics;Hypothesis Testing;0.75;Определение верное, по конспекту.;type1_type2;Decision Making;2026-07-16 00:00:00
2026-07-15 00:00:00;STAT_1407_19;statistics;Estimation;0.75;Определение верное, по конспекту.;interval_interpretation;Confidence Intervals;2026-07-16 00:00:00
2026-07-15 00:00:00;STAT_1407_20;statistics;Hypothesis Testing;0.75;Определение верное, по конспекту.;central_limit_theorem;Foundations;2026-07-16 00:00:00
2026-07-15 00:00:00;STAT_1407_21;statistics;Estimation;0.75;Определение верное, по конспекту.;standard_error;Estimation Concepts;2026-07-16 00:00:00
2026-07-15 00:00:00;STAT_1407_22;statistics;Assumption Tests;0.75;Определение верное, по конспекту.;normality_assessment;Normality;2026-07-16 00:00:00
2026-07-15 00:00:00;STAT_1407_23;statistics;Hypothesis Testing;0.75;Определение верное, по конспекту.;multiple_testing_correction;Advanced Topics;2026-07-16 00:00:00
2026-07-15 00:00:00;STAT_1407_24;statistics;Hypothesis Testing;0.75;Определение верное, по конспекту.;statistical_power;Decision Making;2026-07-16 00:00:00
2026-07-15 00:00:00;STAT_1407_25;statistics;Hypothesis Testing;0.75;Определение верное, по конспекту.;test_selection;Test Selection;2026-07-16 00:00:00
2026-07-15 00:00:00;STAT_1407_26;statistics;Parametric Analysis;0.00;Не смогла решить задачу на проверку гипотезы о среднем.;one_sample_test_selection;One Sample Tests;2026-07-16 00:00:00
2026-07-15 00:00:00;SQL_1507_01;sql;SQL Theory;1.00;Полностью самостоятельный ответ, без конспекта.;sql_commands;Basics;2026-07-16 00:00:00
2026-07-15 00:00:00;SQL_1507_02;sql;SQL Theory;1.00;Полностью самостоятельный ответ, без конспекта.;constraints;Basics;2026-07-16 00:00:00
2026-07-15 00:00:00;SQL_1507_03;sql;SQL Theory;1.00;Полностью самостоятельный ответ, без конспекта.;indexes;Performance;2026-07-16 00:00:00
2026-07-15 00:00:00;SQL_1507_04;sql;SQL Theory;1.00;Полностью самостоятельный ответ, без конспекта.;window_function_concepts;Window Functions;2026-07-16 00:00:00
2026-07-15 00:00:00;SQL_1507_05;sql;SQL Theory;1.00;Полностью самостоятельный ответ, без конспекта.;join_concepts;Joins;2026-07-16 00:00:00
2026-07-15 00:00:00;SQL_1507_06;sql;SQL Core;1.00;Решено самостоятельно.;rank_dense_rank;Window Functions;2026-07-16 00:00:00
2026-07-15 00:00:00;SQL_1507_07;sql;SQL Core;0.50;Решено с помощью ИИ.;rank_dense_rank;Window Functions;2026-07-16 00:00:00
2026-07-15 00:00:00;SQL_1507_08;sql;SQL Core;0.50;Большая помощь ИИ при решении.;conditional_aggregation;Aggregation;2026-07-16 00:00:00
2026-07-15 00:00:00;SQL_1507_09;sql;SQL Core;1.00;Решено самостоятельно.;row_number;Window Functions;2026-07-16 00:00:00
2026-07-15 00:00:00;SQL_1507_10;sql;Data Handling;0.00;Не удалось решить самостоятельно.;regex;Strings;2026-07-16 00:00:00
2026-07-15 00:00:00;SQL_1507_11;sql;SQL Core;1.00;Оба способа выполнены правильно.;rank_dense_rank;Window Functions;2026-07-16 00:00:00
2026-07-15 00:00:00;SQL_1507_12;sql;SQL Core;0.60;Логика верная, ошибки в синтаксисе.;rank_dense_rank;Window Functions;2026-07-16 00:00:00
2026-07-15 00:00:00;SQL_1507_13;sql;SQL Core;1.00;Решено самостоятельно.;join;Joins;2026-07-16 00:00:00
2026-07-15 00:00:00;SQL_1507_14;sql;SQL Core;0.90;Логика верная, небольшие замечания.;exists;Subqueries / CTE;2026-07-16 00:00:00
2026-07-15 00:00:00;SQL_1507_15;sql;SQL Core;0.80;EXISTS использован правильно, небольшие замечания.;exists;Subqueries / CTE;2026-07-16 00:00:00
2026-07-15 00:00:00;SQL_1507_16;sql;SQL Core;1.00;Решено правильно.;having;Aggregation;2026-07-16 00:00:00
2026-07-15 00:00:00;SQL_1507_17;sql;SQL Core;0.90;Потеряно условие по валюте в JOIN.;forward_fill;Window Functions;2026-07-16 00:00:00
2026-07-15 00:00:00;SQL_1507_18;sql;Data Handling;1.00;Решено правильно.;date_functions;Dates;2026-07-16 00:00:00
2026-07-15 00:00:00;SQL_1507_19;sql;Data Handling;0.60;Ошибка в порядке аргументов AGE().;date_functions;Dates;2026-07-16 00:00:00
2026-07-15 00:00:00;SQL_1507_20;sql;SQL Core;0.60;Логика верная, ошибка наследуется из AGE().;conditional_aggregation;Aggregation;2026-07-16 00:00:00
2026-07-15 00:00:00;SQL_1507_21;sql;Product Analytics;0.60;Логика верная, ошибка наследуется из AGE().;retention;User Lifecycle;2026-07-16 00:00:00
2026-07-15 00:00:00;SQL_1507_22;sql;SQL Core;0.90;Почти полностью правильный разбор запроса.;sql_reading;Basics;2026-07-16 00:00:00
2026-07-15 00:00:00;SQL_1307_13;sql;SQL Core;1.00;Повтор выполнен без ошибок.;self_join;Joins;2026-07-16 00:00:00
2026-07-15 00:00:00;SQL_1307_14;sql;SQL Core;0.90;Исправлен GROUP BY, осталось замечание по COUNT(DISTINCT).;aggregation;Aggregation;2026-07-16 00:00:00
2026-07-15 00:00:00;STAT_1507_22;statistics;Parametric Analysis;0.75;Правильно, были затруднения с формулировкой H₀, использовался конспект.;one_sample_t_test;One Sample Tests;2026-07-16 00:00:00
2026-07-15 00:00:00;STAT_1507_23;statistics;Parametric Analysis;0.75;Правильно, были затруднения с формулировкой H₀, использовался конспект.;z_test_one_proportion;One Sample Tests;2026-07-16 00:00:00
2026-07-15 00:00:00;STAT_1507_24;statistics;Parametric Analysis;0.75;Правильно, были затруднения с формулировкой H₀ и правилом для χ², использовался конспект.;chi_square_variance_test;One Sample Tests;2026-07-16 00:00:00
2026-07-15 00:00:00;STAT_1507_25;statistics;Nonparametric Analysis;0.75;Правильно, использовался конспект.;mann_whitney_test;Two Independent Samples;2026-07-16 00:00:00
2026-07-15 00:00:00;STAT_1507_26;statistics;Parametric Analysis;0.75;Правильно, использовался конспект.;anova;Multiple Independent Groups;2026-07-16 00:00:00
2026-07-15 00:00:00;STAT_1507_27;statistics;Parametric Analysis;0.75;Задача решена верно, использовался конспект при выборе теста и формулировке гипотез.;z_test;One Sample Tests;2026-07-16 00:00:00
2026-07-16 00:00:00;STAT_1607_01;statistics;Hypothesis Testing;0.75;Правильно, использовался конспект.;critical_region;Foundations;2026-07-16 00:00:00
2026-07-16 00:00:00;STAT_1607_02;statistics;Hypothesis Testing;0.75;Правильно, использовался конспект.;critical_region;Foundations;2026-07-16 00:00:00
2026-07-16 00:00:00;STAT_1607_03;statistics;Hypothesis Testing;0.75;Правильно, использовался конспект.;critical_region;Foundations;2026-07-16 00:00:00
2026-07-16 00:00:00;STAT_1607_04;statistics;Hypothesis Testing;0.75;Правильно, использовался конспект.;critical_region;Foundations;2026-07-16 00:00:00
2026-07-16 00:00:00;STAT_1607_05;statistics;Hypothesis Testing;0.75;Правильно, использовался конспект.;critical_region;Foundations;2026-07-16 00:00:00
2026-07-16 00:00:00;STAT_1607_06;statistics;Hypothesis Testing;0.75;Правильно, использовался конспект.;critical_region;Foundations;2026-07-16 00:00:00
2026-07-16 00:00:00;STAT_1607_07;statistics;Hypothesis Testing;0.75;Правильно, использовался конспект.;critical_region;Foundations;2026-07-16 00:00:00
2026-07-16 00:00:00;STAT_1607_08;statistics;Parametric Analysis;0.75;Правильно, использовался конспект.;one_sample_test_selection;One Sample Tests;2026-07-16 00:00:00
2026-07-16 00:00:00;STAT_1607_09;statistics;Nonparametric Analysis;0.75;Правильно, использовался конспект.;nonparametric_two_independent_selection;Two Independent Samples;2026-07-16 00:00:00
2026-07-16 00:00:00;STAT_1607_10;statistics;Categorical Analysis;0.75;Правильно, использовался конспект.;paired_categorical_selection;Paired Categorical;2026-07-16 00:00:00
2026-07-16 00:00:00;STAT_1607_11;statistics;Parametric Analysis;0.75;Верно, тест Уэлча для случая неравных дисперсий.;multiple_independent_test_selection;Multiple Independent Groups;2026-07-16 00:00:00
2026-07-16 00:00:00;STAT_1607_12;statistics;Categorical Analysis;0.75;Правильно, использовался конспект.;independence_categorical_selection;Independence Tests;2026-07-16 00:00:00
2026-07-16 00:00:00;STAT_1607_13;statistics;Correlation;0.75;Правильно, использовался конспект.;correlation_test_selection;Correlation Mesuares;2026-07-16 00:00:00
2026-07-16 00:00:00;STAT_1607_14;statistics;Assumption Tests;0.75;Правильно, использовался конспект.;variance_assessment;Homogeneity of Variance;2026-07-16 00:00:00
2026-07-16 00:00:00;STAT_1607_15;statistics;Nonparametric Analysis;0.00;Ответила ANOVA вместо критерия Фридмана.;nonparametric_multiple_paired_selection;Multiple Paired Groups;2026-07-16 00:00:00
2026-07-16 00:00:00;STAT_1607_16;statistics;Parametric Analysis;0.75;Теория воспроизведена по конспекту.;welch_test;Two Independent Samples;2026-07-16 00:00:00
2026-07-16 00:00:00;STAT_1607_17;statistics;Parametric Analysis;0.75;Теория воспроизведена по конспекту.;paired_t_test;Paired Samples;2026-07-16 00:00:00
2026-07-16 00:00:00;STAT_1607_18;statistics;Nonparametric Analysis;0.5;Теория воспроизведена по конспекту.;wilcoxon_test;Paired Samples;2026-07-16 00:00:00
2026-07-16 00:00:00;STAT_1607_19;statistics;Nonparametric Analysis;0.5;Теория воспроизведена по конспекту.;kruskal_wallis_test;Multiple Independent Groups;2026-07-16 00:00:00
2026-07-16 00:00:00;STAT_1607_20;statistics;Categorical Analysis;0.25;Теория воспроизведена по конспекту.;chi_square_independence;Independence Tests;2026-07-16 00:00:00
2026-07-16 00:00:00;STAT_1607_21;statistics;Parametric Analysis;0.5;Решение верное, но в формуле использовано p̂ вместо p₀ при вычислении стандартной ошибки.;z_test_one_proportion;One Sample Tests;2026-07-16 00:00:00
2026-07-17 00:00:00;STAT_1707_01;statistics;Categorical Analysis;0.25;Ответила правильно по конспекту.;mcnemar_test;Paired Categorical Tests;
2026-07-17 00:00:00;STAT_1707_02;statistics;Categorical Analysis;0.25;Ответила правильно по конспекту.;cochran_q_test;Paired Categorical Tests;
2026-07-17 00:00:00;STAT_1707_03;statistics;Categorical Analysis;0.25;Ответила правильно по конспекту.;fisher_exact_test;Independence Tests;
2026-07-17 00:00:00;STAT_1707_04;statistics;Nonparametric Analysis;0.25;Ответила правильно по конспекту.;friedman_test;Multiple Paired Groups;
2026-07-17 00:00:00;STAT_1707_05;statistics;Parametric Analysis;0.50;Ответила правильно по конспекту.;alexander_govern_test;Multiple Independent Groups;
2026-07-17 00:00:00;STAT_1707_06;statistics;Categorical Analysis;0.50;Правильно выбрала тест, использовала конспект.;paired_categorical_selection;Paired Categorical;
2026-07-17 00:00:00;STAT_1707_07;statistics;Categorical Analysis;0.50;Правильно выбрала тест, использовала конспект.;paired_categorical_selection;Paired Categorical;
2026-07-17 00:00:00;STAT_1707_08;statistics;Categorical Analysis;0.50;Правильно выбрала тест, использовала конспект.;independence_categorical_selection;Independence Tests;
2026-07-17 00:00:00;STAT_1707_09;statistics;Nonparametric Analysis;0.50;Правильно выбрала тест, использовала конспект.;nonparametric_multiple_paired_selection;Multiple Paired Groups;
2026-07-17 00:00:00;STAT_1707_10;statistics;Parametric Analysis;0.50;Правильно выбрала тест, использовала конспект.;multiple_independent_test_selection;Multiple Independent Groups;
2026-07-17 00:00:00;STAT_1707_11;statistics;Categorical Analysis;0.50;Вывод сделан верно, но H₁ сформулирована неверно и неправильно определено критическое значение. Решение выполнялось по конспекту.;paired_categorical_selection;Paired Categorical;
2026-07-17 00:00:00;SQL_1707_01;sql;SQL Theory;0.25;Ответ найден с помощью поиска. Не знала порядок выполнения GROUP BY и оконных функций. Теперь понятно, что окно применяется после GROUP BY и работает уже со сгруппированным результатом.;aggregation_concepts;Aggregation;
2026-07-17 00:00:00;SQL_1707_02;sql;SQL Theory;1.00;Полностью самостоятельно. Правильно объяснила различие между COUNT(*) и COUNT(column), включая обработку NULL.;null_handling;NULL Handling;
2026-07-17 00:00:00;SQL_1707_03;sql;SQL Theory;1.00;Полностью самостоятельно. Правильно объяснила работу NULLIF и привела классический пример защиты от деления на ноль.;null_handling;NULL Handling;
2026-07-17 00:00:00;SQL_1707_04;sql;SQL Theory;0.90;Самостоятельно. Правильно описала идею с SUM() OVER(), но сначала не упомянула PARTITION BY по месяцу. После разбора поняла необходимость сброса накопления для каждого месяца.;window_function_concepts;Window Functions;
2026-07-17 00:00:00;SQL_1707_05;sql;SQL Theory;0.25;Ответ искала через поиск. Не знала различия между PostgreSQL и MySQL при INNER JOIN без ON и понятие декартова произведения/CROSS JOIN.;join_concepts;Joins;
2026-07-17 00:00:00;SQL_1707_06;sql;SQL Core;1.00;Полностью самостоятельно.;self_join;Joins;
2026-07-17 00:00:00;SQL_1707_07;sql;SQL Core;1.00;Полностью самостоятельно.;gaps_islands;Window Functions;
2026-07-17 00:00:00;SQL_1707_08;sql;Data Handling;0.50;Решила с помощью ИИ, не знала синтаксис UPDATE с CASE.;data_modification;Data Modification;
2026-07-17 00:00:00;SQL_1707_09;sql;SQL Core;1.00;Полностью самостоятельно.;having;Aggregation;
2026-07-17 00:00:00;SQL_1707_10;sql;Data Handling;0.90;Правильное решение, только небольшой нюанс по шаблону regex.;regex;Strings;
2026-07-17 00:00:00;SQL_1707_11;sql;SQL Core;1.00;Полностью самостоятельно.;recursive_cte;Subqueries / CTE;
2026-07-17 00:00:00;SQL_1707_12;sql;SQL Core;0.60;Логика понятна, но решение ограничено CASE и не строит путь рекурсивно.;recursive_cte;Subqueries / CTE;
2026-07-17 00:00:00;SQL_1707_13;sql;SQL Core;1.00;Полностью самостоятельно.;recursive_cte;Subqueries / CTE;
2026-07-17 00:00:00;SQL_1707_14;sql;SQL Core;0.90;Логика полностью верная, только несколько опечаток в именах таблиц и столбцов.;forward_fill;Window Functions;
2026-07-17 00:00:00;SQL_1707_15;sql;SQL Core;1.00;Полностью самостоятельно.;aggregation;Aggregation;
2026-07-17 00:00:00;SQL_1707_16;sql;SQL Core;1.00;Полностью самостоятельно.;aggregation;Aggregation;
2026-07-17 00:00:00;SQL_1707_17;sql;Data Handling;0.90;Правильная логика, ошибка в использовании EXTRACT(MONTH) без учёта лет.;date_functions;Dates;
2026-07-17 00:00:00;SQL_1707_18;sql;SQL Core;1.00;Правильно объяснила работу запроса, отметила проблему с id = 1 и смысл оператора ||.;sql_reading;Basics;
2026-07-17 00:00:00;SQL_1707_19;sql;SQL Core;0.50;Правильная идея, но ошибки в размере окна, HAVING и использовании алиаса.;running_aggregates;Window Functions;
2026-07-17 00:00:00;SQL_1707_20;sql;SQL Core;0.80;Логика полностью верная, забыты PARTITION BY и ORDER BY в LAG().;gaps_islands;Window Functions;
2026-07-17 00:00:00;SQL_1707_21;sql;Product Analytics;0.00;Не решила. Планирует повторить позже.;funnel;Funnel Analysis;
2026-07-18 00:00:00;STAT_1807_01;statistics;Parametric Analysis;0.50;Правильный ответ, но практически полностью по конспекту.;z_test_two_proportions;Two Independent Samples;
2026-07-18 00:00:00;STAT_1807_02;statistics;Assumption Tests;0.50;Правильный ответ по конспекту.;fisher_f_test;Homogeneity of Variance;
2026-07-18 00:00:00;STAT_1807_03;statistics;Assumption Tests;0.50;Правильный ответ по конспекту.;bartlett_test;Homogeneity of Variance;
2026-07-18 00:00:00;STAT_1807_04;statistics;Assumption Tests;0.25;Правильный ответ по конспекту.;levene_test;Homogeneity of Variance;
2026-07-18 00:00:00;STAT_1807_05;statistics;Correlation;0.25;Правильный ответ по конспекту.;spearman_correlation;Correlation Mesuares;
2026-07-18 00:00:00;STAT_1807_06;statistics;Parametric Analysis;1;Правильно выбрала тест, использовала конспект.;two_independent_test_selection;Two Independent Samples;
2026-07-18 00:00:00;STAT_1807_07;statistics;Parametric Analysis;1;Правильно выбрала тест, использовала конспект.;two_independent_test_selection;Two Independent Samples;
2026-07-18 00:00:00;STAT_1807_08;statistics;Nonparametric Analysis;1;Правильно выбрала тест, использовала конспект.;nonparametric_multiple_independent_selection;Multiple Independent Groups;
2026-07-18 00:00:00;STAT_1807_09;statistics;Correlation;1;Правильно выбрала коэффициент, использовала конспект.;spearman_correlation;Correlation Mesuares;
2026-07-18 00:00:00;STAT_1807_10;statistics;Correlation;1;Правильно выбрала тест, использовала конспект.;correlation_test_selection;Correlation Mesuares;
2026-07-18 00:00:00;STAT_1807_11;statistics;Parametric Analysis;1;Правильно выбрала тест, использовала конспект.;one_sample_test_selection;One Sample Tests;
2026-07-18 00:00:00;STAT_1807_12;statistics;Parametric Analysis;1;Правильно выбрала тест, использовала конспект.;paired_test_selection;Paired Samples;
2026-07-18 00:00:00;STAT_1807_13;statistics;Categorical Analysis;1;Правильно выбрала тест, использовала конспект.;paired_categorical_selection;Paired Categorical;
2026-07-18 00:00:00;STAT_1807_14;statistics;Categorical Analysis;1;Правильно выбрала тест, использовала конспект.;independence_categorical_selection;Independence Tests;
2026-07-18 00:00:00;STAT_1807_15;statistics;Nonparametric Analysis;1;Правильно выбрала тест, использовала конспект.;nonparametric_multiple_independent_selection;Multiple Independent Groups;
2026-07-18 00:00:00;STAT_1807_16;statistics;Parametric Analysis;0.75;Решение задачи выполнено верно, но с активным использованием конспекта.;z_test_two_proportions;Two Independent Samples;
2026-07-18 00:00:00;PROB_1807_01;theory;Probability;1.00;Полностью самостоятельное решение.;conditional_probability;Conditional;
2026-07-18 00:00:00;PROB_1807_02;theory;Distributions;1.00;Полностью самостоятельное решение.;distribution_concept;Distribution Concepts;
2026-07-18 00:00:00;PROB_1807_03;theory;Probability;1.00;Полностью самостоятельное решение.;bayes;Bayes;
2026-07-18 00:00:00;PROB_1807_04;theory;Expectation & Variance;1.00;Полностью самостоятельное решение.;law_of_total_expectation;Expectation;
2026-07-18 00:00:00;PROB_1807_05;theory;Expectation & Variance;0.75;Формула верная, допущена арифметическая ошибка при вычислении риска портфеля.;portfolio_variance;Applications;
2026-07-18 00:00:00;PROB_1807_06;theory;Probability;1.00;Полностью самостоятельное объяснение.;classical_probability;Basics;
2026-07-18 00:00:00;PROB_1807_07;theory;Dependence;1.00;Полностью самостоятельное решение.;correlation;Covariance;
2026-07-18 00:00:00;PROB_1807_08;theory;Hypothesis Testing;0.50;Попалась на классическую байесовскую ловушку: перепутана вероятность ошибки I рода и вероятность ошибочного вывода после значимого результата.;p_value;Foundations;
2026-07-18 00:00:00;PROB_1807_09;theory;Probability;1.00;"Правильный ответ и объяснение свойства отсутствия памяти; не упомянута связь с геометрическим распределением и отдельно не оговорено условие честной монеты.";independence;Conditional;
2026-07-18 00:00:00;PROB_1807_10;theory;Distributions;0.00;Не смогла объяснить форму плотности экспоненциального распределения и причину её убывания.;density_interpretation;Distribution Functions;
2026-07-18 00:00:00;PROB_1807_11;theory;Distributions;0.75;Полностью самостоятельное объяснение назначения распределения χ².;chi_square_distribution;Continuous;
2026-07-18 00:00:00;SQL_1807_01;sql;SQL Theory;1.00;Полностью самостоятельный ответ, без замечаний.;constraints;Basics;
2026-07-18 00:00:00;SQL_1807_02;sql;SQL Theory;1.00;Полностью самостоятельный ответ. Правильно объяснены WHERE, HAVING и порядок выполнения запроса.;aggregation_concepts;Aggregation;
2026-07-18 00:00:00;SQL_1807_03;sql;SQL Theory;0.75;Полностью самостоятельный ответ. Верно объяснены различия UNION и UNION ALL и влияние на производительность.;union_vs_union_all;Set Operations;
2026-07-18 00:00:00;SQL_1807_04;sql;SQL Theory;0.00;Не знала различий между подзапросом и CTE. После разбора изучены преимущества CTE (читаемость, переиспользование, рекурсия).;cte_subquery;Query Structure;
2026-07-18 00:00:00;SQL_1807_05;sql;SQL Theory;0.90;Правильно объяснила идею коррелированного подзапроса и привела пример с EXISTS. Не хватило сравнения с обычным подзапросом (выполняется один раз против выполнения для каждой строки внешнего запроса).;cte_subquery;Query Structure;
2026-07-18 00:00:00;SQL_1807_06;sql;Data Handling;0.50;Логика поиска через Regex верная, но неверный синтаксис регулярного выражения ({0-9}).;regex;Strings;
2026-07-18 00:00:00;SQL_1707_08;sql;Data Handling;1.00;Полностью самостоятельно. UPDATE через CASE написан правильно.;data_modification;Data Modification;
2026-07-18 00:00:00;SQL_1807_08;sql;Data Handling;0.75;Логика удаления минимальной зарплаты правильная, но не учтено ограничение DELETE с подзапросом к той же таблице.;data_modification;Data Modification;
2026-07-18 00:00:00;SQL_1807_09;sql;SQL Core;0.00;Не смогла самостоятельно показать подсчёт количества записей до и после UPDATE.;conditional_aggregation;Aggregation;
2026-07-18 00:00:00;SQL_1807_10;sql;SQL Core;0.75;Структура рекурсивного CTE правильная, допущена опечатка: использовано c.path вместо c.name.;recursive_cte;Subqueries / CTE;
2026-07-18 00:00:00;SQL_1807_11;sql;SQL Core;0.90;Логика поиска всех потомков категории полностью правильная. Ошибка связана только с построением path в предыдущем задании.;recursive_cte;Subqueries / CTE;
2026-07-18 00:00:00;SQL_1807_12;sql;SQL Core;0.90;Отлично владеешь паттерном Forward Fill. Только несколько технических опечаток (год, ORDER BY dt).;forward_fill;Window Functions;
2026-07-18 00:00:00;SQL_1807_13;sql;Data Handling;0.75;Идея решения правильная, но отсутствовал LEFT JOIN для определения продуктов, отсутствующих в 2023 году.;union_union_all;Set Operations;
2026-07-18 00:00:00;SQL_1807_14;sql;SQL Core;1.00;Полностью самостоятельное правильное решение. Использованы UNION ALL, условная агрегация и NULLIF.;conditional_aggregation;Aggregation;
2026-07-18 00:00:00;SQL_1807_15;sql;SQL Core;0.90;Правильно объяснены все ключевые части запроса. Небольшая неточность в объяснении роли PARTITION BY ticker, grp.;sql_reading;Basics;
2026-07-19 00:00:00;STAT_1907_01;statistics;Parametric Analysis;1.00;Полностью самостоятельный правильный ответ.;z_test;One Sample Tests;
2026-07-19 00:00:00;STAT_1907_02;statistics;Parametric Analysis;1.00;Полностью самостоятельный правильный ответ.;one_sample_t_test;One Sample Tests;
2026-07-19 00:00:00;STAT_1907_03;statistics;Parametric Analysis;1.00;Правильно объяснена связь Z-теста с точным биномиальным тестом при малых выборках.;z_test_one_proportion;One Sample Tests;
2026-07-19 00:00:00;STAT_1907_04;statistics;Parametric Analysis;1.00;Полностью самостоятельный правильный ответ.;chi_square_variance_test;One Sample Tests;
2026-07-19 00:00:00;STAT_1907_05;statistics;Parametric Analysis;0.75;Полностью самостоятельный правильный ответ, включая алгоритм с проверкой дисперсий.;two_sample_t_test;Two Independent Samples;
2026-07-19 00:00:00;STAT_1907_06;statistics;Parametric Analysis;0.75;Полностью самостоятельный правильный ответ.;welch_test;Two Independent Samples;
2026-07-19 00:00:00;STAT_1907_07;statistics;Parametric Analysis;0.50;Полностью самостоятельный правильный ответ.;paired_t_test;Paired Samples;
2026-07-19 00:00:00;STAT_1907_08;statistics;Parametric Analysis;1.00;Правильно выбран тест. Задание на выбор теста.;one_sample_test_selection;One Sample Tests;
2026-07-19 00:00:00;STAT_1907_09;statistics;Parametric Analysis;1.00;Правильно выбран тест. Задание на выбор теста.;two_independent_test_selection;Two Independent Samples;
2026-07-19 00:00:00;STAT_1907_10;statistics;Parametric Analysis;1.00;Правильно выбран тест. Задание на выбор теста.;two_independent_test_selection;Two Independent Samples;
2026-07-19 00:00:00;STAT_1907_11;statistics;Parametric Analysis;1.00;Правильно выбран тест. Задание на выбор теста.;paired_test_selection;Paired Samples;
2026-07-19 00:00:00;STAT_1907_12;statistics;Parametric Analysis;1.00;Правильно выбран тест. Задание на выбор теста.;one_sample_test_selection;One Sample Tests;
2026-07-19 00:00:00;STAT_1907_13;statistics;Parametric Analysis;1.00;Правильно выбран тест. Задание на выбор теста.;one_sample_test_selection;One Sample Tests;
2026-07-19 00:00:00;STAT_1907_14;statistics;Parametric Analysis;1.00;Правильно выбран тест. Задание на выбор теста.;one_sample_test_selection;One Sample Tests;
2026-07-19 00:00:00;STAT_1907_15;statistics;Nonparametric Analysis;1.00;Правильно выбран тест. Задание на выбор теста.;nonparametric_two_independent_selection;Two Independent Samples;
2026-07-19 00:00:00;STAT_1907_16;statistics;Parametric Analysis;1.00;Полностью самостоятельно решена задача на проверку гипотезы. Верно выбраны H₀ и H₁, рассчитана статистика, сделан правильный вывод об отклонении H₀.;one_sample_t_test;One Sample Tests;
2026-07-19 00:00:00;STAT_1907_17;statistics;Nonparametric Analysis;1.00;Полностью самостоятельный ответ. Дополнительно правильно описаны различия критерия знаков и критерия Уилкоксона.;wilcoxon_test;Paired Samples;
2026-07-19 00:00:00;STAT_1907_18;statistics;Nonparametric Analysis;1.00;Полностью самостоятельный ответ. Верно описана нормальная аппроксимация при больших выборках.;mann_whitney_test;Two Independent Samples;
2026-07-19 00:00:00;STAT_1907_19;statistics;Parametric Analysis;1.00;Полностью самостоятельный правильный ответ.;z_test_two_proportions;Two Independent Samples;
2026-07-19 00:00:00;STAT_1907_20;statistics;Nonparametric Analysis;1.00;Полностью самостоятельный ответ. Дополнительно корректно описан G-критерий.;wilcoxon_test;Paired Samples;
2026-07-19 00:00:00;STAT_1907_21;statistics;Parametric Analysis;1.00;Полностью самостоятельный ответ. Правильно описан алгоритм с проверкой дисперсий и дальнейшими действиями.;anova;Multiple Independent Groups;
2026-07-19 00:00:00;STAT_1907_22;statistics;Nonparametric Analysis;1.00;Полностью самостоятельный правильный ответ.;kruskal_wallis_test;Multiple Independent Groups;
2026-07-19 00:00:00;STAT_1907_23;statistics;Parametric Analysis;1.00;Полностью самостоятельный правильный ответ.;tukey_test;Post-hoc Tests;
2026-07-19 00:00:00;STAT_1907_24;statistics;Parametric Analysis;0.50;Ошибочно выбран параметрический тест вместо одновыборочного критерия знаков/Уилкоксона.;one_sample_test_selection;One Sample Tests;
2026-07-19 00:00:00;STAT_1907_25;statistics;Parametric Analysis;0.75;Правильно выбран тест. Задание на выбор теста.;two_independent_test_selection;Two Independent Samples;
2026-07-19 00:00:00;STAT_1907_26;statistics;Nonparametric Analysis;0.75;Правильно выбран тест. Задание на выбор теста.;nonparametric_paired_selection;Paired Samples;
2026-07-19 00:00:00;STAT_1907_27;statistics;Parametric Analysis;0.75;Правильно выбран тест. Задание на выбор теста.;multiple_independent_test_selection;Multiple Independent Groups;
2026-07-19 00:00:00;STAT_1907_28;statistics;Nonparametric Analysis;0.75;Правильно выбран тест. Задание на выбор теста.;nonparametric_multiple_independent_selection;Multiple Independent Groups;
2026-07-19 00:00:00;STAT_1907_29;statistics;Parametric Analysis;0.75;Правильно указано, что после отклонения H₀ требуется post-hoc анализ.;parametric_post_hoc_test_selection;Post-hoc Tests;
2026-07-19 00:00:00;STAT_1907_30;statistics;Parametric Analysis;0.75;Правильно выбран критерий Бартлетта.;multiple_independent_test_selection;Multiple Independent Groups;
2026-07-19 00:00:00;STAT_1907_31;statistics;Parametric Analysis;0.75;Правильно выбран критерий Манна—Уитни.;two_independent_test_selection;Two Independent Samples;
2026-07-19 00:00:00;STAT_1907_32;statistics;Parametric Analysis;1.00;Полностью самостоятельно решена задача. Верно выбраны гипотезы, рассчитана статистика и сделан правильный вывод.;z_test_one_proportion;One Sample Tests;
2026-07-19 00:00:00;STAT_1907_33;statistics;Parametric Analysis;1.00;Правильно выбран тест.;one_sample_test_selection;One Sample Tests;
2026-07-19 00:00:00;STAT_1907_34;statistics;Parametric Analysis;1.00;Правильно выбран тест.;one_sample_test_selection;One Sample Tests;
2026-07-19 00:00:00;STAT_1907_35;statistics;Parametric Analysis;1.00;Правильно выбран тест.;two_independent_test_selection;Two Independent Samples;
2026-07-19 00:00:00;STAT_1907_36;statistics;Parametric Analysis;1.00;Правильно выбран тест.;two_independent_test_selection;Two Independent Samples;
2026-07-19 00:00:00;STAT_1907_37;statistics;Parametric Analysis;1.00;Правильно выбран тест.;two_independent_test_selection;Two Independent Samples;
2026-07-19 00:00:00;STAT_1907_38;statistics;Nonparametric Analysis;0;Выбран одновыборочный критерий Уилкоксона вместо критерия Манна—Уитни.;nonparametric_two_independent_selection;Two Independent Samples;
2026-07-19 00:00:00;STAT_1907_39;statistics;Parametric Analysis;1.00;Правильно выбран тест.;paired_test_selection;Paired Samples;
2026-07-19 00:00:00;STAT_1907_40;statistics;Nonparametric Analysis;1.00;Правильно выбран тест.;nonparametric_paired_selection;Paired Samples;
2026-07-19 00:00:00;STAT_1907_41;statistics;Categorical Analysis;1.00;Правильно выбран тест.;paired_categorical_selection;Paired Categorical;
2026-07-19 00:00:00;STAT_1907_42;statistics;Parametric Analysis;1.00;Правильно выбран тест.;multiple_independent_test_selection;Multiple Independent Groups;
2026-07-19 00:00:00;STAT_1907_43;statistics;Parametric Analysis;1.00;Правильно выбран тест.;multiple_independent_test_selection;Multiple Independent Groups;
2026-07-19 00:00:00;STAT_1907_44;statistics;Nonparametric Analysis;0;Выбрана ANOVA с повторными измерениями вместо критерия Краскела—Уоллиса.;nonparametric_multiple_independent_selection;Multiple Independent Groups;
2026-07-19 00:00:00;STAT_1907_45;statistics;Parametric Analysis;0;Выбран критерий хи-квадрат вместо ANOVA с повторными измерениями.;multiple_paired_test_selection;Multiple Paired Groups;
2026-07-19 00:00:00;STAT_1907_46;statistics;Nonparametric Analysis;0;Выбран критерий Кохрена вместо критерия Фридмана.;nonparametric_multiple_paired_selection;Multiple Paired Groups;
2026-07-19 00:00:00;STAT_1907_47;statistics;Categorical Analysis;0;Выбран коэффициент Спирмена вместо критерия хи-квадрат Пирсона.;independence_categorical_selection;Independence Tests;
2026-07-20 00:00:00;STAT_2007_01;statistics;Categorical Analysis;0.0;Большая путаница, ответ частично по конспекту.;chi_square_independence;Independence Tests;
2026-07-20 00:00:00;STAT_2007_02;statistics;Categorical Analysis;0.0;Большая путаница, ответ частично по конспекту.;fisher_exact_test;Independence Tests;
2026-07-20 00:00:00;STAT_2007_03;statistics;Categorical Analysis;0.5;Ответ с активным использованием конспекта.;mcnemar_test;Paired Categorical Tests;
2026-07-20 00:00:00;STAT_2007_04;statistics;Nonparametric Analysis;0.5;Ответ с активным использованием конспекта.;friedman_test;Multiple Paired Groups;
2026-07-20 00:00:00;STAT_2007_05;statistics;Correlation;0.00;Не смогла ответить, запуталась.;pearson_correlation;Correlation Mesuares;
2026-07-20 00:00:00;STAT_2007_06;statistics;Correlation;0.00;Не смогла ответить, запуталась.;spearman_correlation;Correlation Mesuares;
2026-07-20 00:00:00;STAT_2007_07;statistics;Correlation;0.00;Не смогла ответить, запуталась.;kendall_correlation;Correlation Mesuares;
2026-07-20 00:00:00;STAT_2007_08;statistics;Categorical Analysis;1;Правильно выбран тест.;independence_categorical_selection;Independence Tests;
2026-07-20 00:00:00;STAT_2007_09;statistics;Categorical Analysis;1;Правильно выбран тест.;independence_categorical_selection;Independence Tests;
2026-07-20 00:00:00;STAT_2007_10;statistics;Categorical Analysis;1;Правильно выбран тест.;paired_categorical_selection;Paired Categorical;
2026-07-20 00:00:00;STAT_2007_11;statistics;Nonparametric Analysis;1;Правильно выбран тест.;nonparametric_paired_selection;Paired Samples;
2026-07-20 00:00:00;STAT_2007_12;statistics;Nonparametric Analysis;1;Правильно выбран тест.;nonparametric_multiple_independent_selection;Multiple Independent Groups;
2026-07-20 00:00:00;STAT_2007_13;statistics;Correlation;1;Правильно выбран метод.;correlation_test_selection;Correlation Mesuares;
2026-07-20 00:00:00;STAT_2007_14;statistics;Correlation;1;Правильно выбран метод.;correlation_test_selection;Correlation Mesuares;
2026-07-20 00:00:00;STAT_2007_15;statistics;Parametric Analysis;1;Правильно выбран тест.;multiple_independent_test_selection;Multiple Independent Groups;
2026-07-20 00:00:00;STAT_2007_16;statistics;Categorical Analysis;0.00;Не решила задачу с собеседования.;chi_square_independence;Independence Tests;
2026-07-20 00:00:00;STAT_2007_17;statistics;Categorical Analysis;0.75;Ответила правильно самостоятельно.;chi_square_independence;Independence Tests;
2026-07-20 00:00:00;STAT_2007_18;statistics;Categorical Analysis;0.75;Ответила правильно самостоятельно.;fisher_exact_test;Independence Tests;
2026-07-20 00:00:00;STAT_2007_19;statistics;Categorical Analysis;0.50;Ответ правильный, но активно пользовалась конспектом.;mcnemar_test;Paired Categorical Tests;
2026-07-20 00:00:00;STAT_2007_20;statistics;Correlation;0.00;Не смогла расписать критерий.;spearman_correlation;Correlation Mesuares;
2026-07-20 00:00:00;STAT_2007_21;statistics;Correlation;0.00;Не смогла расписать критерий.;kendall_correlation;Correlation Mesuares;
2026-07-20 00:00:00;STAT_2007_22;statistics;Categorical Analysis;1;Правильно выбран тест.;independence_categorical_selection;Independence Tests;
2026-07-20 00:00:00;STAT_2007_23;statistics;Categorical Analysis;1;Правильно выбран тест.;independence_categorical_selection;Independence Tests;
2026-07-20 00:00:00;STAT_2007_24;statistics;Categorical Analysis;1;Правильно выбран тест.;paired_categorical_selection;Paired Categorical;
2026-07-20 00:00:00;STAT_2007_25;statistics;Correlation;1;Правильно выбран метод.;correlation_test_selection;Correlation Mesuares;
2026-07-20 00:00:00;STAT_2007_26;statistics;Correlation;1;Правильно выбран метод.;correlation_test_selection;Correlation Mesuares;
2026-07-20 00:00:00;STAT_2007_27;statistics;Categorical Analysis;1;Правильно выбран тест.;paired_categorical_selection;Paired Categorical;
2026-07-20 00:00:00;STAT_2007_28;statistics;Nonparametric Analysis;1;Правильно выбран тест.;nonparametric_multiple_paired_selection;Multiple Paired Groups;
2026-07-20 00:00:00;STAT_2007_29;statistics;Nonparametric Analysis;1;Правильно выбран тест.;nonparametric_multiple_independent_selection;Multiple Independent Groups;
2026-07-20 00:00:00;STAT_2007_30;statistics;Categorical Analysis;1;Правильно выбран тест.;goodness_of_fit_selection;Goodness of Fit;
2026-07-20 00:00:00;STAT_2007_31;statistics;Correlation;0.00;Выбран неверный метод (нужно было использовать корреляцию Спирмена).;correlation_test_selection;Correlation Mesuares;
2026-07-20 00:00:00;STAT_2007_32;statistics;Categorical Analysis;0.75;Задача решена, но неверно выбрана альтернативная гипотеза.;mcnemar_test;Paired Categorical Tests;
2026-07-20 00:00:00;SQL_2007_01;sql;SQL Core;1.00;Решила полностью самостоятельно.;exists;Subqueries / CTE;
2026-07-20 00:00:00;SQL_2007_02;sql;SQL Core;1.00;Решила полностью самостоятельно.;join;Joins;
2026-07-20 00:00:00;SQL_2007_03;sql;Data Handling;1.00;Решила полностью самостоятельно.;pivot_unpivot;Data Reshaping;
2026-07-20 00:00:00;SQL_2007_04;sql;SQL Core;1.00;Решила полностью самостоятельно.;conditional_aggregation;Aggregation;
2026-07-20 00:00:00;SQL_2007_05;sql;SQL Core;0.75;Решение верное, но не самое рациональное.;aggregation;Aggregation;
2026-07-21 00:00:00;STAT_2107_01;statistics;Categorical Analysis;0.75;Ответила почти полностью самостоятельно (около 90% из головы).;cochran_q_test;Paired Categorical Tests;
2026-07-21 00:00:00;STAT_2107_02;statistics;Parametric Analysis;0.75;Ответила почти полностью самостоятельно, после разбора добавлены детали по SS и F-статистике.;repeated_measures_anova;Multiple Paired Groups;
2026-07-21 00:00:00;STAT_2107_03;statistics;Nonparametric Analysis;0.75;Ответила почти полностью самостоятельно.;sign_test;Paired Samples;
2026-07-21 00:00:00;STAT_2107_04;statistics;Parametric Analysis;0.90;Ответила почти полностью самостоятельно.;z_test;One Sample Tests;
2026-07-21 00:00:00;STAT_2107_05;statistics;Categorical Analysis;0.75;Ответила почти полностью самостоятельно. Ошибка только в формуле ожидаемых частот (перепутала с таблицей сопряжённости).;chi_square_goodness_of_fit;Goodness of Fit;
2026-07-21 00:00:00;STAT_2107_06;statistics;Nonparametric Analysis;0.75;Ответила почти полностью самостоятельно.;dunn_test;Post-hoc Tests;
2026-07-21 00:00:00;STAT_2107_07;statistics;Correlation;0.75;Ответила почти полностью самостоятельно.;pearson_correlation;Correlation Mesuares;
2026-07-21 00:00:00;STAT_2107_08;statistics;Categorical Analysis;1.00;Правильно выбран тест.;paired_categorical_selection;Paired Categorical;
2026-07-21 00:00:00;STAT_2107_09;statistics;Parametric Analysis;1.00;Правильно выбран тест.;multiple_paired_test_selection;Multiple Paired Groups;
2026-07-21 00:00:00;STAT_2107_10;statistics;Nonparametric Analysis;1.00;Правильно выбран тест.;nonparametric_paired_selection;Paired Samples;
2026-07-21 00:00:00;STAT_2107_11;statistics;Parametric Analysis;1.00;Правильно выбран тест.;one_sample_test_selection;One Sample Tests;
2026-07-21 00:00:00;STAT_2107_12;statistics;Categorical Analysis;1.00;Правильно выбран тест.;goodness_of_fit_selection;Goodness of Fit;
2026-07-21 00:00:00;STAT_2107_13;statistics;Nonparametric Analysis;1.00;Правильно выбран post-hoc тест.;nonparametric_post_hoc_test_selection;Post-hoc Tests;
2026-07-21 00:00:00;STAT_2107_14;statistics;Correlation;1.00;Правильно выбран метод.;correlation_test_selection;Correlation Mesuares;
2026-07-21 00:00:00;STAT_2107_15;statistics;Parametric Analysis;1.00;Правильно выбран тест.;z_test_two_proportions;Two Independent Samples;
2026-07-21 00:00:00;STAT_2107_16;statistics;Parametric Analysis;1.00;Задача решена полностью самостоятельно, гипотеза, тест, расчёты и вывод выполнены верно.;z_test;One Sample Tests;
2026-07-21 00:00:00;STAT_2107_17;statistics;Categorical Analysis;0.75;Ответила в основном правильно, знала по памяти. Требуется закрепить детали статистики и критерий отклонения H₀.;mcnemar_test;Paired Categorical Tests;
2026-07-21 00:00:00;STAT_2107_18;statistics;Categorical Analysis;0.75;Хорошо знает критерий, требуется закрепить детали формулы статистики и распределения.;chi_square_independence;Independence Tests;
2026-07-21 00:00:00;STAT_2107_19;statistics;Categorical Analysis;0.75;Есть понимание, но требуется закрепление условий применения и интерпретации.;fisher_exact_test;Independence Tests;
2026-07-21 00:00:00;STAT_2107_20;statistics;Nonparametric Analysis;0.75;Основные положения знает, требуется повторить детали статистики критерия.;wilcoxon_test;Paired Samples;
2026-07-21 00:00:00;STAT_2107_21;statistics;Parametric Analysis;0.9;Практически полностью уверенное знание одновыборочного t-теста.;one_sample_t_test;One Sample Tests;
2026-07-21 00:00:00;STAT_2107_22;statistics;Nonparametric Analysis;0.75;Хорошее понимание критерия Краскела—Уоллиса, требуется закрепить распределение и правило принятия решения.;kruskal_wallis_test;Multiple Independent Groups;
2026-07-21 00:00:00;STAT_2107_23;statistics;Nonparametric Analysis;0.75;Основные положения критерия Манна—Уитни знает, требуется закрепить детали.;mann_whitney_test;Two Independent Samples;
2026-07-21 00:00:00;STAT_2107_24;statistics;Parametric Analysis;0.75;Хорошее понимание ANOVA, требуется повторить детали статистики F и интерпретации.;anova;Multiple Independent Groups;
2026-07-21 00:00:00;STAT_2107_25;statistics;Parametric Analysis;0.75;Знает назначение теста Тьюки, требуется закрепить детали применения после ANOVA.;tukey_test;Post-hoc Tests;
2026-07-21 00:00:00;SQL_2107_01;sql;SQL Theory;0.75;Правильно объяснила назначение внешнего ключа и поведение по умолчанию. Не вспомнила другие варианты ON DELETE (SET NULL, RESTRICT/NO ACTION).;constraints;Basics;
2026-07-21 00:00:00;SQL_2107_02;sql;Data Handling;1.00;Полностью правильно объяснила различия между UNION и UNION ALL и причину различий в производительности.;union_union_all;Set Operations;
2026-07-21 00:00:00;SQL_2107_03;sql;SQL Theory;0.25;Понимание общей идеи есть (устранение избыточности), но плохо знает нормальные формы и примеры нарушений.;database_normalization;Data Modeling;
2026-07-21 00:00:00;SQL_2107_04;sql;SQL Theory;0.00;Не смогла самостоятельно объяснить транзакции и свойства ACID, требовалось полное объяснение.;transactions_acid;Transactions;
2026-07-21 00:00:00;SQL_2107_05;sql;SQL Theory;1.00;Полностью правильно ответила. Привела хорошие практические примеры JOIN с условиями неравенства и BETWEEN.;join_concepts;Joins;
2026-07-21 00:00:00;SQL_2107_06;sql;Data Handling;0.50;Решила с подсказкой. Паттерн регулярных выражений ещё не закреплён.;regex;Strings;
2026-07-21 00:00:00;SQL_2107_07;sql;Data Handling;0.25;Логика понятна, но допустила ошибки в синтаксисе UPDATE с CASE.;data_modification;Data Modification;
2026-07-21 00:00:00;SQL_2107_08;sql;SQL Core;1.00;Правильно объяснила результат GROUP BY до и после UPDATE.;aggregation;Aggregation;
2026-07-21 00:00:00;SQL_2107_09;sql;Data Handling;0.50;Логика удаления через NTILE/PERCENT_RANK правильная, но были синтаксические ошибки.;data_modification;Data Modification;
2026-07-21 00:00:00;SQL_2107_10;sql;SQL Core;0.75;Решила с подсмотром. Структуру рекурсивного CTE понимает, но пока неуверенно.;recursive_cte;Subqueries / CTE;
2026-07-21 00:00:00;SQL_2107_11;sql;SQL Core;0.00;Не смогла решить поиск всех подкатегорий.;recursive_cte;Subqueries / CTE;
2026-07-21 00:00:00;SQL_2107_12;sql;SQL Core;0.00;Не смогла решить задачу на подсчёт прямых подкатегорий.;recursive_cte;Subqueries / CTE;
2026-07-21 00:00:00;SQL_2107_13;sql;Data Handling;1.00;Полностью самостоятельно решила задачу на генерацию календаря и рабочие дни.;date_functions;Dates;
2026-07-21 00:00:00;SQL_2107_14;sql;Product Analytics;0.90;Решение правильное, единственная ошибка — забыла умножить результат на 100.0 при вычислении процентов.;retention;User Lifecycle;
2026-07-21 00:00:00;SQL_2107_15;sql;SQL Core;0.00;Не смогла разобрать рекурсивный CTE и ответить на вопросы по чтению кода.;sql_reading;Basics;
2026-07-23 00:00:00;STAT_2207_01;statistics;Assumption Tests;0.75;Полностью правильно описала критерий Бартлетта.;bartlett_test;Homogeneity of Variance;
2026-07-23 00:00:00;STAT_2207_02;statistics;Assumption Tests;0.5;Полностью правильно описала критерий Левена, но с конспектом;levene_test;Homogeneity of Variance;
2026-07-23 00:00:00;STAT_2207_03;statistics;Parametric Analysis;1.00;Правильно описала критерий Шеффе.;scheffe_test;Post-hoc Tests;
2026-07-23 00:00:00;STAT_2207_04;statistics;Parametric Analysis;0.5;Правильно описала тест Даннетта, но ответ не полный;dunnett_test;Post-hoc Tests;
2026-07-23 00:00:00;STAT_2207_05;statistics;Categorical Analysis;0.5;Правильно описала коэффициент Крамера, но ответ не полный;association_measures;Association Measures;
2026-07-23 00:00:00;STAT_2207_06;statistics;Hypothesis Testing;1.00;Полностью верный алгоритм выбора тестов.;test_selection;Test Selection;
2026-07-23 00:00:00;STAT_2207_07;statistics;Categorical Analysis;1.00;Правильно выбрала критерий Мак-Немара.;paired_categorical_selection;Paired Categorical;
2026-07-23 00:00:00;STAT_2207_08;statistics;Categorical Analysis;1.00;Полностью верный выбор критерия хи-квадрат.;independence_categorical_selection;Independence Tests;
2026-07-23 00:00:00;STAT_2207_09;statistics;Hypothesis Testing;1.00;Правильно выбрала парный t-тест.;test_selection;Test Selection;
2026-07-23 00:00:00;STAT_2207_10;statistics;Hypothesis Testing;0;Сначала хотела использовать Z-тест для двух долей, после разбора запомнила, что для трёх групп нужен критерий хи-квадрат Пирсона.;test_selection;Test Selection;
2026-07-23 00:00:00;STAT_2207_11;statistics;Parametric Analysis;1.00;Полностью правильный алгоритм.;two_independent_test_selection;Two Independent Samples;
2026-07-23 00:00:00;STAT_2207_12;statistics;Parametric Analysis;0;Перепутала независимые и зависимые выборки, сначала выбрала Мак-Немара вместо Z-теста для двух долей.;two_independent_test_selection;Two Independent Samples;
2026-07-23 00:00:00;STAT_2207_13;statistics;Categorical Analysis;1.00;Полностью самостоятельно решила задачу по критерию хи-квадрат Пирсона.;independence_categorical_selection;Independence Tests;
2026-07-23 00:00:00;STAT_2207_14;statistics;Hypothesis Testing;1.00;Полностью правильный алгоритм выбора тестов.;test_selection;Test Selection;
2026-07-23 00:00:00;STAT_2207_15;statistics;Parametric Analysis;1.00;Правильно выбрала парный t-тест.;paired_t_test;Paired Samples;
2026-07-23 00:00:00;STAT_2207_16;statistics;Categorical Analysis;1.00;Правильно выбрала критерий хи-квадрат Пирсона.;chi_square_independence;Independence Tests;
2026-07-23 00:00:00;STAT_2207_17;statistics;Nonparametric Analysis;1.00;Правильно выбрала критерий Манна—Уитни.;nonparametric_two_independent_selection;Two Independent Samples;
2026-07-23 00:00:00;STAT_2207_18;statistics;Categorical Analysis;1.00;Правильно выбрала критерий хи-квадрат Пирсона.;independence_categorical_selection;Independence Tests;
2026-07-23 00:00:00;STAT_2207_19;statistics;Categorical Analysis;1.00;Правильно выбрала критерий Мак-Немара.;paired_categorical_selection;Paired Categorical;
2026-07-23 00:00:00;STAT_2207_20;statistics;Parametric Analysis;1.00;Правильно выбрала критерий Александера—Говерна.;multiple_independent_test_selection;Multiple Independent Groups;
2026-07-23 00:00:00;STAT_2207_21;statistics;Nonparametric Analysis;0;Сначала выбрала Александера—Говерна, после разбора закрепила, что при ненормальности нужен критерий Краскела—Уоллиса.;nonparametric_multiple_independent_selection;Multiple Independent Groups;
2026-07-23 00:00:00;STAT_2207_22;statistics;Parametric Analysis;1.00;Правильно выбрала критерий Шеффе для post-hoc при разных размерах групп.;parametric_post_hoc_test_selection;Post-hoc Tests;
2026-07-23 00:00:00;STAT_2207_23;statistics;Hypothesis Testing;0;Сначала выбрала хи-квадрат, после разбора закрепила применение критерия Уилкоксона для зависимых порядковых данных.;test_selection;Test Selection;
2026-07-23 00:00:00;STAT_2207_24;statistics;Parametric Analysis;1.00;Самостоятельно решила задачу на Z-тест для одной доли.;z_test_one_proportion;One Sample Tests;
2026-07-23 00:00:00;STAT_2207_25;statistics;Parametric Analysis;1.00;Самостоятельно решила задачу на Z-тест для двух долей.;z_test_two_proportions;Two Independent Samples;
2026-07-23 00:00:00;STAT_2307_01;statistics;Nonparametric Analysis;1.00;Правильно выбрала критерий Краскела—Уоллиса, после него — тест Данна.;nonparametric_multiple_independent_selection;Multiple Independent Groups;
2026-07-23 00:00:00;STAT_2307_02;statistics;Categorical Analysis;1.00;Правильно выбрала критерий Мак-Немара.;paired_categorical_selection;Paired Categorical;
2026-07-23 00:00:00;STAT_2307_03;statistics;Categorical Analysis;1.00;Правильно выбрала критерий хи-квадрат Пирсона.;independence_categorical_selection;Independence Tests;
2026-07-23 00:00:00;STAT_2307_04;statistics;Parametric Analysis;1.00;Полностью правильный алгоритм: Бартлетт → ANOVA/Александер—Говерн → Тьюки.;multiple_independent_test_selection;Multiple Independent Groups;
2026-07-23 00:00:00;STAT_2307_05;statistics;Categorical Analysis;1.00;Правильно выбрала критерий хи-квадрат Пирсона.;independence_categorical_selection;Independence Tests;
2026-07-23 00:00:00;STAT_2307_06;statistics;Hypothesis Testing;1.00;Верно указала необходимость проверки нормальности и выбора между парным t-тестом и Уилкоксоном.;test_selection;Test Selection;
2026-07-23 00:00:00;STAT_2307_07;statistics;Parametric Analysis;0.50;Сначала выбрала Z-тест для одной доли, после разбора закрепила, что нужен Z-тест для двух независимых долей.;two_independent_test_selection;Two Independent Samples;
2026-07-23 00:00:00;STAT_2307_08;statistics;Assumption Tests;1.00;Правильно выбрала критерий Флигнера—Киллина.;variance_assessment;Homogeneity of Variance;
2026-07-23 00:00:00;STAT_2307_09;statistics;Parametric Analysis;1.00;Правильно выбрала тест Тьюки.;parametric_post_hoc_test_selection;Post-hoc Tests;
2026-07-23 00:00:00;STAT_2307_10;statistics;Categorical Analysis;0;Сначала попыталась использовать Мак-Немара/Кохрена. После разбора закрепила, что для трёх категорий применяется критерий Мак-Немара—Боукера.;paired_categorical_selection;Paired Categorical;
2026-07-23 00:00:00;STAT_2307_11;statistics;Parametric Analysis;1.00;Самостоятельно решила задачу на критерий хи-квадрат для дисперсии.;chi_square_variance_test;One Sample Tests;
2026-07-23 00:00:00;STAT_2307_12;statistics;Categorical Analysis;1.00;Самостоятельно решила задачу на критерий хи-квадрат Пирсона.;chi_square_independence;Independence Tests;
2026-07-23 00:00:00;STAT_2307_13;statistics;Parametric Analysis;0.5;Полностью правильно описала ANOVA с повторными измерениями, но с использованием конспектов;repeated_measures_anova;Multiple Paired Groups;
2026-07-23 00:00:00;STAT_2307_14;statistics;Nonparametric Analysis;0.5;Полностью правильно описала критерий Фридмана, но с использованием конспектов;friedman_test;Multiple Paired Groups;
2026-07-23 00:00:00;STAT_2307_15;statistics;Categorical Analysis;0.5;Полностью правильно описала Q-критерий Кохрена, но с использованием конспектов;cochran_q_test;Paired Categorical Tests;
2026-07-23 00:00:00;STAT_2307_16;statistics;Nonparametric Analysis;0.75;Полностью правильно описала G-критерий знаков, но пока нет уверенности;sign_test;Paired Samples;
2026-07-23 00:00:00;STAT_2307_17;statistics;Nonparametric Analysis;0;Не описала;sign_test;Paired Samples;
2026-07-23 00:00:00;STAT_2307_18;statistics;Nonparametric Analysis;1.00;Правильно выбрала критерий Фридмана.;nonparametric_multiple_paired_selection;Multiple Paired Groups;
2026-07-23 00:00:00;STAT_2307_19;statistics;Categorical Analysis;1.00;Правильно выбрала критерий Мак-Немара.;paired_categorical_selection;Paired Categorical;
2026-07-23 00:00:00;STAT_2307_20;statistics;Categorical Analysis;1.00;Правильно выбрала Q-критерий Кохрена.;paired_categorical_selection;Paired Categorical;
2026-07-23 00:00:00;STAT_2307_21;statistics;Parametric Analysis;1.00;Правильно выбрала критерий Уилкоксона для зависимых выборок.;paired_test_selection;Paired Samples;
2026-07-23 00:00:00;STAT_2307_22;statistics;Parametric Analysis;1.00;Правильно выбрала одновыборочный критерий Уилкоксона (или критерий знаков).;paired_test_selection;Paired Samples;
2026-07-23 00:00:00;STAT_2307_23;statistics;Parametric Analysis;1.00;Самостоятельно решила задачу на критерий хи-квадрат для проверки дисперсии.;chi_square_variance_test;One Sample Tests;
