bank_task_code;domain;pattern;group;subgroup;difficulty;source;title;task_description;solution_outline;common_mistakes;loaded_to_db_at
BANK_SQL_001;sql;aggregation;SQL Core;Aggregation;1;Simulative;Количество задач по уровням сложности;Из таблицы problem необходимо вывести уровень сложности задач и количество задач для каждого уровня сложности. В результате должны присутствовать столбцы difficulty и task_count. Результат отсортируйте по уровню сложности.;GROUP BY по уровню сложности + COUNT(*);"Отсутствие GROUP BY; неверный COUNT()";2026-07-16 00:00:00
BANK_SQL_002;sql;join;SQL Core;Joins;1;Simulative;Количество задач по языкам программирования;Используя таблицы language, languagetoproblem и problem, выведите названия всех языков программирования и количество задач, связанных с каждым языком. В результате должны присутствовать столбцы language_name и problem_count. Выведите все языки, даже если для них нет задач.;JOIN трёх таблиц → GROUP BY язык → COUNT();"Неверный JOIN; дублирование строк";2026-07-16 00:00:00
BANK_SQL_003;sql;conditional_aggregation;SQL Core;Aggregation;1;Simulative;Пополнения кошелька более 500;Используя таблицы users, transaction и transactiontype, выведите пользователей, совершавших транзакции типа «Пополнение кошелька». Для каждого пользователя необходимо вывести логин (username) и общую сумму пополнений (total_score). В результат включите только пользователей, у которых сумма пополнений превышает 500.;JOIN → WHERE по типу транзакции → GROUP BY → SUM → HAVING;"Использование WHERE вместо HAVING; COUNT вместо SUM";2026-07-16 00:00:00
BANK_SQL_004;sql;conditional_aggregation;SQL Core;Aggregation;1;Simulative;Пользователи с более чем 200 отправками;Используя таблицы users и codesubmit, выведите логин пользователя (username) и количество отправленных решений (submission_count). Учитывайте только пользователей, зарегистрировавшихся в 2021 году, и выведите только тех, у кого количество отправленных решений превышает 200.;JOIN → фильтрация по дате → GROUP BY → COUNT → HAVING;"Фильтрация после агрегации через WHERE; неправильная группировка";2026-07-16 00:00:00
BANK_SQL_005;sql;string_cleanup;Data Handling;Strings;2;LeetCode;Нормализация регистра имени;Дана таблица Users(user_id, name). Необходимо привести значения столбца name к единому формату: первая буква должна быть заглавной, все остальные — строчными. Верните таблицу, отсортированную по user_id.;Использовать функции изменения регистра и конкатенацию частей строки.;"Неправильная обработка первой буквы; изменение уже корректных строк";2026-07-16 00:00:00
BANK_SQL_006;sql;regex;Data Handling;Strings;2;LeetCode;Поиск пациентов с DIAB1;Дана таблица Patients(patient_id, patient_name, conditions). В поле conditions хранится список диагнозов, разделённых пробелами. Найдите пациентов, у которых присутствует диагноз, начинающийся с префикса DIAB1. Верните столбцы patient_id, patient_name и conditions.;Использовать регулярное выражение или поиск по шаблону.;"Поиск подстроки вместо отдельного кода; неверное регулярное выражение";2026-07-16 00:00:00
BANK_SQL_007;sql;row_number;SQL Core;Window Functions;2;LeetCode;Вторая по величине зарплата;Дана таблица Employee(id, salary). Найдите вторую по величине уникальную зарплату сотрудников. Если второй уникальной зарплаты не существует, верните NULL.;DISTINCT → сортировка/оконные функции → выбор второго значения.;"Не учитывать дубликаты; отсутствие NULL при отсутствии второго значения";2026-07-16 00:00:00
BANK_SQL_008;sql;aggregation;SQL Core;Aggregation;2;LeetCode;Проданные товары по датам;Дана таблица Activities(sell_date, product). Для каждой даты определите количество различных проданных товаров и сформируйте список этих товаров в алфавитном порядке. Верните столбцы sell_date, num_sold и products. Результат отсортируйте по дате продажи.;GROUP BY по дате → COUNT(DISTINCT) + агрегирование строк.;"Не использовать DISTINCT; отсутствие сортировки списка товаров";2026-07-16 00:00:00
BANK_SQL_009;sql;regex;Data Handling;Strings;3;LeetCode;Проверка email;Дана таблица Users(user_id, name, mail). Необходимо найти пользователей с корректными адресами электронной почты. Корректный адрес должен начинаться с буквы, может содержать буквы, цифры, символы '.', '-', '_', а домен должен быть строго @leetcode.com. Верните всех пользователей, удовлетворяющих этим требованиям.;Проверка шаблона регулярным выражением.;"Неполный шаблон; неверная проверка начала строки";2026-07-16 00:00:00
BANK_SQL_010;sql;string_parsing;Data Handling;Strings;2;AI;Инициалы автора;Дана таблица authors(id, full_name). В поле full_name хранится полное имя автора, например: «Александр Сергеевич Пушкин», «Лев Толстой», «Анна Ахматова». Для каждого автора необходимо получить два новых поля: last_name — фамилия автора, и initials — инициалы в формате «А. С. Пушкин» или «Л. Толстой» в зависимости от количества слов в имени.;"Разбить строку; использовать REVERSE для поиска последнего слова; собрать инициалы.";Некорректная обработка двух и трёх слов;2026-07-16 00:00:00
BANK_SQL_011;sql;forward_fill;SQL Core;Window Functions;2;AI;Forward Fill статуса;Дана таблица user_status(user_id, date, status). Статус пользователя записывается только в день его изменения. Для пользователя user_id = 1 необходимо вывести статус на каждый день с 1 по 10 января 2024 года, заполнив пропущенные даты последним известным значением статуса.;Построить календарь → соединить → заполнить последнее известное значение оконной функцией.;"Использование LAG вместо полноценного заполнения; отсутствие календаря";2026-07-16 00:00:00
BANK_SQL_012;sql;self_join;SQL Core;Joins;2;AI;Сотрудники и руководители;Дана таблица employees(id, name, manager_id, salary, department). Для каждого сотрудника необходимо вывести имя сотрудника (employee_name), имя его руководителя (manager_name), разницу между зарплатой сотрудника и руководителя (salary_diff), среднюю зарплату по отделу (avg_dept_salary) и признак (above_dept_avg), принимающий значение 1, если зарплата сотрудника выше средней по отделу, и 0 в противном случае.;SELF JOIN + оконная функция AVG() OVER().;"Неверный SELF JOIN; отсутствие PARTITION BY";2026-07-16 00:00:00
BANK_SQL_013;sql;retention;Product Analytics;User Lifecycle;3;AI;D1/D3 Retention;Дана таблица user_actions(user_id, action_date, action_type), где первое действие пользователя считается регистрацией. Для когорт пользователей за последние 14 дней необходимо рассчитать Day 1 и Day 3 Retention. В результате должны присутствовать столбцы cohort_date, cohort_size, day_1_retention и day_3_retention. Значения retention необходимо вывести в процентах и округлить до одного знака после запятой.;Определить дату первой активности → построить когорты → условная агрегация по дням.;"Неверное определение когорты; расчёт процентов не от размера когорты";2026-07-16 00:00:00
BANK_SQL_014;sql;running_aggregates;SQL Core;Window Functions;2;AI;Running Total;Дана таблица transactions(id, user_id, amount, type, date), где поле type принимает значения 'in' или 'out'. Для каждого пользователя необходимо рассчитать ежедневное изменение баланса (daily_change) и накопительный баланс (balance) по датам. В результате должны присутствовать столбцы user_id, date, daily_change и balance.;Предварительная агрегация по дням → SUM() OVER().;"Неправильный ORDER BY; отсутствие PARTITION BY";2026-07-16 00:00:00
BANK_SQL_058;sql;regex;Data Handling;Strings;3;AI;Проверка формата данных;"Таблица products: id, name, article (VARCHAR)
article: 'ART-001', 'ART-002', 'MOD-123', 'art-456', 'WRONG', NULL
Задание: Найдите товары, у которых article соответствует формату: три заглавные буквы, дефис, три цифры. Пример: 'ART-001'.
Выведите: id, name, article, is_valid (1/0)";Использовать регулярные выражения с учётом начала и конца строки.;Использовать LIKE там, где требуется полноценное регулярное выражение.;2026-07-16 00:00:00
BANK_THEORY_001;theory;binomial;Distributions;Discrete;1;AI;Монета: ровно два орла;Симметричную монету подбрасывают 3 раза. Найдите вероятность того, что ровно два раза выпадет орёл. Используйте биномиальное распределение или комбинаторный подход.;Использовать биномиальную формулу (P(X=k)).;"Путать с геометрическим распределением; неверно считать сочетания.";2026-07-16 00:00:00
BANK_THEORY_002;theory;classical_probability;Probability;Basics;2;AI;Делегация из женщин;В отделе работают 5 мужчин и 7 женщин. Для участия в конференции случайным образом выбирают делегацию из 3 человек. Найдите вероятность того, что все выбранные сотрудники окажутся женщинами.;Использовать сочетания без возвращения. Вероятность получить как отношение числа благоприятных комбинаций к общему числу комбинаций.;"Использовать размещения вместо сочетаний; неверно вычислять общее число способов.";2026-07-16 00:00:00
BANK_THEORY_003;theory;classical_probability;Probability;Basics;3;AI;Вероятность встречи;Два человека договариваются встретиться между 12:00 и 13:00. Каждый приходит в случайный момент независимо от другого. Первый пришедший ждёт второго 15 минут. Найдите вероятность того, что встреча состоится. Используйте геометрическое определение вероятности.;Построить квадрат возможных моментов прихода. Выделить область, где разница времени прихода не превышает 15 минут, и вычислить её площадь.;"Решать задачу как дискретную; неверно построить геометрическую область.";2026-07-16 00:00:00
BANK_THEORY_004;theory;combinatorics;Probability;Basics;1;AI;Выбор книг;Сколькими способами можно выбрать 2 книги из 10 различных книг для поездки?;Использовать сочетания без повторений.;Использовать размещения вместо сочетаний.;2026-07-16 00:00:00
BANK_THEORY_005;theory;combinatorics;Probability;Basics;2;AI;Распределение медалей;В турнире участвуют 8 команд. Сколькими способами можно распределить золотую, серебряную и бронзовую медали между командами?;Использовать размещения без повторений, так как порядок призовых мест важен.;Использовать сочетания вместо размещений.;2026-07-16 00:00:00
BANK_THEORY_006;theory;combinatorics;Probability;Basics;3;AI;Возрастающие шестизначные числа;Сколько существует различных шестизначных чисел, в которых каждая следующая цифра строго больше предыдущей?;Свести задачу к выбору набора цифр и использовать комбинаторные рассуждения.;"Пытаться перебирать числа; забывать, что цифры не могут повторяться.";2026-07-16 00:00:00
BANK_THEORY_007;theory;conditional_probability;Probability;Conditional;1;AI;Красная карта;Из стандартной колоды из 52 карт извлекли одну карту. Известно, что карта красной масти. Найдите вероятность того, что это король.;Использовать определение условной вероятности. Рассматривать только красные карты.;Делить на 52 вместо количества красных карт.;2026-07-16 00:00:00
BANK_THEORY_008;theory;conditional_probability;Probability;Conditional;2;AI;Пользователи функций A и B;Среди 100 пользователей приложения 60 используют функцию A, 50 — функцию B, а 30 используют обе функции. Если известно, что пользователь использует функцию A, найдите вероятность того, что он также использует функцию B.;Использовать формулу условной вероятности через вероятность пересечения событий.;Путать условную вероятность с вероятностью пересечения.;2026-07-16 00:00:00
BANK_THEORY_009;theory;conditional_probability;Probability;Conditional;3;AI;Диагностический тест;Заболевание встречается у 0.5% населения. Чувствительность теста — 95%, ложноположительная вероятность — 2%. Пользователь получил положительный результат теста. Найдите вероятность того, что он действительно болен.;Использовать формулу полной вероятности и формулу Байеса. Дополнительный паттерн: bayes.;"Путать чувствительность теста с искомой вероятностью; не учитывать базовую распространённость заболевания.";2026-07-16 00:00:00
BANK_THEORY_010;theory;independence;Probability;Conditional;1;AI;Монета и кубик;Одновременно бросают монету и игральный кубик. Проверьте, являются ли события «выпала решка» и «выпало число больше 4» независимыми. Обоснуйте ответ.;Проверить условие независимости через произведение вероятностей.;Путать независимость с несовместностью.;2026-07-16 00:00:00
BANK_THEORY_011;theory;independence;Probability;Conditional;2;AI;Независимые серверы;Два независимых сервера работают параллельно. Вероятность отказа первого — 0.1, второго — 0.15. Найдите вероятность того, что за смену выйдут из строя оба сервера.;Использовать свойство независимости событий и правило умножения вероятностей.;Складывать вероятности вместо умножения.;2026-07-16 00:00:00
BANK_THEORY_012;theory;independence;Probability;Conditional;3;AI;Проверка независимости;Даны вероятности: P(A)=0.5, P(B)=0.4, P(A∪B)=0.7. Определите, являются ли события независимыми. Выполните необходимые расчёты.;Найти вероятность пересечения через формулу объединения и сравнить её с произведением вероятностей.;"Проверять только объединение событий; забывать критерий независимости.";2026-07-16 00:00:00
BANK_THEORY_013;theory;bayes;Probability;Bayes;1;AI;Источник заявки;70% посетителей приходят из поиска, 30% — по реферальным ссылкам. Конверсия поиска — 2%, рефералов — 5%. Пользователь оставил заявку. Найдите вероятность того, что он пришёл по реферальной ссылке.;Использовать формулу полной вероятности и формулу Байеса.;Игнорировать доли источников трафика.;2026-07-16 00:00:00
BANK_THEORY_014;theory;bayes;Probability;Bayes;2;AI;Бракованный станок;Три станка производят детали с разной долей брака. Первый производит 30% деталей (брак 3%), второй — 30% (2%), третий — 40% (4%). Известно, что случайно выбранная деталь оказалась бракованной. Определите вероятность того, что её изготовил третий станок.;Использовать формулу полной вероятности и формулу Байеса.;Не учитывать долю продукции каждого станка.;2026-07-16 00:00:00
BANK_THEORY_015;theory;bayes;Probability;Bayes;3;AI;Спам-фильтр;Слово «бесплатно» встречается в 80% спам-писем и в 5% обычных писем. Известно, что 60% всей почты — спам. В новом письме найдено слово «бесплатно». Найдите вероятность того, что письмо является спамом.;Использовать формулу Байеса с априорной вероятностью спама.;Путать вероятность признака с вероятностью класса.;2026-07-16 00:00:00
BANK_THEORY_016;theory;multistage_probability;Probability;Bayes;1;AI;Перекладывание шара;В первой урне 4 белых и 2 чёрных шара, во второй — 3 белых и 3 чёрных. Один случайный шар перекладывают из первой урны во вторую, после чего из второй урны извлекают один шар. Найдите вероятность того, что он окажется белым.;Разбить задачу на случаи и использовать формулу полной вероятности.;Не учитывать изменение состава второй урны после перекладывания.;2026-07-16 00:00:00
BANK_THEORY_017;theory;multistage_probability;Probability;Bayes;2;AI;Выбор урны;Есть две урны. В первой — 2 белых и 1 чёрный шар, во второй — 3 белых и 1 чёрный. Случайно выбрали урну и достали белый шар. Найдите вероятность того, что была выбрана первая урна.;Использовать формулу Байеса.;Игнорировать априорную вероятность выбора урны.;2026-07-16 00:00:00
BANK_THEORY_018;theory;multistage_probability;Probability;Bayes;3;AI;Два перекладывания между урнами;Из первой урны во вторую случайно перекладывают два шара. Затем из второй урны извлекают белый шар. Найдите вероятность того, что среди переложенных шаров был ровно один белый.;Построить дерево вероятностей, рассмотреть все варианты перекладывания и применить формулу Байеса.;Не рассматривать все возможные комбинации переложенных шаров.;2026-07-16 00:00:00
BANK_THEORY_019;theory;bernoulli;Distributions;Discrete;1;AI;Испытания Бернулли: монета;Монету подбрасывают 3 раза. Рассматривайте каждый бросок как отдельное испытание Бернулли. Опишите случайную величину «выпал орёл» и укажите вероятность успеха (p).;Определить, что одно испытание имеет два исхода, и указать параметр распределения Бернулли.;Путать испытание Бернулли с биномиальным распределением.;2026-07-16 00:00:00
BANK_THEORY_020;theory;bernoulli;Distributions;Discrete;2;AI;Недоставленная СМС;Известно, что 0.1% всех SMS не доходят до адресата. Отправляется ровно одно сообщение. Определите распределение случайной величины «сообщение не доставлено», найдите математическое ожидание и дисперсию.;Определить распределение Бернулли, затем использовать формулы (E(X)=p) и (Var(X)=p(1-p)).;Использовать биномиальное распределение вместо Бернулли.;2026-07-16 00:00:00
BANK_THEORY_021;theory;bernoulli;Distributions;Discrete;3;AI;Правдоподобие параметра Бернулли;Проверяется гипотеза о доле брака (p=0.1). Из партии случайно выбирают одно изделие. Постройте функцию правдоподобия параметра (p) по результату одного наблюдения.;Записать likelihood отдельно для успеха и неуспеха.;Путать вероятность события и функцию правдоподобия.;2026-07-16 00:00:00
BANK_THEORY_022;theory;binomial;Distributions;Discrete;1;AI;Монета: 10 бросков;Монету подбрасывают 10 раз. Найдите вероятность того, что ровно 5 раз выпадет орёл.;Использовать формулу биномиального распределения.;Ошибки в сочетаниях или степенях вероятностей.;2026-07-16 00:00:00
BANK_THEORY_023;theory;binomial;Distributions;Discrete;2;AI;Конверсия интернет-магазина;Вероятность покупки посетителем сайта равна 0.4. За день сайт посетили 15 новых пользователей. Найдите вероятность того, что покупку совершат ровно 8 человек, а также вероятность того, что покупок будет не более двух.;Построить биномиальную модель с параметрами (n=15), (p=0.4), затем вычислить требуемые вероятности.;"Неверно определить параметры модели; забывать суммировать вероятности для события «не более».";2026-07-16 00:00:00
BANK_THEORY_024;theory;binomial;Distributions;Discrete;3;AI;Холодные звонки;Менеджер делает 100 холодных звонков. Вероятность договориться о встрече равна 0.15. Найдите ожидаемое число встреч и с помощью нормальной аппроксимации оцените вероятность получить от 10 до 20 встреч.;Найти (E(X)=np), затем использовать нормальную аппроксимацию биномиального распределения. Дополнительный паттерн: normal_distribution.;"Не использовать поправку на непрерывность; применять биномиальную формулу вместо аппроксимации.";2026-07-16 00:00:00
BANK_THEORY_025;theory;geometric;Distributions;Discrete;1;AI;Первый успех;Игральный кубик бросают до первого выпадения шестёрки. Найдите вероятность того, что шестёрка впервые появится на четвёртом броске.;Использовать формулу геометрического распределения.;Путать номер попытки с количеством неудач.;2026-07-16 00:00:00
BANK_THEORY_026;theory;geometric;Distributions;Discrete;2;AI;Поиск кандидата;Вероятность того, что случайное резюме принадлежит подходящему кандидату, равна 0.05. Найдите среднее количество резюме, которое нужно просмотреть до первого подходящего кандидата.;Использовать математическое ожидание геометрического распределения.;Использовать биномиальное распределение вместо геометрического.;2026-07-16 00:00:00
BANK_THEORY_028;theory;poisson;Distributions;Discrete;1;AI;Звонки в call-центр;В call-центр в среднем поступает 4 звонка в минуту. Найдите вероятность того, что за одну минуту поступит ровно 2 звонка.;Использовать распределение Пуассона с параметром (\lambda=4).;Неверно определить параметр (\lambda).;2026-07-16 00:00:00
BANK_THEORY_029;theory;poisson;Distributions;Discrete;2;AI;Посетители сайта;В среднем на сайт заходит 30 пользователей в час. Найдите вероятность того, что за 10 минут не зайдёт ни один пользователь.;Пересчитать интенсивность на 10 минут и применить распределение Пуассона.;Использовать часовую интенсивность без пересчёта.;2026-07-16 00:00:00
BANK_THEORY_030;theory;poisson;Distributions;Discrete;3;AI;Жалобы клиентов;В среднем магазин получает 1.5 жалобы в день. Найдите вероятность того, что за неделю поступит не более 5 жалоб.;Найти недельную интенсивность и вычислить накопленную вероятность распределения Пуассона.;Использовать среднее за день вместо среднего за неделю.;2026-07-16 00:00:00
BANK_THEORY_031;theory;uniform_distribution;Distributions;Continuous;1;AI;Ожидание автобуса;Автобус приходит на остановку каждые 20 минут. Вы приходите на остановку в случайный момент времени. Найдите вероятность того, что ждать автобус придётся меньше 5 минут.;Использовать свойства равномерного распределения на отрезке. Найти отношение длины благоприятного интервала к длине всего интервала.;"Путать вероятность с временем ожидания; неверно определять длину интервала.";2026-07-16 00:00:00
BANK_THEORY_032;theory;uniform_distribution;Distributions;Continuous;2;AI;Равномерное распределение на отрезке;Случайная величина (X) равномерно распределена на отрезке ([0,10]). Найдите вероятность (P(X>7)), математическое ожидание и дисперсию.;Использовать формулы для распределения Uniform(a,b).;Ошибки в формулах математического ожидания и дисперсии.;2026-07-16 00:00:00
BANK_THEORY_033;theory;uniform_distribution;Distributions;Continuous;3;AI;Вложенное равномерное распределение;Сначала генерируется случайная величина (X\sim U(0,1)), затем (Y\sim U(0,X)). Найдите математическое ожидание (E(Y)), используя закон полного математического ожидания.;Найти условное ожидание (E(Y|X)), затем применить закон полного математического ожидания. Дополнительный паттерн: law_of_total_expectation.;Пытаться сразу интегрировать без использования условного ожидания.;2026-07-16 00:00:00
BANK_THEORY_034;theory;total_probability;Probability;Conditional;1;AI;Формула полной вероятности;Запишите формулу полной вероятности. Объясните смысл каждого элемента формулы и укажите, в каких задачах она применяется.;Записать формулу → объяснить разбиение пространства событий → привести пример применения.;Путать формулу полной вероятности с формулой Байеса.;2026-07-16 00:00:00
BANK_THEORY_035;theory;total_probability;Probability;Conditional;2;AI;Общая вероятность брака;Завод выпускает продукцию для двух рынков. 20% изделий отправляется на экспорт, вероятность брака среди них составляет 1%. Остальные 80% идут на внутренний рынок с вероятностью брака 5%. Найдите вероятность того, что случайно выбранное изделие окажется бракованным.;Разбить событие на несовместные случаи → применить формулу полной вероятности.;Забывать учитывать долю продукции каждого типа.;2026-07-16 00:00:00
BANK_THEORY_036;theory;total_probability;Probability;Conditional;3;AI;Вероятность страхового случая;Страховая компания делит клиентов на три группы риска. Для каждой группы известны её доля в портфеле и вероятность наступления страхового случая. Найдите вероятность того, что случайно выбранный клиент из всего страхового портфеля попадёт в страховой случай.;Использовать формулу полной вероятности по группам риска.;Использовать формулу Байеса вместо полной вероятности.;2026-07-16 00:00:00
BANK_THEORY_037;theory;conditional_expectation;Expectation & Variance;Expectation;1;AI;Математическое ожидание суммы с константой;Пусть случайная величина X имеет конечное математическое ожидание. Чему равно E(X+c), где c — константа? Объясните, почему выполняется это свойство.;Использовать свойства математического ожидания.;Писать E(X+c)=E(X)+E(cX).;2026-07-16 00:00:00
BANK_THEORY_038;theory;law_of_total_expectation;Expectation & Variance;Expectation;2;AI;Закон полного математического ожидания;Известно, что E(Y|X)=2X, а E(X)=5. Найдите E(Y), используя закон полного математического ожидания.;Применить E(E(Y|X)).;Забывать применять закон полного ожидания.;2026-07-16 00:00:00
BANK_THEORY_039;theory;variance_properties;Expectation & Variance;Variance;3;AI;Свойство дисперсии независимых величин;Докажите, что для независимых случайных величин X и Y выполняется равенство Var(X−Y)=Var(X)+Var(Y). Используйте свойства дисперсии и ковариации.;Разложить дисперсию суммы → показать, что Cov=0.;Не учитывать знак при ковариации.;2026-07-16 00:00:00
BANK_THEORY_040;theory;correlation_interpretation;Dependence;Covariance;1;AI;Интерпретация ковариации;Известно, что Cov(X,Y)=0. Что можно сказать о взаимосвязи между случайными величинами? Можно ли утверждать, что они независимы? Обоснуйте ответ.;Объяснить смысл ковариации и различие с независимостью.;Приравнивать нулевую ковариацию к независимости.;2026-07-16 00:00:00
BANK_THEORY_041;theory;covariance;Dependence;Covariance;2;AI;Ковариация доходностей;Доходности двух акций имеют положительную ковариацию. Объясните, что это означает для совместного поведения активов и как это влияет на риск инвестиционного портфеля.;Интерпретировать знак ковариации и влияние на риск.;Путать ковариацию с корреляцией.;2026-07-16 00:00:00
BANK_THEORY_043;theory;total_probability;Probability;Conditional;1;AI;Общая вероятность брака;Завод получает детали от двух поставщиков. Первый поставляет 60% всех деталей, вероятность брака у него составляет 2%. Второй поставляет 40% деталей с вероятностью брака 5%. Найдите общую вероятность того, что случайно выбранная деталь окажется бракованной.;Разбить событие на два несовместных случая → применить формулу полной вероятности.;"Не учитывать доли поставщиков; складывать вероятности брака напрямую.";2026-07-16 00:00:00
BANK_THEORY_044;theory;total_probability;Probability;Conditional;2;AI;Конверсия из разных каналов;Пользователи приходят на сайт из трёх источников: SEO (50% посетителей, конверсия 3%), контекстная реклама (30%, конверсия 5%) и социальные сети (20%, конверсия 1%). Найдите вероятность того, что случайный посетитель совершит конверсию.;Использовать формулу полной вероятности по источникам трафика.;Не учитывать долю каждого канала.;2026-07-16 00:00:00
BANK_THEORY_045;theory;total_probability;Probability;Conditional;3;AI;Байес через страховые группы;Страховая компания делит клиентов на три группы риска: низкий риск (60%, вероятность страховой выплаты 0.01), средний риск (30%, вероятность выплаты 0.05) и высокий риск (10%, вероятность выплаты 0.20). Известно, что случайный клиент получил страховую выплату. Найдите вероятность того, что этот клиент относится к группе высокого риска.;Сначала вычислить общую вероятность выплаты → затем применить формулу Байеса.;"Использовать только формулу полной вероятности; забыть нормировать вероятность.";2026-07-16 00:00:00
BANK_THEORY_046;theory;correlation_interpretation;Dependence;Covariance;1;AI;Ковариация и корреляция;Дайте определение ковариации Cov(X,Y). Что она измеряет? Чем ковариация отличается от коэффициента корреляции? Какие преимущества и недостатки есть у каждого показателя?;Дать определения → сравнить масштабируемость и интерпретацию.;Путать ковариацию с корреляцией.;2026-07-16 00:00:00
BANK_THEORY_047;theory;correlation;Dependence;Covariance;2;AI;Расчёт коэффициента корреляции;Доходность актива A имеет стандартное отклонение 12%, актива B — 18%. Ковариация доходностей составляет 0.015. Вычислите коэффициент корреляции между доходностями активов и интерпретируйте полученный результат.;Использовать формулу Corr = Cov/(σXσY).;Подставлять дисперсии вместо стандартных отклонений.;2026-07-16 00:00:00
BANK_THEORY_048;theory;covariance;Dependence;Covariance;3;AI;Связь ковариации и дисперсии;Докажите аналитически, что Cov(X,X)=Var(X). Затем выведите формулу Var(X+Y) через Var(X), Var(Y) и Cov(X,Y).;Использовать определения ковариации и дисперсии → вывести формулу.;Забывать удвоенную ковариацию.;2026-07-16 00:00:00
BANK_THEORY_049;theory;variance_properties;Expectation & Variance;Variance;1;AI;Свойства дисперсии;Чему равна дисперсия константы? Как изменяется дисперсия случайной величины при умножении её на константу c? Запишите соответствующие формулы и объясните их смысл.;Использовать свойства Var(c)=0 и Var(cX)=c²Var(X).;Забывать квадрат коэффициента.;2026-07-16 00:00:00
BANK_THEORY_050;theory;variance_properties;Expectation & Variance;Variance;2;AI;Линейное преобразование случайной величины;Для случайной величины известно, что Var(X)=4. Найдите Var(3X−2) и Var(−X+5). Объясните, почему прибавление константы не влияет на дисперсию.;Использовать свойства дисперсии линейного преобразования.;Менять дисперсию после прибавления константы.;2026-07-16 00:00:00
BANK_THEORY_051;theory;variance_properties;Expectation & Variance;Variance;3;AI;Дисперсия линейной комбинации;Пусть случайные величины X и Y независимы, Var(X)=2, Var(Y)=3. Определите дисперсию случайной величины Z=2X−Y+1 и объясните, почему ковариация не входит в расчёт.;Использовать формулу дисперсии линейной комбинации независимых величин.;Добавлять ковариацию при независимости.;2026-07-16 00:00:00
BANK_THEORY_052;theory;conditional_expectation;Expectation & Variance;Expectation;1;AI;Понятие условного математического ожидания;Объясните смысл записи E(Y | X=x). Что означает условное математическое ожидание и как его следует интерпретировать?;Дать определение и привести интуитивную интерпретацию.;Путать условное ожидание с условной вероятностью.;2026-07-16 00:00:00
BANK_THEORY_053;theory;law_of_total_expectation;Expectation & Variance;Expectation;2;AI;Закон полного ожидания для продаж;Количество продаж Y зависит от дня недели. В будние дни E(Y|будни)=50, в выходные E(Y|выходные)=120. Будние дни составляют 5/7 недели, выходные — 2/7. Найдите общее математическое ожидание E(Y).;Применить закон полного математического ожидания.;Не учитывать вероятности наступления каждого случая.;2026-07-16 00:00:00
BANK_THEORY_054;theory;law_of_total_expectation;Expectation & Variance;Expectation;3;AI;Условное ожидание линейной функции;"Известно, что E(Y|X)=3X+1, а случайная величина X равномерно распределена на интервале [0;10]. Найдите математическое ожидание E(Y), используя закон полного математического ожидания.";Найти E(X), затем воспользоваться E(E(Y|X)).;Подставлять среднее значение X напрямую без использования закона полного ожидания.;2026-07-16 00:00:00
BANK_THEORY_055;theory;law_of_total_expectation;Expectation & Variance;Expectation;1;AI;Закон полного математического ожидания;Сформулируйте закон полного математического ожидания своими словами. Объясните, что он означает и в каких задачах применяется.;Записать закон и объяснить его смысл.;Путать с формулой полной вероятности.;2026-07-16 00:00:00
BANK_THEORY_056;theory;law_of_total_expectation;Expectation & Variance;Expectation;2;AI;Среднее число белых шаров;Случайным образом выбирается одна из двух урн. Первая выбирается с вероятностью 0.6 и содержит в среднем 3 белых шара, вторая — с вероятностью 0.4 и содержит в среднем 5 белых шаров. Найдите ожидаемое число белых шаров.;Использовать взвешенное среднее.;Не учитывать вероятность выбора урны.;2026-07-16 00:00:00
BANK_THEORY_057;theory;law_of_total_expectation;Expectation & Variance;Expectation;3;AI;Средний чек в A/B-тесте;Интернет-магазин проводит A/B-тест. Группа A получает 50% трафика, средний чек — 800 ₽. Группа B получает 50% трафика, средний чек — 950 ₽. В каждой группе 20% пользователей используют промокод, уменьшающий средний чек на 30%. Найдите общий ожидаемый средний чек.;Использовать закон полного математического ожидания с несколькими уровнями разбиения.;Игнорировать влияние промокодов или вероятности их использования.;2026-07-16 00:00:00
BANK_THEORY_058;theory;distribution_concept;Distributions;Distribution Concepts;1;AI;Понятие распределения;Что такое закон распределения случайной величины? Чем отличается дискретное распределение от непрерывного? Приведите примеры каждого типа.;Дать определения и примеры.;Путать случайную величину с распределением.;2026-07-16 00:00:00
BANK_THEORY_059;theory;density_interpretation;Distributions;Distribution Functions;2;AI;PDF и CDF;Объясните, какую информацию содержат функция плотности вероятности (PDF) и функция распределения (CDF). Как связаны между собой эти функции?;Сравнить PDF и CDF, объяснить связь через интеграл и производную.;Путать плотность с вероятностью.;2026-07-16 00:00:00
BANK_THEORY_060;theory;distribution_concept;Distributions;Distribution Concepts;3;AI;Определение распределения по данным;Вам дана гистограмма выборки. Опишите пошаговый алгоритм определения наиболее подходящего распределения. На какие характеристики следует обратить внимание? Какие распределения стоит рассмотреть в первую очередь?;Проанализировать форму, симметрию, хвосты, поддержку, дискретность, параметры.;"Определять распределение только ""на глаз"".";2026-07-16 00:00:00
BANK_THEORY_061;theory;distribution_identification;Distributions;Distribution Concepts;1;AI;Количество опечаток;Необходимо выбрать вероятностное распределение для описания количества опечаток на странице книги. Определите подходящее распределение и объясните свой выбор.;Выбрать распределение Пуассона.;Выбирать нормальное распределение для счётной величины.;2026-07-16 00:00:00
BANK_THEORY_062;theory;distribution_identification;Distributions;Distribution Concepts;2;AI;Время между звонками;В колл-центр звонки поступают случайным образом с постоянной средней интенсивностью. Какое распределение описывает время между соседними звонками? Объясните выбор.;Выбрать экспоненциальное распределение.;Путать с распределением Пуассона.;2026-07-16 00:00:00
BANK_THEORY_063;theory;distribution_identification;Distributions;Distribution Concepts;3;AI;Геометрическое или биномиальное?;Необходимо смоделировать количество дней до первой крупной сделки, если каждый день вероятность успеха одинакова и события независимы. Объясните, почему используется геометрическое распределение, а не биномиальное. Как изменится выбор распределения, если потребуется определить количество успешных сделок за фиксированный период времени?;Сравнить геометрическое и биномиальное распределения по смыслу случайной величины.;"Путать ""число испытаний до успеха"" с ""числом успехов"".";2026-07-16 00:00:00
BANK_THEORY_064;theory;cdf_interpretation;Distributions;Distribution Functions;1;AI;Свойства функции распределения;Случайная величина имеет функцию распределения F(x)=P(X≤x). Чему равно значение F(+∞)? Объясните, почему выполняется это свойство.;Использовать свойства функции распределения.;Отвечать, что F(+∞)=0.;2026-07-16 00:00:00
BANK_THEORY_065;theory;cdf_interpretation;Distributions;Distribution Functions;2;AI;Вероятность по функции распределения;Дана функция распределения: F(x)=x² при 0≤x≤1, F(x)=0 при x<0, F(x)=1 при x>1. Найдите вероятность P(0.3<X≤0.7).;Использовать разность значений функции распределения.;Использовать плотность вместо CDF.;2026-07-16 00:00:00
BANK_THEORY_066;theory;cdf_interpretation;Distributions;Distribution Functions;3;AI;Анализ графика CDF;По графику функции распределения определите приблизительное значение медианы, оцените положение моды и сделайте вывод о наличии или отсутствии тяжёлого правого хвоста распределения. Объясните ход рассуждений.;Проанализировать форму графика CDF и её связь с PDF.;Пытаться определить моду непосредственно по CDF без анализа её производной.;2026-07-16 00:00:00
BANK_THEORY_067;theory;t_distribution;Distributions;Continuous;1;AI;Когда используют t-распределение;Объясните, когда вместо нормального распределения применяется t-распределение Стьюдента. Какие параметры влияют на его форму?;Сравнить условия применения t- и z-распределений.;Считать, что выбор зависит только от объёма выборки.;2026-07-16 00:00:00
BANK_THEORY_068;theory;t_distribution;Distributions;Continuous;2;AI;Доверительный интервал по t-распределению;Имеется выборка объёмом 16 наблюдений. Выборочное среднее равно 25, выборочное стандартное отклонение — 8. Постройте 95%-й доверительный интервал для генерального среднего, используя t-распределение.;Рассчитать стандартную ошибку, определить критическое значение t и построить интервал.;Использовать z-критическое значение вместо t.;2026-07-16 00:00:00
BANK_THEORY_069;theory;t_distribution;Distributions;Continuous;3;AI;Почему t-интервал шире?;Сравните ширину 95%-го доверительного интервала, построенного с использованием t-распределения (n=10, s=5), и интервала на основе нормального распределения при известном σ=5. Объясните, почему t-интервал шире и что произойдёт с его шириной при n→∞.;Сравнить критические значения t и z, объяснить влияние размера выборки.;Объяснять различие только размером выборки, игнорируя неопределённость оценки σ.;2026-07-16 00:00:00
BANK_THEORY_070;theory;classical_probability;Probability;Basics;1;AI;Сумма двух кубиков;Бросают два правильных шестигранных кубика. Найдите вероятность того, что сумма выпавших очков равна 8. Все исходы считать равновозможными.;Перебрать 36 исходов и подсчитать благоприятные.;Ошибки при подсчёте исходов.;2026-07-16 00:00:00
BANK_THEORY_072;theory;bayes;Probability;Bayes;2;AI;Болезнь и диагностический тест;Распространённость заболевания в популяции составляет 2%. Тест имеет чувствительность 95% и специфичность 98%. Человек получил положительный результат теста. Найдите вероятность того, что он действительно болен.;Полная вероятность → формула Байеса.;Путать чувствительность с искомой вероятностью.;2026-07-16 00:00:00
BANK_THEORY_073;theory;bayes;Probability;Bayes;2;AI;Две коробки с шарами;Имеются две коробки. В первой находятся 2 белых и 1 чёрный шар, во второй — 1 белый и 2 чёрных шара. Случайным образом выбирают одну коробку и извлекают один шар. Известно, что шар оказался белым. Найдите вероятность того, что была выбрана первая коробка.;Полная вероятность → формула Байеса.;Забывать учитывать вероятность выбора коробки.;2026-07-16 00:00:00
BANK_THEORY_074;theory;independence;Probability;Conditional;2;AI;Проверка независимости событий;"Даны события A и B, для которых известны: P(A)=0.3, P(B)=0.4, P(A∩B)=0.1. Найдите: 1) вероятность объединения P(A∪B); 2) условную вероятность P(A|B); 3) условную вероятность P(B|A); 4) определите, являются ли события независимыми, обосновав ответ вычислениями.";Использовать формулы объединения и условной вероятности, сравнить (P(A∩B)) и (P(A)P(B)).;Путать независимость и несовместность.;2026-07-16 00:00:00
BANK_THEORY_075;theory;classical_probability;Probability;Basics;2;AI;Урна без возвращения;"В урне находятся 3 белых и 2 чёрных шара. Последовательно извлекают два шара без возвращения. Найдите: вероятность того, что оба шара белые; вероятность события «первый шар белый или второй шар чёрный»; вероятность того, что среди извлечённых шаров будет хотя бы один белый.";Использовать дерево вероятностей или последовательные условные вероятности.;Считать события независимыми.;2026-07-16 00:00:00
BANK_THEORY_076;theory;distribution_identification;Distributions;Distribution Concepts;1;AI;Определить распределение по описанию;Для каждой из приведённых ситуаций определите подходящее распределение случайной величины и укажите его параметры. Среди ситуаций: одно испытание Бернулли, серия независимых испытаний, число событий за интервал времени, число испытаний до первого успеха, время между событиями пуассоновского процесса, равномерное распределение на отрезке и нормально распределённая случайная величина.;Сопоставить сюжет и свойства распределений.;"Путать биномиальное и геометрическое; Пуассона и экспоненциальное.";2026-07-16 00:00:00
BANK_THEORY_077;theory;distribution_properties;Distributions;Distribution Concepts;2;AI;Формулы математического ожидания и дисперсии;Запишите формулы математического ожидания и дисперсии для следующих распределений: Бернулли, биномиального, геометрического, Пуассона, равномерного, экспоненциального и нормального. Укажите параметры каждого распределения.;Воспроизвести формулы без вычислений.;Путать дисперсию и стандартное отклонение.;2026-07-16 00:00:00
BANK_THEORY_078;theory;distribution_properties;Distributions;Distribution Concepts;2;AI;Связь Пуассона и экспоненциального распределения;Объясните связь между распределением Пуассона и экспоненциальным распределением. Укажите, какую случайную величину описывает каждое распределение, какой параметр используется в обоих случаях и почему эти распределения рассматриваются совместно при анализе пуассоновских процессов.;"Пуассон — число событий; экспоненциальное — время между ними.";Путать случайные величины, которые они описывают.;2026-07-16 00:00:00
BANK_THEORY_079;theory;distribution_properties;Distributions;Distribution Concepts;2;AI;Когда биномиальное приближается Пуассоном;Объясните, при каких условиях биномиальное распределение можно приближать распределением Пуассона. Укажите требования к параметрам n и p, запишите связь между параметрами (λ = np) и объясните, почему такое приближение работает.;Большое (n), малое (p), (\lambda=np).;Использовать приближение при больших вероятностях успеха.;2026-07-16 00:00:00
BANK_THEORY_080;theory;distribution_properties;Distributions;Distribution Concepts;2;AI;Формулы вероятностей распределений;Запишите основные формулы для следующих распределений: биномиального, Пуассона, геометрического и экспоненциального. Для дискретных распределений укажите функцию вероятности P(X=k), а для экспоненциального распределения — функцию распределения F(t) и вероятность P(X>t). Объясните, в каких задачах используется каждая формула.;Воспроизвести основные формулы.;Путать PMF и CDF.;2026-07-16 00:00:00
BANK_THEORY_081;theory;sigma_rule;Distributions;Normal Distribution;1;AI;Правило трёх сигм;Запишите правило трёх сигм для нормального распределения. Укажите, какой процент наблюдений находится внутри интервалов μ ± 1σ, μ ± 2σ и μ ± 3σ, а также объясните практический смысл этого правила.;Использовать правило трёх сигм.;Путать проценты.;2026-07-16 00:00:00
BANK_THEORY_082;theory;binomial;Distributions;Discrete;2;AI;Расчёт вероятности по биномиальному распределению;Вероятность успешной продажи при одном звонке равна 0.3. Менеджер совершает 5 независимых звонков. Найдите вероятность того, что будет совершено ровно две продажи. Используйте биномиальное распределение.;Подставить значения в формулу.;Ошибки в сочетаниях и степенях вероятностей.;2026-07-16 00:00:00
BANK_THEORY_083;theory;poisson;Distributions;Discrete;2;AI;Расчёт вероятности по распределению Пуассона;В среднем на одной странице книги встречается 1.5 опечатки. Найдите вероятность того, что на случайно выбранной странице не будет ни одной опечатки. Используйте распределение Пуассона.;Использовать формулу Пуассона.;Неверно выбирать λ.;2026-07-16 00:00:00
BANK_THEORY_084;theory;geometric;Distributions;Discrete;2;AI;Геометрическое распределение;"Вероятность успеха в одном испытании равна 0.25. Найдите: 1) математическое ожидание числа испытаний до первого успеха; 2) вероятность того, что первый успех произойдёт на второй попытке. Используйте геометрическое распределение.";Использовать формулы геометрического распределения.;Путать номер испытания и число неудач.;2026-07-16 00:00:00
BANK_THEORY_085;theory;uniform_distribution;Distributions;Continuous;2;AI;Равномерное распределение;"Случайная величина X имеет равномерное распределение на интервале [1; 7]. Найдите: математическое ожидание, дисперсию, вероятность P(X>5) и вероятность P(2<X<4).";Использовать свойства Uniform[a,b].;Ошибки при вычислении длины интервала.;2026-07-16 00:00:00
BANK_THEORY_086;theory;exponential_distribution;Distributions;Continuous;2;AI;Экспоненциальное распределение;Время обслуживания клиента распределено экспоненциально. Среднее время обслуживания составляет 4 минуты. Определите параметр λ, затем найдите вероятность того, что обслуживание займёт больше 6 минут, и вероятность того, что оно завершится менее чем за 2 минуты.;Найти λ и использовать функцию распределения/выживания.;Путать среднее время и интенсивность.;2026-07-16 00:00:00
BANK_THEORY_087;theory;normal_distribution;Distributions;Continuous;2;AI;Вероятности в нормальном распределении;"Рост людей распределён нормально со средним 170 см и стандартным отклонением 8 см. Найдите: вероятность того, что рост случайного человека превышает 186 см; вероятность того, что рост меньше 154 см; диапазон роста, в котором находится примерно 68% людей.";Стандартизация или правило трёх сигм.;Неверное вычисление z-score.;2026-07-16 00:00:00
BANK_THEORY_088;theory;expectation_variance;Expectation & Variance;Variance;2;AI;Закон распределения;Случайная величина X имеет закон распределения: x = {-1, 0, 2}, p = {0.2, 0.5, 0.3}. Найдите математическое ожидание E(X), второй момент E(X²) и дисперсию Var(X).;Вычислить (E[X]), (E[X^2]), затем дисперсию.;Забывать квадрат при вычислении второго момента.;2026-07-16 00:00:00
BANK_THEORY_089;theory;covariance;Dependence;Covariance;3;AI;Совместное распределение;Дано совместное распределение случайных величин X и Y: | X \ Y | 0 | 1 ||------|----:|----:|| 0 | 0.1 | 0.3 || 1 | 0.4 | 0.2 | Найдите математические ожидания E(X) и E(Y), вычислите E(XY), ковариацию Cov(X,Y) и определите, коррелированы ли случайные величины. Обоснуйте ответ вычислениями.;Вычислить (E[X]), (E[Y]), (E[XY]), затем Cov.;Путать ковариацию и корреляцию.;2026-07-16 00:00:00
BANK_THEORY_092;theory;covariance;Dependence;Covariance;2;AI;Свойства дисперсии;Дано: Var(X)=4, Var(Y)=9, Cov(X,Y)=3. Найдите дисперсию суммы Var(X+Y), дисперсию разности Var(X−Y) и коэффициент корреляции Corr(X,Y). Используйте свойства дисперсии и ковариации.;Использовать свойства дисперсии и ковариации.;Забывать удвоенную ковариацию.;2026-07-16 00:00:00
BANK_THEORY_093;theory;portfolio_variance;Expectation & Variance;Applications;3;AI;Дисперсия портфеля;Рассматривается портфель из двух активов. Известно, что σA = 30%, σB = 20%, коэффициент корреляции Corr(A,B) = −0.3. Найдите ковариацию активов, дисперсию портфеля при w = 0.5, а затем определите долю вложений w, при которой дисперсия портфеля будет минимальной.;Использовать формулу дисперсии портфеля.;Игнорировать ковариацию.;2026-07-16 00:00:00
BANK_THEORY_094;theory;cdf_interpretation;Distributions;Distribution Functions;1;AI;Функция распределения;"Объясните, что такое функция распределения F(x). Запишите её определение и покажите, как с её помощью вычисляется вероятность попадания случайной величины в интервал (a; b].";Использовать определение CDF.;Путать плотность и функцию распределения.;2026-07-16 00:00:00
BANK_THEORY_095;theory;exponential_distribution;Distributions;Continuous;2;AI;Функция выживания;Для экспоненциального распределения с параметром λ запишите функцию распределения F(t) и функцию выживания S(t). Объясните смысл каждой из них и в каких задачах они используются.;Использовать формулы для Exp(λ).;Путать F(t) и S(t).;2026-07-16 00:00:00
BANK_THEORY_096;theory;independence;Probability;Conditional;2;AI;Независимые и несовместные события;Объясните различие между независимыми и несовместными событиями. Дайте определения обоих понятий и приведите пример для каждого случая.;Сравнить определения.;Считать несовместные события независимыми.;2026-07-16 00:00:00
BANK_THEORY_097;theory;correlation_interpretation;Dependence;Covariance;2;AI;Нулевая корреляция и независимость;Можно ли утверждать, что случайные величины независимы, если Corr(X,Y)=0? Дайте ответ, приведите контрпример и объясните, почему нулевая корреляция не гарантирует независимость.;Привести контрпример.;Считать Corr=0 признаком независимости.;2026-07-16 00:00:00
BANK_THEORY_098;theory;chebyshev_inequality;Expectation & Variance;Inequalities;2;AI;Неравенство Чебышёва;Сформулируйте неравенство Чебышёва. Запишите его формулу, объясните, что она означает, и опишите, в каких ситуациях это неравенство применяется для оценки вероятностей независимо от вида распределения случайной величины.;Использовать формулу неравенства и интерпретировать её.;Путать с правилом трёх сигм.;2026-07-16 00:00:00
BANK_THEORY_099;theory;exponential_distribution;Distributions;Continuous;2;AI;Свойство отсутствия памяти;Время между поступлением заявок в систему распределено экспоненциально с параметром λ. Объясните свойство отсутствия памяти экспоненциального распределения. Запишите его в виде формулы и интерпретируйте её смысл на практическом примере (например, время работы оборудования или ожидание следующей заявки).;Использовать определение memoryless property.;Путать с независимостью событий.;2026-07-16 00:00:00
BANK_THEORY_100;theory;bernoulli;Distributions;Discrete;1;AI;Бернулли и биномиальное распределение;Объясните связь между распределением Бернулли и биномиальным распределением. Что описывает каждое из них? Почему биномиальное распределение можно рассматривать как сумму независимых испытаний Бернулли? Приведите пример задачи для каждого распределения.;Биномиальное — сумма независимых Бернулли.;Путать распределение и испытание Бернулли.;2026-07-16 00:00:00
BANK_THEORY_101;theory;distribution_properties;Distributions;Distribution Concepts;2;AI;Связь нормального, χ² и распределения Стьюдента;Объясните взаимосвязь нормального распределения, распределения χ² (хи-квадрат) и распределения Стьюдента. Покажите, как распределение χ² строится из квадратов стандартных нормальных случайных величин, а распределение Стьюдента — через нормальную случайную величину и χ²-распределение. Укажите, в каких статистических задачах применяется каждое из этих распределений.;Показать, как χ² и t строятся из нормального распределения.;Путать области применения распределений.;2026-07-16 00:00:00
BANK_THEORY_102;theory;normal_distribution;Distributions;Continuous;1;AI;Вес пачки печенья;Вес пачки печенья распределён нормально со средним 200 г и стандартным отклонением 5 г. Найдите вероятность того, что случайная пачка весит больше 210 г.;Выполнить стандартизацию (Z-score) и воспользоваться таблицей стандартного нормального распределения.;"Ошибки при вычислении Z-оценки; неверный выбор хвоста распределения.";2026-07-16 00:00:00
BANK_THEORY_103;theory;normal_distribution;Distributions;Continuous;2;AI;Рост мужчин;Рост мужчин распределён нормально со средним 176 см и стандартным отклонением 7 см. Найдите процент мужчин с ростом от 169 до 183 см.;Выполнить стандартизацию или воспользоваться правилом трёх сигм. Дополнительный паттерн: sigma_rule.;"Использовать правило трёх сигм как точную формулу; ошибки при стандартизации.";2026-07-16 00:00:00
BANK_THEORY_104;theory;normal_distribution;Distributions;Continuous;3;AI;Погрешность измерительного прибора;Ошибка измерительного прибора распределена нормально с математическим ожиданием 0 и дисперсией 0.01 мм². Найдите вероятность того, что абсолютная ошибка измерения не превысит 0.15 мм.;Перейти к стандартному нормальному распределению и использовать симметрию относительно нуля.;"Неверно находить стандартное отклонение по дисперсии; забывать модуль ошибки.";2026-07-16 00:00:00
BANK_THEORY_105;theory;exponential_distribution;Distributions;Continuous;1;AI;Время ответа сервера;Время ожидания ответа сервера распределено экспоненциально со средним 2 секунды. Найдите вероятность того, что ответ придёт быстрее чем за 1 секунду.;Найти параметр (\lambda) и использовать функцию распределения экспоненциального закона.;"Путать функцию распределения и функцию выживания; неверно вычислять (\lambda).";2026-07-16 00:00:00
BANK_THEORY_106;theory;exponential_distribution;Distributions;Continuous;2;AI;Срок службы лампы;Срок службы лампы распределён экспоненциально со средним 1000 часов. Лампа уже проработала 800 часов. Найдите вероятность того, что она проработает ещё минимум 500 часов.;Использовать свойство отсутствия памяти экспоненциального распределения.;Игнорировать свойство отсутствия памяти и пересчитывать вероятность от начала эксплуатации.;2026-07-16 00:00:00
BANK_THEORY_107;theory;exponential_distribution;Distributions;Continuous;3;AI;Интервал между заявками;Интенсивность поступления заявок равна 5 заявок в час. Найдите вероятность того, что интервал между двумя последовательными заявками окажется больше 10 минут, но меньше 30 минут.;Использовать функцию распределения и функцию выживания экспоненциального распределения.;"Ошибки при переводе минут в часы; неверное использование формул.";2026-07-16 00:00:00
BANK_THEORY_108;theory;chi_square_distribution;Distributions;Continuous;1;AI;Сумма квадратов нормальных величин;Какое распределение имеет сумма квадратов трёх независимых стандартных нормальных случайных величин? Укажите число степеней свободы.;Использовать определение χ²-распределения.;Путать число наблюдений и число степеней свободы.;2026-07-16 00:00:00
BANK_THEORY_109;theory;chi_square_distribution;Distributions;Continuous;2;AI;χ² для таблицы сопряжённости;Для таблицы сопряжённости размером 3×3 рассчитана статистика χ². Определите число степеней свободы и найдите критическое значение при уровне значимости 0.05.;Использовать формулу ((r-1)(c-1)) для степеней свободы и таблицу критических значений χ².;"Ошибки при вычислении степеней свободы; путать статистику теста и критическое значение.";2026-07-16 00:00:00
BANK_THEORY_110;theory;chi_square_distribution;Distributions;Continuous;3;AI;Доверительный интервал для дисперсии;По выборке объёмом 20 наблюдений получена выборочная дисперсия 16. Постройте 95%-й доверительный интервал для дисперсии генеральной совокупности, предполагая нормальность данных.;Использовать χ²-распределение и соответствующие квантили для построения доверительного интервала.;"Использовать нормальное распределение вместо χ²; путать доверительный интервал для среднего и для дисперсии.";2026-07-16 00:00:00
BANK_THEORY_111;theory;expectation;Expectation & Variance;Expectation;1;AI;Математическое ожидание кубика;Найдите математическое ожидание числа очков при броске симметричного шестигранного кубика.;Построить закон распределения и вычислить (E(X)=\sum x_i p_i).;"Складывать вероятности отдельно; забывать умножать значения на вероятности.";2026-07-16 00:00:00
BANK_THEORY_112;theory;expectation;Expectation & Variance;Expectation;2;AI;Ожидаемый выигрыш в лотерее;Стоимость участия в лотерее — 200 рублей. С вероятностью 0.01 игрок выигрывает 5000 рублей, с вероятностью 0.1 — 500 рублей, иначе не выигрывает ничего. Найдите ожидаемый чистый выигрыш (или проигрыш).;Построить распределение чистого выигрыша с учётом стоимости билета и вычислить математическое ожидание.;"Не учитывать стоимость участия; считать выигрыш вместо чистого результата.";2026-07-16 00:00:00
BANK_THEORY_113;theory;expectation;Expectation & Variance;Expectation;3;AI;Математическое ожидание непрерывной величины;"Случайная величина имеет плотность (f(x)=2x) на интервале ([0;1]). Найдите (E(X)) и (E(1/X)). Обратите внимание на область определения интеграла.";Использовать определение математического ожидания для непрерывного распределения и вычислить интегралы.;"Не проверять существование математического ожидания; ошибаться в пределах интегрирования.";2026-07-16 00:00:00
BANK_THEORY_114;theory;expectation_variance;Expectation & Variance;Variance;1;AI;Дисперсия броска кубика;Для симметричного шестигранного кубика найдите математическое ожидание и дисперсию числа выпавших очков.;Построить закон распределения, вычислить (E(X)), затем (E(X^2)) и дисперсию.;"Путать дисперсию со стандартным отклонением; забывать формулу (Var(X)=E(X^2)-E(X)^2).";2026-07-16 00:00:00
BANK_THEORY_115;theory;portfolio_variance;Expectation & Variance;Applications;2;AI;Доходность независимого портфеля;Инвестиционный портфель состоит из двух независимых активов. Известны математические ожидания и дисперсии доходностей. В каждый актив вложено по 50% капитала. Найдите ожидаемую доходность и дисперсию портфеля.;Использовать линейность математического ожидания и формулу дисперсии суммы независимых величин. Дополнительный паттерн: variance_properties.;"Игнорировать коэффициенты при весах; складывать стандартные отклонения вместо дисперсий.";2026-07-16 00:00:00
BANK_THEORY_116;theory;variance_properties;Expectation & Variance;Variance;3;AI;Линейное преобразование случайной величины;Известно, что (E(X)=10), (Var(X)=4). Пусть (Y=3X-5). Найдите (E(Y)), (Var(Y)) и (E(Y^2)).;Использовать свойства линейности математического ожидания и дисперсии, затем выразить второй момент через дисперсию.;Забывать квадрат коэффициента при вычислении дисперсии.;2026-07-16 00:00:00
BANK_THEORY_117;theory;correlation_interpretation;Dependence;Covariance;1;AI;Ковариация: определение;Что измеряет ковариация двух случайных величин? Что означает положительная ковариация?;Дать определение ковариации и интерпретировать знак результата.;Путать ковариацию с коэффициентом корреляции.;2026-07-16 00:00:00
BANK_THEORY_118;theory;correlation;Dependence;Covariance;2;AI;Корреляция по совместному распределению;Дан совместный закон распределения случайных величин (X) и (Y). Найдите коэффициент корреляции (\rho(X,Y)).;Построить маргинальные распределения, вычислить ожидания, ковариацию и коэффициент корреляции.;"Неверно вычислять ковариацию; делить на дисперсии вместо стандартных отклонений.";2026-07-16 00:00:00
BANK_THEORY_119;theory;variance_properties;Expectation & Variance;Variance;3;AI;Дисперсия суммы через корреляцию;Выведите формулу для (Var(X+Y)) через коэффициент корреляции. Затем вычислите дисперсию суммы, если (\rho=-0.5), (Var(X)=4), (Var(Y)=9).;Использовать связь ковариации и корреляции, затем подставить значения в формулу дисперсии суммы.;"Игнорировать ковариацию; путать корреляцию и ковариацию.";2026-07-16 00:00:00
BANK_THEORY_120;theory;correlation_interpretation;Dependence;Covariance;1;AI;Интерпретация коэффициента корреляции;Объясните, что означает коэффициент корреляции, равный 0.8, 0, −0.7.;Интерпретировать силу и направление линейной связи.;Делать вывод о причинно-следственной связи.;2026-07-16 00:00:00
BANK_THEORY_122;theory;correlation_interpretation;Dependence;Covariance;3;AI;Интерпретация корреляции в аналитике;По результатам анализа получена корреляция между расходами на рекламу и продажами, равная 0.92. Сделайте вывод для бизнеса и объясните ограничения такого вывода.;Интерпретировать коэффициент корреляции и объяснить, почему высокая корреляция не доказывает причинность.;Делать причинные выводы только по коэффициенту корреляции.;2026-07-16 00:00:00
BANK_THEORY_124;theory;chebyshev_inequality;Expectation & Variance;Inequalities;2;AI;Нижняя граница вероятности;Среднее время загрузки сайта — 3 секунды, стандартное отклонение — 0.5 секунды. Оцените снизу вероятность того, что время загрузки отклонится от среднего менее чем на 1.5 секунды.;Использовать неравенство Чебышёва для получения нижней оценки вероятности.;Использовать нормальное распределение вместо неравенства Чебышёва.;2026-07-16 00:00:00
BANK_THEORY_125;theory;chebyshev_inequality;Expectation & Variance;Inequalities;3;AI;Граница вероятности отклонения;Известно, что E(X)=0 и Var(X)=1. Используя неравенство Чебышёва, найдите такое значение k, чтобы вероятность P(|X| ≥ k) ≤ 0.01. Объясните, почему полученная оценка является универсальной и не зависит от конкретного распределения случайной величины.;Использовать неравенство Чебышёва, выразить вероятность через (k) и решить неравенство относительно (k). Объяснить, что оценка применима к любой случайной величине с конечной дисперсией.;"Путать верхнюю оценку с точной вероятностью; забывать, что неравенство работает без предположения о виде распределения.";2026-07-16 00:00:00
BANK_SQL_160;sql;aggregation;SQL Core;Aggregation;1;AI;Количество заказов и средний чек по магазинам;Таблица: orders (order_id, shop_id, order_date, amount). Для каждого shop_id выведи количество заказов и средний чек. Столбцы: shop_id, order_count, avg_amount. Отсортируй по avg_amount по убыванию.;SELECT shop_id, COUNT(*) AS order_count, ROUND(AVG(amount), 2) AS avg_amount FROM orders GROUP BY shop_id ORDER BY avg_amount DESC;"Забывают GROUP BY; путают COUNT(order_id) и COUNT(*); используют WHERE вместо HAVING для фильтрации агрегатов";2026-07-16 00:00:00
BANK_SQL_161;sql;aggregation;SQL Core;Aggregation;2;AI;Сумма заказов по месяцам с фильтром по году;Таблица: orders (order_id, customer_id, order_date, amount). Для каждого месяца 2023 года посчитай общую сумму заказов (total_amount) и количество уникальных клиентов (unique_customers). Столбцы: month, total_amount, unique_customers. Отсортируй по месяцу.;SELECT EXTRACT(MONTH FROM order_date) AS month, SUM(amount) AS total_amount, COUNT(DISTINCT customer_id) AS unique_customers FROM orders WHERE EXTRACT(YEAR FROM order_date) = 2023 GROUP BY month ORDER BY month;"Забывают DISTINCT в COUNT; не фильтруют по году; путают EXTRACT и DATE_PART";2026-07-16 00:00:00
BANK_SQL_162;sql;aggregation;SQL Core;Aggregation;3;AI;Категоризация клиентов по сумме заказов;"Таблица: orders (order_id, customer_id, order_date, amount). Раздели клиентов на три категории по общей сумме заказов за всё время: ""High"" — выше средней по всем клиентам, ""Medium"" — от 50% до 100% от средней, ""Low"" — остальные. Выведи: customer_id, total_amount, category. Отсортируй по total_amount по убыванию.";WITH client_totals AS (SELECT customer_id, SUM(amount) AS total_amount FROM orders GROUP BY customer_id), avg_total AS (SELECT AVG(total_amount) AS avg_amt FROM client_totals) SELECT ct.customer_id, ct.total_amount, CASE WHEN ct.total_amount > av.avg_amt THEN 'High' WHEN ct.total_amount >= 0.5 * av.avg_amt THEN 'Medium' ELSE 'Low' END AS category FROM client_totals ct CROSS JOIN avg_total av ORDER BY ct.total_amount DESC;"Не используют CTE; неправильно считают среднюю (забывают что средняя считается по клиентам, а не по заказам); путают границы категорий";2026-07-16 00:00:00
BANK_SQL_163;sql;conditional_aggregation;SQL Core;Aggregation;1;AI;Количество оплаченных и неоплаченных заказов по клиентам;Таблица: orders (order_id, customer_id, order_date, amount, status). status может быть 'paid', 'unpaid', 'cancelled'. Для каждого customer_id посчитай количество оплаченных заказов (paid_count) и общее количество заказов (total_count). Столбцы: customer_id, paid_count, total_count.;SELECT customer_id, COUNT(CASE WHEN status = 'paid' THEN 1 END) AS paid_count, COUNT(*) AS total_count FROM orders GROUP BY customer_id ORDER BY customer_id;"Используют COUNT(status = 'paid') без CASE; путают COUNT(CASE...) и SUM(CASE...)";2026-07-16 00:00:00
BANK_SQL_164;sql;conditional_aggregation;SQL Core;Aggregation;2;AI;Доля заказов с суммой выше 1000 по месяцам;Таблица: orders (order_id, customer_id, order_date, amount). Для каждого месяца 2023 года посчитай общее количество заказов и долю заказов с amount > 1000 (в процентах, округли до 1 знака). Столбцы: month, total_orders, high_value_pct.;SELECT EXTRACT(MONTH FROM order_date) AS month, COUNT(*) AS total_orders, ROUND(100.0 * COUNT(CASE WHEN amount > 1000 THEN 1 END) / COUNT(*), 1) AS high_value_pct FROM orders WHERE EXTRACT(YEAR FROM order_date) = 2023 GROUP BY month ORDER BY month;"Забывают умножить на 100.0; путают COUNT и SUM внутри CASE; целочисленное деление без 100.0";2026-07-16 00:00:00
BANK_SQL_165;sql;conditional_aggregation;SQL Core;Aggregation;3;AI;Соотношение заказов по статусам в одном запросе;Таблица: orders (order_id, customer_id, order_date, amount, status). status принимает значения 'new', 'processing', 'completed', 'cancelled'. Для каждого customer_id выведи total_amount по completed-заказам, количество cancelled-заказов и дату самого первого заказа. Столбцы: customer_id, completed_total, cancelled_count, first_order_date.;SELECT customer_id, SUM(CASE WHEN status = 'completed' THEN amount ELSE 0 END) AS completed_total, COUNT(CASE WHEN status = 'cancelled' THEN 1 END) AS cancelled_count, MIN(order_date) AS first_order_date FROM orders GROUP BY customer_id ORDER BY customer_id;"Путают SUM и COUNT для amount; забывают ELSE 0 в SUM(CASE...); используют WHERE status = 'completed' и теряют остальные заказы";2026-07-16 00:00:00
BANK_SQL_166;sql;weighted_average;SQL Core;Aggregation;1;AI;Средняя цена товара с учётом количества;Таблица: order_items (item_id, order_id, product_id, quantity, price_per_unit). Посчитай средневзвешенную цену товара, где вес — quantity. Выведи одно число: weighted_avg_price.;SELECT ROUND(SUM(quantity * price_per_unit) / SUM(quantity), 2) AS weighted_avg_price FROM order_items;"Считают обычное среднее AVG(price_per_unit); забывают что вес — quantity";2026-07-16 00:00:00
BANK_SQL_167;sql;weighted_average;SQL Core;Aggregation;2;AI;Средневзвешенная оценка товаров;Таблица: product_reviews (review_id, product_id, user_id, rating, helpful_votes). rating от 1 до 5. Посчитай для каждого product_id средневзвешенный рейтинг, где вес — helpful_votes. Если helpful_votes = 0, такой отзыв не учитывается в весах. Выведи product_id и weighted_rating (округли до 2 знаков).;SELECT product_id, ROUND(SUM(rating * helpful_votes) / NULLIF(SUM(helpful_votes), 0), 2) AS weighted_rating FROM product_reviews WHERE helpful_votes > 0 GROUP BY product_id ORDER BY product_id;"Забывают отфильтровать отзывы без голосов; деление на ноль; используют AVG(rating)";2026-07-16 00:00:00
BANK_SQL_168;sql;weighted_average;SQL Core;Aggregation;3;AI;Средневзвешенная цена с учётом возвратов;Таблица: sales (sale_id, product_id, quantity, price, is_returned). is_returned = TRUE означает возврат (не учитывается в среднем). Для каждого product_id посчитай средневзвешенную цену продажи (без возвратов) и долю возвратов в процентах (return_pct). Столбцы: product_id, weighted_avg_price, return_pct.;SELECT product_id, ROUND(SUM(CASE WHEN NOT is_returned THEN quantity * price ELSE 0 END) / NULLIF(SUM(CASE WHEN NOT is_returned THEN quantity ELSE 0 END), 0), 2) AS weighted_avg_price, ROUND(100.0 * COUNT(CASE WHEN is_returned THEN 1 END) / COUNT(*), 1) AS return_pct FROM sales GROUP BY product_id ORDER BY product_id;"Не исключают возвраты из весов; путают SUM и COUNT при расчёте доли возвратов; деление на ноль для товаров только с возвратами";2026-07-16 00:00:00
BANK_SQL_169;sql;having;SQL Core;Aggregation;1;AI;Клиенты с более чем 3 заказами;Таблица: orders (order_id, customer_id, order_date, amount). Найди customer_id клиентов, сделавших более 3 заказов. Выведи customer_id и количество заказов (order_count). Отсортируй по order_count по убыванию.;SELECT customer_id, COUNT(*) AS order_count FROM orders GROUP BY customer_id HAVING COUNT(*) > 3 ORDER BY order_count DESC;"Используют WHERE COUNT(*) > 3 вместо HAVING; ставят HAVING до GROUP BY";2026-07-16 00:00:00
BANK_SQL_170;sql;having;SQL Core;Aggregation;2;AI;Категории с высоким средним чеком;Таблица: orders (order_id, category_id, order_date, amount). Найди category_id, для которых средний чек превышает 500 И общее количество заказов не менее 10. Выведи: category_id, order_count, avg_amount.;SELECT category_id, COUNT(*) AS order_count, AVG(amount) AS avg_amount FROM orders GROUP BY category_id HAVING AVG(amount) > 500 AND COUNT(*) >= 10 ORDER BY avg_amount DESC;"Используют WHERE для AVG(amount); пишут условия в неправильном порядке";2026-07-16 00:00:00
BANK_SQL_171;sql;having;SQL Core;Aggregation;3;AI;Магазины с растущим средним чеком;Таблица: orders (order_id, shop_id, order_date, amount). Найди shop_id, у которых средний чек во втором полугодии 2023 года (июль-декабрь) вырос по сравнению с первым полугодием (январь-июнь) минимум на 20%. Выведи: shop_id, avg_h1, avg_h2, growth_pct (округли до 1 знака).;WITH half_years AS (SELECT shop_id, AVG(CASE WHEN EXTRACT(MONTH FROM order_date) BETWEEN 1 AND 6 THEN amount END) AS avg_h1, AVG(CASE WHEN EXTRACT(MONTH FROM order_date) BETWEEN 7 AND 12 THEN amount END) AS avg_h2 FROM orders WHERE EXTRACT(YEAR FROM order_date) = 2023 GROUP BY shop_id) SELECT shop_id, ROUND(avg_h1, 2) AS avg_h1, ROUND(avg_h2, 2) AS avg_h2, ROUND(100.0 * (avg_h2 - avg_h1) / avg_h1, 1) AS growth_pct FROM half_years WHERE avg_h2 >= 1.2 * avg_h1 AND avg_h1 IS NOT NULL ORDER BY growth_pct DESC;"Не учитывают NULL для магазинов без заказов в одном из полугодий; неправильно рассчитывают процент роста; забывают WHERE EXTRACT(YEAR...)";2026-07-16 00:00:00
BANK_SQL_172;sql;simple_filtering;SQL Core;Basics;1;AI;Заказы за конкретную дату;Таблица: orders (order_id, customer_id, order_date, amount). Выведи все заказы, сделанные 15 марта 2024 года. Все столбцы.;SELECT * FROM orders WHERE order_date = '2024-03-15';"Используют BETWEEN для одной даты; путают формат даты; забывают кавычки";2026-07-16 00:00:00
BANK_SQL_173;sql;simple_filtering;SQL Core;Basics;2;AI;Дорогие заказы активных клиентов;Таблица: orders (order_id, customer_id, order_date, amount, status). Найди заказы за январь 2024 года с amount > 1000 и status = 'completed'. Выведи order_id, customer_id, amount. Отсортируй по amount по убыванию.;SELECT order_id, customer_id, amount FROM orders WHERE order_date BETWEEN '2024-01-01' AND '2024-01-31' AND amount > 1000 AND status = 'completed' ORDER BY amount DESC;"Забывают про status; используют OR вместо AND; неправильно задают диапазон дат";2026-07-16 00:00:00
BANK_SQL_015;sql;simple_filtering;SQL Core;Basics;3;AI;Заказы в рабочие дни с исключением праздника;Таблица: orders (order_id, customer_id, order_date, amount). Выведи заказы за декабрь 2024 года, сделанные только в будние дни (пн-пт), исключая 25 декабря (праздник). Все столбцы. Отсортируй по дате.;SELECT * FROM orders WHERE order_date BETWEEN '2024-12-01' AND '2024-12-31' AND EXTRACT(DOW FROM order_date) BETWEEN 1 AND 5 AND order_date != '2024-12-25' ORDER BY order_date;"DOW считает воскресенье как 0 или 1 в зависимости от СУБД; забывают про праздник; используют DAYOFWEEK без учёта диалекта";2026-07-16 00:00:00
BANK_SQL_016;sql;sql_reading;SQL Core;Basics;1;AI;Объясни простой SELECT с WHERE;Дан запрос: SELECT name, email FROM customers WHERE city = 'Москва' ORDER BY name. Объясни, что он делает: какие столбцы, из какой таблицы, какое условие, как отсортирован результат.;Запрос выбирает имя и email клиентов из Москвы, сортирует по имени по алфавиту. Таблица — customers.;"Путают порядок выполнения WHERE и ORDER BY; думают что SELECT выполняется первым";2026-07-16 00:00:00
BANK_SQL_017;sql;sql_reading;SQL Core;Basics;2;AI;Найди ошибку в GROUP BY;Дан запрос: SELECT customer_id, order_date, SUM(amount) FROM orders GROUP BY customer_id. Запрос возвращает ошибку. Объясни, почему.;order_date не входит в GROUP BY и не является агрегатной функцией. Либо добавить в GROUP BY, либо обернуть в агрегат (например, MAX(order_date)).;"Думают что ошибка в SUM; предлагают убрать GROUP BY; не понимают связь SELECT и GROUP BY";2026-07-16 00:00:00
BANK_SQL_018;sql;sql_reading;SQL Core;Basics;3;AI;Порядок выполнения в сложном запросе;Дан запрос: SELECT customer_id, COUNT(*) AS cnt FROM orders WHERE amount > 100 GROUP BY customer_id HAVING COUNT(*) > 2 ORDER BY cnt DESC LIMIT 10. Расставь этапы выполнения в правильном порядке: FROM → WHERE → GROUP BY → HAVING → SELECT → ORDER BY → LIMIT. Объясни, на каком этапе применяется алиас cnt.;Порядок: FROM orders → WHERE amount>100 → GROUP BY customer_id → HAVING COUNT(*)>2 → SELECT customer_id, COUNT(*) AS cnt → ORDER BY cnt DESC → LIMIT 10. Алиас cnt доступен только в ORDER BY (не в HAVING, не в WHERE).;"Пытаются использовать алиас в WHERE или HAVING; путают порядок HAVING и SELECT";2026-07-16 00:00:00
BANK_SQL_019;sql;pattern_recognition;SQL Core;Basics;1;AI;Определи паттерн: клиенты без заказов;"Задача: ""Найди всех клиентов, которые ни разу не делали заказ"". Какой SQL-паттерн нужно использовать?";Anti JOIN (LEFT JOIN + IS NULL, либо NOT EXISTS, либо NOT IN);"Предлагают INNER JOIN; предлагают WHERE status = 'no_order'";2026-07-16 00:00:00
BANK_SQL_020;sql;pattern_recognition;SQL Core;Basics;2;AI;Определи паттерн: три лучших товара в категории;"Задача: ""Для каждой категории товаров найди три товара с наибольшей выручкой"". Какой паттерн (конкретная оконная функция + условие)?";topn_per_group: ROW_NUMBER() OVER (PARTITION BY category_id ORDER BY revenue DESC) с фильтром rn <= 3;"Предлагают GROUP BY с LIMIT (даст только 3 строки всего); путают с RANK (могут быть пропуски)";2026-07-16 00:00:00
BANK_SQL_021;sql;pattern_recognition;SQL Core;Basics;3;AI;Определи паттерн: непрерывные дни активности;"Задача: ""Найди все периоды, когда пользователь заходил на сайт каждый день без пропусков"". Какие два основных паттерна комбинируются? Объясни логику решения.";gaps_islands: нумерация строк с вычитанием из даты для выделения групп последовательных дней. Обычно используется ROW_NUMBER() и разница с датой.;"Пытаются решить через простой GROUP BY; не понимают идею вычитания номера строки из даты";2026-07-16 00:00:00
BANK_SQL_022;sql;anti_join;SQL Core;Joins;1;AI;Клиенты без заказов;Таблицы: customers (customer_id, name, registration_date), orders (order_id, customer_id, order_date, amount). Найди всех клиентов, которые не сделали ни одного заказа. Выведи customer_id, name.;SELECT c.customer_id, c.name FROM customers c LEFT JOIN orders o ON c.customer_id = o.customer_id WHERE o.order_id IS NULL;"Используют INNER JOIN; пишут WHERE o.order_id = NULL вместо IS NULL; используют NOT IN с NULL в подзапросе";2026-07-16 00:00:00
BANK_SQL_023;sql;anti_join;SQL Core;Joins;2;AI;Товары, которые ни разу не покупали в 2024;Таблицы: products (product_id, product_name, category_id), order_items (item_id, order_id, product_id, order_date, quantity). Найди товары, которые ни разу не были проданы в 2024 году. Выведи product_id, product_name.;SELECT p.product_id, p.product_name FROM products p WHERE NOT EXISTS (SELECT 1 FROM order_items oi WHERE oi.product_id = p.product_id AND EXTRACT(YEAR FROM oi.order_date) = 2024);"Используют LEFT JOIN и забывают фильтр по году; используют NOT IN без проверки NULL; фильтруют год в WHERE вместо подзапроса";2026-07-16 00:00:00
BANK_SQL_024;sql;anti_join;SQL Core;Joins;3;AI;Клиенты без заказов за последние 90 дней;Таблицы: customers (customer_id, name), orders (order_id, customer_id, order_date, amount). Найди клиентов, у которых не было заказов за последние 90 дней от текущей даты, но был хотя бы один заказ ранее. Выведи customer_id, name, дату последнего заказа (last_order_date).;SELECT c.customer_id, c.name, MAX(o.order_date) AS last_order_date FROM customers c JOIN orders o ON c.customer_id = o.customer_id GROUP BY c.customer_id, c.name HAVING MAX(o.order_date) < CURRENT_DATE - INTERVAL '90 days' ORDER BY last_order_date DESC;"Используют ANTI JOIN и теряют клиентов с историей; забывают про HAVING для фильтрации агрегатов; не учитывают что нужны клиенты с историей заказов";2026-07-16 00:00:00
BANK_SQL_025;sql;as_of_join;SQL Core;Joins;1;AI;Актуальная цена на дату заказа;Таблицы: orders (order_id, product_id, order_date), prices (product_id, price, effective_from). effective_from — дата начала действия цены. Для каждого заказа найди цену товара, актуальную на дату заказа. Выведи: order_id, product_id, order_date, price.;SELECT o.order_id, o.product_id, o.order_date, p.price FROM orders o JOIN prices p ON o.product_id = p.product_id AND p.effective_from <= o.order_date AND (p.effective_from = (SELECT MAX(effective_from) FROM prices WHERE product_id = o.product_id AND effective_from <= o.order_date));"Используют простое равенство дат; не учитывают что цена действует с effective_from до следующей effective_from";2026-07-16 00:00:00
BANK_SQL_026;sql;as_of_join;SQL Core;Joins;2;AI;Курс валюты на момент транзакции;Таблицы: transactions (trans_id, user_id, trans_date, amount_usd, currency), exchange_rates (currency, rate_date, rate_to_usd). Для каждой транзакции в EUR найди курс на дату транзакции и посчитай сумму в USD. Выведи: trans_id, trans_date, amount_usd.;SELECT t.trans_id, t.trans_date, t.amount_usd * er.rate_to_usd AS amount_in_usd FROM transactions t JOIN exchange_rates er ON t.currency = er.currency AND er.rate_date = (SELECT MAX(rate_date) FROM exchange_rates WHERE currency = t.currency AND rate_date <= t.trans_date) WHERE t.currency = 'EUR';"Используют JOIN по дате без подзапроса на последний курс; не учитывают выходные когда курса может не быть";2026-07-16 00:00:00
BANK_SQL_027;sql;as_of_join;SQL Core;Joins;3;AI;Статус подписки на каждый день;Таблицы: users (user_id, name), subscriptions (user_id, plan, start_date, end_date). end_date может быть NULL (активная подписка). Сгенерируй календарь дат за январь 2024 и для каждого пользователя на каждую дату определи его активный план. Выведи: user_id, date, plan (NULL если подписки нет).;WITH calendar AS (SELECT generate_series('2024-01-01'::date, '2024-01-31'::date, '1 day') AS date) SELECT u.user_id, c.date, s.plan FROM users u CROSS JOIN calendar c LEFT JOIN subscriptions s ON u.user_id = s.user_id AND c.date BETWEEN s.start_date AND COALESCE(s.end_date, '2099-12-31') ORDER BY u.user_id, c.date;"Забывают CROSS JOIN с календарём; не обрабатывают NULL в end_date; теряют пользователей без подписок";2026-07-16 00:00:00
BANK_SQL_028;sql;cross_join;SQL Core;Joins;1;AI;Все комбинации размеров и цветов;Таблицы: sizes (size_id, size_name), colors (color_id, color_name). Создай таблицу всех возможных комбинаций размеров и цветов. Выведи: size_name, color_name.;SELECT s.size_name, c.color_name FROM sizes s CROSS JOIN colors c ORDER BY s.size_name, c.color_name;"Используют INNER JOIN без условия (тоже самое, но семантически неверно); забывают ORDER BY";2026-07-16 00:00:00
BANK_SQL_029;sql;cross_join;SQL Core;Joins;2;AI;Пользователи × дни для матрицы посещений;"Таблицы: users (user_id, name), visits (user_id, visit_date). Создай полную матрицу ""каждый пользователь × каждый день января 2024"". Для каждой ячейки выведи: user_id, date, visited (TRUE/FALSE).";WITH calendar AS (SELECT generate_series('2024-01-01'::date, '2024-01-31'::date, '1 day') AS date) SELECT u.user_id, c.date, CASE WHEN v.user_id IS NOT NULL THEN TRUE ELSE FALSE END AS visited FROM users u CROSS JOIN calendar c LEFT JOIN visits v ON u.user_id = v.user_id AND c.date = v.visit_date ORDER BY u.user_id, c.date;"Забывают CROSS JOIN с календарём; используют INNER JOIN с visits и теряют дни без посещений";2026-07-16 00:00:00
BANK_SQL_030;sql;cross_join;SQL Core;Joins;3;AI;Все пары товаров для анализа сочетаемости;Таблица: order_items (order_id, product_id, product_name). Для каждого заказа составы все возможные пары разных товаров внутри заказа. Пары (A,B) и (B,A) считать одной парой (только A < B). Выведи: order_id, product_1, product_2.;SELECT oi1.order_id, oi1.product_name AS product_1, oi2.product_name AS product_2 FROM order_items oi1 JOIN order_items oi2 ON oi1.order_id = oi2.order_id AND oi1.product_id < oi2.product_id ORDER BY oi1.order_id, product_1, product_2;"Используют CROSS JOIN и получают пары (A,A) и дубли; не используют условие oi1.product_id < oi2.product_id";2026-07-16 00:00:00
BANK_SQL_031;sql;relational_division;SQL Core;Joins;1;AI;Клиенты, купившие все товары из набора;Таблицы: products (product_id, product_name), orders (order_id, customer_id, product_id, order_date). Найди customer_id клиентов, которые купили все товары с product_id IN (101, 102, 103). Выведи только customer_id.;SELECT customer_id FROM orders WHERE product_id IN (101, 102, 103) GROUP BY customer_id HAVING COUNT(DISTINCT product_id) = 3;"Не используют DISTINCT в COUNT; проверяют COUNT(*) >= 3 вместо COUNT(DISTINCT); забывают что набор может дублироваться в заказах";2026-07-16 00:00:00
BANK_SQL_032;sql;relational_division;SQL Core;Joins;2;AI;Студенты, сдавшие все предметы преподавателя;Таблицы: students (student_id, name), exam_results (student_id, subject_id, grade), teacher_subjects (teacher_id, subject_id). Для teacher_id = 5 найди всех студентов, которые сдали ВСЕ его предметы (grade >= 3). Выведи: student_id, name.;SELECT s.student_id, s.name FROM students s WHERE NOT EXISTS (SELECT 1 FROM teacher_subjects ts WHERE ts.teacher_id = 5 AND NOT EXISTS (SELECT 1 FROM exam_results er WHERE er.student_id = s.student_id AND er.subject_id = ts.subject_id AND er.grade >= 3));"Используют простой JOIN с GROUP BY и HAVING, но забывают про условие grade >= 3; не учитывают что студент может пересдавать";2026-07-16 00:00:00
BANK_SQL_033;sql;relational_division;SQL Core;Joins;3;AI;Магазины, продающие все товары конкурента;Таблицы: shop_products (shop_id, product_id), competitor_products (product_id). Найди магазины, в которых есть ВСЕ товары из competitor_products. Выведи: shop_id, количество таких товаров, общее количество товаров в магазине.;SELECT sp.shop_id, COUNT(DISTINCT sp.product_id) AS competitor_items, (SELECT COUNT(*) FROM shop_products WHERE shop_id = sp.shop_id) AS total_items FROM shop_products sp WHERE sp.product_id IN (SELECT product_id FROM competitor_products) GROUP BY sp.shop_id HAVING COUNT(DISTINCT sp.product_id) = (SELECT COUNT(*) FROM competitor_products);"Не проверяют что конкурент может иметь 0 товаров; путают COUNT(DISTINCT) с COUNT(*); забывают про подзапрос для total_items";2026-07-16 00:00:00
BANK_SQL_034;sql;join;SQL Core;Joins;1;AI;Заказы с именами клиентов;Таблицы: customers (customer_id, name, city), orders (order_id, customer_id, order_date, amount). Выведи все заказы с именем клиента и городом. Столбцы: order_id, order_date, amount, customer_name, city. Отсортируй по order_date.;SELECT o.order_id, o.order_date, o.amount, c.name AS customer_name, c.city FROM orders o JOIN customers c ON o.customer_id = c.customer_id ORDER BY o.order_date;"Используют LEFT JOIN без необходимости; забывают условие JOIN; путают порядок таблиц";2026-07-16 00:00:00
BANK_SQL_035;sql;join;SQL Core;Joins;2;AI;Все клиенты и их заказы за месяц;Таблицы: customers (customer_id, name), orders (order_id, customer_id, order_date, amount). Выведи ВСЕХ клиентов и их заказы за март 2024. Для клиентов без заказов выведи order_id = NULL, amount = NULL. Столбцы: customer_id, name, order_id, order_date, amount.;SELECT c.customer_id, c.name, o.order_id, o.order_date, o.amount FROM customers c LEFT JOIN orders o ON c.customer_id = o.customer_id AND o.order_date BETWEEN '2024-03-01' AND '2024-03-31' ORDER BY c.customer_id, o.order_date;"Ставят условие по дате в WHERE вместо ON (превращает LEFT в INNER); забывают что фильтр в WHERE убирает NULL";2026-07-16 00:00:00
BANK_SQL_036;sql;join;SQL Core;Joins;3;AI;Заказы с товарами и категориями;Таблицы: orders (order_id, customer_id, order_date), order_items (item_id, order_id, product_id, quantity, price), products (product_id, product_name, category_id), categories (category_id, category_name). Для каждого заказа выведи: order_id, order_date, общее количество товаров (total_items), общую сумму (total_amount), количество уникальных категорий (unique_categories).;SELECT o.order_id, o.order_date, SUM(oi.quantity) AS total_items, SUM(oi.quantity * oi.price) AS total_amount, COUNT(DISTINCT p.category_id) AS unique_categories FROM orders o JOIN order_items oi ON o.order_id = oi.order_id JOIN products p ON oi.product_id = p.product_id GROUP BY o.order_id, o.order_date ORDER BY o.order_date;"Забывают DISTINCT в COUNT категорий; неправильно считают сумму (забывают умножить на quantity); не включают все нужные JOIN";2026-07-16 00:00:00
BANK_SQL_037;sql;self_join;SQL Core;Joins;1;AI;Руководитель каждого сотрудника;Таблица: employees (emp_id, name, manager_id). manager_id ссылается на emp_id руководителя. Для каждого сотрудника выведи его имя и имя его руководителя. Для CEO (manager_id IS NULL) выведи NULL в имени руководителя.;SELECT e.emp_id, e.name AS employee_name, m.name AS manager_name FROM employees e LEFT JOIN employees m ON e.manager_id = m.emp_id ORDER BY e.emp_id;"Используют INNER JOIN и теряют CEO; путают e.manager_id = m.emp_id; забывают алиасы";2026-07-16 00:00:00
BANK_SQL_038;sql;self_join;SQL Core;Joins;2;AI;Последовательные заказы одного клиента;Таблица: orders (order_id, customer_id, order_date, amount). Для каждого заказа найди дату предыдущего заказа того же клиента и разницу в днях. Выведи: order_id, customer_id, order_date, prev_order_date, days_since_prev.;SELECT o1.order_id, o1.customer_id, o1.order_date, o2.order_date AS prev_order_date, o1.order_date - o2.order_date AS days_since_prev FROM orders o1 LEFT JOIN orders o2 ON o1.customer_id = o2.customer_id AND o2.order_date = (SELECT MAX(order_date) FROM orders WHERE customer_id = o1.customer_id AND order_date < o1.order_date) ORDER BY o1.customer_id, o1.order_date;Используют o2.order_date < o1.order_date без подзапроса и получают все предыдущие, а не последний предыдущий;2026-07-16 00:00:00
BANK_SQL_039;sql;self_join;SQL Core;Joins;3;AI;Пары клиентов с одинаковыми заказами;Таблица: orders (order_id, customer_id, product_id). Найди все пары разных клиентов, которые заказали один и тот же набор товаров (полное совпадение). Выведи: customer_1, customer_2, common_products (количество общих товаров).;WITH customer_products AS (SELECT customer_id, ARRAY_AGG(DISTINCT product_id ORDER BY product_id) AS products FROM orders GROUP BY customer_id) SELECT cp1.customer_id, cp2.customer_id, ARRAY_LENGTH(cp1.products, 1) AS common_products FROM customer_products cp1 JOIN customer_products cp2 ON cp1.products = cp2.products AND cp1.customer_id < cp2.customer_id ORDER BY cp1.customer_id;"Сравнивают клиентов через COUNT без проверки полного совпадения; не используют ARRAY_AGG с ORDER BY";2026-07-16 00:00:00
BANK_SQL_040;sql;null_vs_empty_result;SQL Core;NULL Handling;1;AI;Замена NULL на 0 в сумме заказов;Таблица: customers (customer_id, name). Таблица: orders (order_id, customer_id, amount). Для каждого клиента выведи customer_id, name и total_amount (сумма заказов). Если заказов нет — выведи 0.;SELECT c.customer_id, c.name, COALESCE(SUM(o.amount), 0) AS total_amount FROM customers c LEFT JOIN orders o ON c.customer_id = o.customer_id GROUP BY c.customer_id, c.name ORDER BY c.customer_id;"Используют SUM без COALESCE и получают NULL; забывают LEFT JOIN";2026-07-16 00:00:00
BANK_SQL_041;sql;null_vs_empty_result;SQL Core;NULL Handling;2;AI;Клиенты с суммой 0 вместо пустого результата;"Таблица: customers (customer_id, name), orders (order_id, customer_id, amount). Выведи всех клиентов, у которых сумма заказов равна 0. Если таких нет — выведи одну строку с сообщением ""Все клиенты имеют заказы"".";SELECT c.customer_id, c.name, 0 AS total_amount FROM customers c LEFT JOIN orders o ON c.customer_id = o.customer_id GROUP BY c.customer_id, c.name HAVING SUM(o.amount) IS NULL UNION ALL SELECT NULL, 'Все клиенты имеют заказы', NULL WHERE NOT EXISTS (SELECT 1 FROM customers c LEFT JOIN orders o ON c.customer_id = o.customer_id GROUP BY c.customer_id HAVING SUM(o.amount) IS NULL);"Не учитывают что UNION ALL требует одинаковых типов; забывают про WHERE NOT EXISTS; путают NULL и 0";2026-07-16 00:00:00
BANK_SQL_042;sql;null_vs_empty_result;SQL Core;NULL Handling;3;AI;Отдел без сотрудников с default-значениями;Таблицы: departments (dept_id, dept_name), employees (emp_id, name, dept_id, salary). Выведи все отделы. Для каждого: количество сотрудников, среднюю зарплату (NULL → 'Нет данных'), минимальную зарплату (NULL → 'Нет данных'). Если отдел пуст — средняя и минимальная текст, количество = 0.;SELECT d.dept_id, d.dept_name, COUNT(e.emp_id) AS emp_count, COALESCE(ROUND(AVG(e.salary), 2)::TEXT, 'Нет данных') AS avg_salary, COALESCE(MIN(e.salary)::TEXT, 'Нет данных') AS min_salary FROM departments d LEFT JOIN employees e ON d.dept_id = e.dept_id GROUP BY d.dept_id, d.dept_name ORDER BY d.dept_id;"Путают типы данных (число и текст в COALESCE); используют CAST неправильно; забывают что COUNT агрегирует сотрудников а не отделы";2026-07-16 00:00:00
BANK_SQL_043;sql;exists;SQL Core;Subqueries / CTE;1;AI;Клиенты, у которых есть заказы;Таблицы: customers (customer_id, name), orders (order_id, customer_id, order_date). Найди всех клиентов, у которых есть хотя бы один заказ. Выведи customer_id, name. Используй EXISTS.;SELECT c.customer_id, c.name FROM customers c WHERE EXISTS (SELECT 1 FROM orders o WHERE o.customer_id = c.customer_id) ORDER BY c.customer_id;"Используют INNER JOIN с DISTINCT; забывают условие связи в подзапросе; пишут WHERE EXISTS без корреляции";2026-07-16 00:00:00
BANK_SQL_044;sql;exists;SQL Core;Subqueries / CTE;2;AI;Товары без продаж за последний месяц;Таблицы: products (product_id, product_name), sales (sale_id, product_id, sale_date, quantity). Найди товары, которые не продавались последние 30 дней. Выведи product_id, product_name. Используй NOT EXISTS.;SELECT p.product_id, p.product_name FROM products p WHERE NOT EXISTS (SELECT 1 FROM sales s WHERE s.product_id = p.product_id AND s.sale_date >= CURRENT_DATE - INTERVAL '30 days') ORDER BY p.product_id;"Используют NOT IN (опасно с NULL); забывают условие по дате в подзапросе";2026-07-16 00:00:00
BANK_SQL_045;sql;exists;SQL Core;Subqueries / CTE;3;AI;Клиенты с заказами во всех категориях;Таблицы: customers (customer_id, name), orders (order_id, customer_id, order_date), order_items (order_id, product_id), products (product_id, category_id), categories (category_id, category_name). Найди клиентов, которые сделали заказы с товарами из ВСЕХ категорий. Выведи: customer_id, name. Используй двойной NOT EXISTS.;SELECT c.customer_id, c.name FROM customers c WHERE NOT EXISTS (SELECT 1 FROM categories cat WHERE NOT EXISTS (SELECT 1 FROM orders o JOIN order_items oi ON o.order_id = oi.order_id JOIN products p ON oi.product_id = p.product_id WHERE o.customer_id = c.customer_id AND p.category_id = cat.category_id));"Пытаются решить через HAVING COUNT(DISTINCT) = (SELECT COUNT(*) FROM categories) и забывают про JOIN; не понимают двойное отрицание";2026-07-16 00:00:00
BANK_SQL_046;sql;recursive_cte;SQL Core;Subqueries / CTE;1;AI;Иерархия сотрудников от CEO;Таблица: employees (emp_id, name, manager_id). manager_id = NULL для CEO. Выведи всех сотрудников с уровнями иерархии: emp_id, name, manager_id, level (level=1 для CEO, level=2 для прямых подчинённых и т.д.). Отсортируй по level, потом по name.;WITH RECURSIVE emp_tree AS (SELECT emp_id, name, manager_id, 1 AS level FROM employees WHERE manager_id IS NULL UNION ALL SELECT e.emp_id, e.name, e.manager_id, et.level + 1 FROM employees e JOIN emp_tree et ON e.manager_id = et.emp_id) SELECT * FROM emp_tree ORDER BY level, name;"Забывают RECURSIVE; не указывают базу рекурсии; путают JOIN условие; нет условия остановки (PostgreSQL сам остановит, но в общем случае нужно)";2026-07-16 00:00:00
BANK_SQL_047;sql;recursive_cte;SQL Core;Subqueries / CTE;2;AI;Дерево категорий с полным путём;"Таблица: categories (cat_id, cat_name, parent_id). parent_id = NULL для корневых категорий. Выведи все категории с полным путём от корня: cat_id, cat_name, full_path (например ""Электроника > Ноутбуки > Игровые"").";WITH RECURSIVE cat_path AS (SELECT cat_id, cat_name, CAST(cat_name AS TEXT) AS full_path FROM categories WHERE parent_id IS NULL UNION ALL SELECT c.cat_id, c.cat_name, cp.full_path || ' > ' || c.cat_name FROM categories c JOIN cat_path cp ON c.parent_id = cp.cat_id) SELECT * FROM cat_path ORDER BY full_path;"Забывают CAST для full_path; не экранируют символы; путают направление JOIN";2026-07-16 00:00:00
BANK_SQL_048;sql;recursive_cte;SQL Core;Subqueries / CTE;3;AI;Все подчинённые с суммой зарплат;Таблица: employees (emp_id, name, manager_id, salary). Для каждого сотрудника-руководителя посчитай суммарную зарплату всех его прямых и косвенных подчинённых. Выведи: emp_id, name, team_salary. Включи только тех, у кого есть подчинённые.;WITH RECURSIVE subordinates AS (SELECT e.emp_id AS manager_id, e.emp_id AS sub_id, e.salary FROM employees e UNION ALL SELECT s.manager_id, e.emp_id, e.salary FROM employees e JOIN subordinates s ON e.manager_id = s.sub_id) SELECT s.manager_id AS emp_id, m.name, SUM(s.salary) AS team_salary FROM subordinates s JOIN employees m ON s.manager_id = m.emp_id WHERE s.manager_id != s.sub_id GROUP BY s.manager_id, m.name ORDER BY team_salary DESC;"Включают зарплату самого руководителя; не исключают равенство manager_id = sub_id; не проверяют наличие подчинённых";2026-07-16 00:00:00
BANK_SQL_049;sql;any_all;SQL Core;Subqueries / CTE;1;AI;Заказы дороже любого заказа клиента 5;Таблица: orders (order_id, customer_id, amount). Найди заказы, сумма которых больше любого заказа клиента с customer_id = 5. Выведи: order_id, customer_id, amount. Используй > ALL.;SELECT order_id, customer_id, amount FROM orders WHERE amount > ALL (SELECT amount FROM orders WHERE customer_id = 5) ORDER BY amount DESC;"Путают > ALL и > ANY; пишут > MAX вместо ALL; забывают исключить самого клиента 5 если нужно";2026-07-16 00:00:00
BANK_SQL_050;sql;any_all;SQL Core;Subqueries / CTE;2;AI;Сотрудники с зарплатой выше средней по отделу;Таблица: employees (emp_id, name, dept_id, salary). Найди сотрудников, чья зарплата больше, чем средняя зарплата любого отдела (т.е. больше максимальной средней по отделам). Выведи: emp_id, name, salary. Используй > ALL.;SELECT emp_id, name, salary FROM employees WHERE salary > ALL (SELECT AVG(salary) FROM employees GROUP BY dept_id) ORDER BY salary DESC;"Используют > ANY (даст сотрудников с зарплатой выше минимальной средней); путают с > (SELECT AVG...)";2026-07-16 00:00:00
BANK_SQL_051;sql;any_all;SQL Core;Subqueries / CTE;3;AI;Товары дешевле самой дорогой распродажи;Таблицы: products (product_id, product_name, price), clearance (product_id, discount_pct). Найди товары, чья цена меньше, чем цена хотя бы одного товара со скидкой (price_with_discount = price * (1 - discount_pct/100)). Выведи: product_id, product_name, price. Используй < ANY.;SELECT p.product_id, p.product_name, p.price FROM products p WHERE p.price < ANY (SELECT pr.price * (1 - cl.discount_pct / 100.0) FROM products pr JOIN clearance cl ON pr.product_id = cl.product_id) ORDER BY p.price;"Забывают что discount_pct в процентах; путают < ANY и < ALL; не учитывают что скидка может быть NULL";2026-07-16 00:00:00
BANK_SQL_052;sql;rolling_window;SQL Core;Time Series;1;AI;Скользящее среднее за 3 дня;Таблица: daily_sales (sale_date, amount). Для каждой даты посчитай скользящее среднее за последние 3 дня (текущий + 2 предыдущих). Выведи: sale_date, amount, moving_avg_3d. Отсортируй по дате.;SELECT sale_date, amount, ROUND(AVG(amount) OVER (ORDER BY sale_date ROWS BETWEEN 2 PRECEDING AND CURRENT ROW), 2) AS moving_avg_3d FROM daily_sales ORDER BY sale_date;"Используют RANGE вместо ROWS; путают PRECEDING и FOLLOWING; забывают ORDER BY в OVER";2026-07-16 00:00:00
BANK_SQL_053;sql;rolling_window;SQL Core;Time Series;2;AI;Скользящая сумма за 7 дней;Таблица: daily_orders (order_date, order_count). Для каждой даты посчитай скользящую сумму заказов за последние 7 дней (текущий + 6 предыдущих). Если предыдущих дней меньше 7 — считай по доступным. Выведи: order_date, order_count, rolling_7d_sum.;SELECT order_date, order_count, SUM(order_count) OVER (ORDER BY order_date ROWS BETWEEN 6 PRECEDING AND CURRENT ROW) AS rolling_7d_sum FROM daily_orders ORDER BY order_date;"Используют RANGE с INTERVAL вместо ROWS; не понимают разницу между ROWS и RANGE";2026-07-16 00:00:00
BANK_SQL_054;sql;rolling_window;SQL Core;Time Series;3;AI;Максимальная цена за последние 30 дней с группировкой;Таблица: stock_prices (ticker, trade_date, close_price). Для каждого тикера и каждой даты посчитай максимальную цену закрытия за последние 30 календарных дней. Выведи: ticker, trade_date, close_price, max_30d.;SELECT ticker, trade_date, close_price, MAX(close_price) OVER (PARTITION BY ticker ORDER BY trade_date RANGE BETWEEN INTERVAL '30 days' PRECEDING AND CURRENT ROW) AS max_30d FROM stock_prices ORDER BY ticker, trade_date;"Используют ROWS вместо RANGE; забывают PARTITION BY; не понимают что RANGE работает с дубликатами дат иначе";2026-07-16 00:00:00
BANK_SQL_055;sql;rolling_self_join;SQL Core;Time Series;1;AI;Сравнение с предыдущим днём через SELF JOIN;Таблица: daily_metrics (metric_date, value). Для каждой даты выведи metric_date, value, prev_value (значение за предыдущий день). Используй SELF JOIN, не оконные функции.;SELECT m1.metric_date, m1.value, m2.value AS prev_value FROM daily_metrics m1 LEFT JOIN daily_metrics m2 ON m2.metric_date = m1.metric_date - INTERVAL '1 day' ORDER BY m1.metric_date;"Используют INNER JOIN и теряют первую дату; забывают что даты могут быть с пропусками";2026-07-16 00:00:00
BANK_SQL_056;sql;rolling_self_join;SQL Core;Time Series;2;AI;Скользящее среднее через SELF JOIN;Таблица: daily_sales (sale_date, amount). Посчитай скользящее среднее за 3 дня через SELF JOIN. Выведи: sale_date, amount, avg_3d.;SELECT m1.sale_date, m1.amount, ROUND(AVG(m2.amount), 2) AS avg_3d FROM daily_sales m1 JOIN daily_sales m2 ON m2.sale_date BETWEEN m1.sale_date - INTERVAL '2 days' AND m1.sale_date GROUP BY m1.sale_date, m1.amount ORDER BY m1.sale_date;"Используют LEFT JOIN и включают дни без 3 значений; GROUP BY по дате и amount";2026-07-16 00:00:00
BANK_SQL_057;sql;rolling_self_join;SQL Core;Time Series;3;AI;Кумулятивный максимум без оконных функций;Таблица: trades (trade_id, trade_date, price). Для каждой сделки найди максимальную цену всех сделок до текущей даты включительно. Нельзя использовать оконные функции. Выведи: trade_id, trade_date, price, running_max.;SELECT t1.trade_id, t1.trade_date, t1.price, MAX(t2.price) AS running_max FROM trades t1 JOIN trades t2 ON t2.trade_date <= t1.trade_date GROUP BY t1.trade_id, t1.trade_date, t1.price ORDER BY t1.trade_date, t1.trade_id;"Путают <= и <; забывают что нужен GROUP BY по всем неагрегированным столбцам; для больших таблиц это медленно";2026-07-16 00:00:00
BANK_SQL_174;sql;rolling_generate_series;SQL Core;Time Series;1;AI;Календарь на месяц с заполнением пропусков;Таблица: orders (order_id, order_date, amount). Сгенерируй все даты января 2024 года. Для каждой даты посчитай количество заказов и сумму. Если заказов нет — 0. Выведи: date, order_count, total_amount.;WITH calendar AS (SELECT generate_series('2024-01-01'::date, '2024-01-31'::date, '1 day') AS date) SELECT c.date, COUNT(o.order_id) AS order_count, COALESCE(SUM(o.amount), 0) AS total_amount FROM calendar c LEFT JOIN orders o ON c.date = o.order_date GROUP BY c.date ORDER BY c.date;"Забывают COALESCE для суммы; путают COUNT(o.order_id) и COUNT(*); используют INNER JOIN";2026-07-16 00:00:00
BANK_SQL_059;sql;rolling_generate_series;SQL Core;Time Series;2;AI;Почасовой профиль с заполнением;Таблица: events (event_id, event_time). Сгенерируй все часы за неделю (с 2024-03-01 00:00 по 2024-03-07 23:00). Для каждого часа посчитай количество событий. Выведи: hour, event_count. Отсортируй по часу.;WITH hours AS (SELECT generate_series('2024-03-01 00:00'::timestamp, '2024-03-07 23:00'::timestamp, '1 hour') AS hour) SELECT h.hour, COUNT(e.event_id) AS event_count FROM hours h LEFT JOIN events e ON e.event_time >= h.hour AND e.event_time < h.hour + INTERVAL '1 hour' GROUP BY h.hour ORDER BY h.hour;"Используют равенство для времени; не учитывают что события могут быть в любой момент часа";2026-07-16 00:00:00
BANK_SQL_060;sql;rolling_generate_series;SQL Core;Time Series;3;AI;Ежедневный retention с календарём;Таблица: user_activity (user_id, activity_date). Для каждого дня января 2024 посчитай DAU (дневные активные пользователи). Для каждого дня посчитай, сколько из этих пользователей были активны ровно 7 дней назад (D7 retention). Выведи: date, dau, retained_d7, retention_rate.;WITH calendar AS (SELECT generate_series('2024-01-01'::date, '2024-01-31'::date, '1 day') AS date), daily_users AS (SELECT activity_date, ARRAY_AGG(DISTINCT user_id) AS users FROM user_activity WHERE activity_date BETWEEN '2023-12-25' AND '2024-01-31' GROUP BY activity_date) SELECT c.date, COALESCE(ARRAY_LENGTH(du.users, 1), 0) AS dau, COALESCE(ARRAY_LENGTH(ARRAY(SELECT UNNEST(du.users) INTERSECT SELECT UNNEST(du7.users)), 1), 0) AS retained_d7, ROUND(100.0 * COALESCE(ARRAY_LENGTH(ARRAY(SELECT UNNEST(du.users) INTERSECT SELECT UNNEST(du7.users)), 1), 0) / NULLIF(COALESCE(ARRAY_LENGTH(du.users, 1), 0), 0), 1) AS retention_rate FROM calendar c LEFT JOIN daily_users du ON c.date = du.activity_date LEFT JOIN daily_users du7 ON c.date - INTERVAL '7 days' = du7.activity_date ORDER BY c.date;"Слишком сложное решение с массивами; забывают что нужны данные за 7 дней до начала месяца; путают формулы retention";2026-07-16 00:00:00
BANK_SQL_061;sql;percentile_functions;SQL Core;Window Functions;1;AI;Медианная сумма заказа по магазинам;Таблица: orders (order_id, shop_id, amount). Для каждого shop_id найди медианную сумму заказа. Выведи: shop_id, median_amount. Используй PERCENTILE_CONT(0.5).;SELECT shop_id, PERCENTILE_CONT(0.5) WITHIN GROUP (ORDER BY amount) AS median_amount FROM orders GROUP BY shop_id ORDER BY shop_id;"Путают PERCENTILE_CONT и PERCENTILE_DISC; забывают WITHIN GROUP; используют AVG вместо медианы";2026-07-16 00:00:00
BANK_SQL_062;sql;percentile_functions;SQL Core;Window Functions;2;AI;Квартили зарплат по отделам;Таблица: employees (emp_id, name, dept_id, salary). Для каждого отдела найди Q1 (25-й перцентиль), медиану (50-й) и Q3 (75-й перцентиль) зарплат. Выведи: dept_id, q1, median, q3.;SELECT dept_id, PERCENTILE_CONT(0.25) WITHIN GROUP (ORDER BY salary) AS q1, PERCENTILE_CONT(0.50) WITHIN GROUP (ORDER BY salary) AS median, PERCENTILE_CONT(0.75) WITHIN GROUP (ORDER BY salary) AS q3 FROM employees GROUP BY dept_id ORDER BY dept_id;"Пишут три отдельных запроса вместо одного; путают порядок аргументов";2026-07-16 00:00:00
BANK_SQL_063;sql;percentile_functions;SQL Core;Window Functions;3;AI;Процентный ранг клиентов по сумме заказов;Таблица: orders (order_id, customer_id, amount). Посчитай для каждого клиента общую сумму заказов (total_amount), затем вычисли PERCENT_RANK каждого клиента по total_amount (от 0 до 1). Выведи: customer_id, total_amount, percentile_rank. Отсортируй по percentile_rank по убыванию.;WITH totals AS (SELECT customer_id, SUM(amount) AS total_amount FROM orders GROUP BY customer_id) SELECT customer_id, total_amount, ROUND(PERCENT_RANK() OVER (ORDER BY total_amount), 4) AS percentile_rank FROM totals ORDER BY percentile_rank DESC;"Путают PERCENT_RANK и CUME_DIST; забывают что это оконная функция а не агрегатная; не используют CTE";2026-07-16 00:00:00
BANK_SQL_064;sql;window_functions;SQL Core;Window Functions;1;AI;Доля заказа в дневной выручке;Таблица: orders (order_id, order_date, amount). Для каждого заказа выведи: order_id, order_date, amount и долю этого заказа в общей сумме заказов за этот день (daily_share, в процентах, округли до 2 знаков).;SELECT order_id, order_date, amount, ROUND(100.0 * amount / SUM(amount) OVER (PARTITION BY order_date), 2) AS daily_share FROM orders ORDER BY order_date, order_id;"Забывают PARTITION BY; используют GROUP BY вместо оконной функции; делят на общую сумму а не дневную";2026-07-16 00:00:00
BANK_SQL_065;sql;window_functions;SQL Core;Window Functions;2;AI;Отклонение от среднего по категории;Таблица: products (product_id, product_name, category_id, price). Для каждого товара выведи: product_id, product_name, category_id, price, avg_category_price (средняя цена по категории), deviation (отклонение цены от средней по категории).;SELECT product_id, product_name, category_id, price, ROUND(AVG(price) OVER (PARTITION BY category_id), 2) AS avg_category_price, ROUND(price - AVG(price) OVER (PARTITION BY category_id), 2) AS deviation FROM products ORDER BY category_id, product_id;"Путают OVER с GROUP BY; пытаются использовать WHERE для фильтрации оконных функций";2026-07-16 00:00:00
BANK_SQL_066;sql;window_functions;SQL Core;Window Functions;3;AI;Сравнение с лучшим в своём регионе и в стране;Таблица: sales (sale_id, salesperson_id, region_id, amount). Для каждой продажи выведи: sale_id, salesperson_id, region_id, amount, best_in_region (макс. сумма продажи в этом регионе), best_in_country (макс. сумма по всем регионам), pct_of_region_best (процент от лучшего в регионе).;SELECT sale_id, salesperson_id, region_id, amount, MAX(amount) OVER (PARTITION BY region_id) AS best_in_region, MAX(amount) OVER () AS best_in_country, ROUND(100.0 * amount / NULLIF(MAX(amount) OVER (PARTITION BY region_id), 0), 2) AS pct_of_region_best FROM sales ORDER BY region_id, sale_id;"Забывают NULLIF для деления на ноль; путают OVER(PARTITION BY) и OVER()";2026-07-16 00:00:00
BANK_SQL_067;sql;rank_dense_rank;SQL Core;Window Functions;1;AI;Рейтинг товаров по цене в категории;Таблица: products (product_id, product_name, category_id, price). Для каждого товара выведи его ранг по цене внутри своей категории (от самой высокой к самой низкой). Используй RANK. Столбцы: product_id, product_name, category_id, price, rank_in_category.;SELECT product_id, product_name, category_id, price, RANK() OVER (PARTITION BY category_id ORDER BY price DESC) AS rank_in_category FROM products ORDER BY category_id, rank_in_category;"Путают RANK и ROW_NUMBER; забывают PARTITION BY; сортируют ASC вместо DESC";2026-07-16 00:00:00
BANK_SQL_068;sql;rank_dense_rank;SQL Core;Window Functions;2;AI;DENSE_RANK для зарплат без пропусков;Таблица: employees (emp_id, name, dept_id, salary). Для каждого отдела выведи топ-3 зарплат без пропусков в ранжировании (одинаковые зарплаты — одинаковое место). Столбцы: dept_id, emp_id, name, salary, salary_rank. Отсортируй по dept_id, salary_rank.;SELECT dept_id, emp_id, name, salary, DENSE_RANK() OVER (PARTITION BY dept_id ORDER BY salary DESC) AS salary_rank FROM employees ORDER BY dept_id, salary_rank;"Используют RANK и получают пропуски; используют ROW_NUMBER и получают случайный порядок при одинаковых зарплатах";2026-07-16 00:00:00
BANK_SQL_069;sql;rank_dense_rank;SQL Core;Window Functions;3;AI;Второе место с учётом одинаковых значений;Таблица: exam_results (student_id, subject_id, score). Для каждого предмета найди студентов, занявших второе место (следующее за максимальным баллом). Если на втором месте несколько студентов — выведи всех. Используй DENSE_RANK.;WITH ranked AS (SELECT student_id, subject_id, score, DENSE_RANK() OVER (PARTITION BY subject_id ORDER BY score DESC) AS dr FROM exam_results) SELECT student_id, subject_id, score FROM ranked WHERE dr = 2 ORDER BY subject_id, student_id;"Используют ROW_NUMBER и теряют часть студентов второго места; используют RANK и могут пропустить dr=2 если первое место занято несколькими";2026-07-16 00:00:00
BANK_SQL_070;sql;lag_lead;SQL Core;Window Functions;1;AI;Изменение цены акции день к дню;Таблица: stock_prices (ticker, trade_date, close_price). Для каждой записи выведи: ticker, trade_date, close_price, prev_close (цена за предыдущий торговый день того же тикера), daily_change (разница close_price - prev_close).;SELECT ticker, trade_date, close_price, LAG(close_price) OVER (PARTITION BY ticker ORDER BY trade_date) AS prev_close, close_price - LAG(close_price) OVER (PARTITION BY ticker ORDER BY trade_date) AS daily_change FROM stock_prices ORDER BY ticker, trade_date;"Забывают PARTITION BY ticker; путают LAG и LEAD; не используют оконную функцию дважды";2026-07-16 00:00:00
BANK_SQL_071;sql;lag_lead;SQL Core;Window Functions;2;AI;Сравнение заказа с предыдущим и следующим;Таблица: orders (order_id, customer_id, order_date, amount). Для каждого заказа выведи: order_id, customer_id, order_date, amount, prev_amount (предыдущий заказ того же клиента), next_amount (следующий заказ того же клиента).;SELECT order_id, customer_id, order_date, amount, LAG(amount) OVER (PARTITION BY customer_id ORDER BY order_date) AS prev_amount, LEAD(amount) OVER (PARTITION BY customer_id ORDER BY order_date) AS next_amount FROM orders ORDER BY customer_id, order_date;"Путают LAG и LEAD местами; забывают PARTITION BY";2026-07-16 00:00:00
BANK_SQL_072;sql;lag_lead;SQL Core;Window Functions;3;AI;Периоды между заказами и аномалии;Таблица: orders (order_id, customer_id, order_date). Для каждого заказа посчитай days_since_prev (дней с предыдущего заказа того же клиента). Затем найди заказы, где days_since_prev превышает средний интервал для этого клиента более чем в 2 раза. Выведи: customer_id, order_id, order_date, days_since_prev, avg_interval.;WITH intervals AS (SELECT customer_id, order_id, order_date, order_date - LAG(order_date) OVER (PARTITION BY customer_id ORDER BY order_date) AS days_since_prev FROM orders), avg_intervals AS (SELECT customer_id, AVG(days_since_prev) AS avg_interval FROM intervals WHERE days_since_prev IS NOT NULL GROUP BY customer_id) SELECT i.customer_id, i.order_id, i.order_date, i.days_since_prev, ROUND(ai.avg_interval, 1) AS avg_interval FROM intervals i JOIN avg_intervals ai ON i.customer_id = ai.customer_id WHERE i.days_since_prev > 2 * ai.avg_interval ORDER BY i.customer_id, i.order_date;"Не исключают первый заказ (NULL); не учитывают что NULL в AVG игнорируется; путают WHERE и HAVING для фильтрации";2026-07-16 00:00:00
BANK_SQL_073;sql;topn_per_group;SQL Core;Window Functions;1;AI;Топ-3 дорогих товара в категории;Таблица: products (product_id, product_name, category_id, price). Для каждой категории найди три самых дорогих товара. Выведи: category_id, product_id, product_name, price, rank_in_category.;SELECT category_id, product_id, product_name, price, rank_in_category FROM (SELECT category_id, product_id, product_name, price, ROW_NUMBER() OVER (PARTITION BY category_id ORDER BY price DESC) AS rank_in_category FROM products) ranked WHERE rank_in_category <= 3 ORDER BY category_id, rank_in_category;"Используют LIMIT без подзапроса (даст 3 строки всего); путают ROW_NUMBER и RANK";2026-07-16 00:00:00
BANK_SQL_074;sql;topn_per_group;SQL Core;Window Functions;2;AI;Последние 5 заказов каждого клиента;Таблица: orders (order_id, customer_id, order_date, amount). Для каждого клиента выведи его последние 5 заказов (по дате, от новых к старым). Столбцы: customer_id, order_id, order_date, amount, order_seq (1 — самый новый).;SELECT customer_id, order_id, order_date, amount, order_seq FROM (SELECT customer_id, order_id, order_date, amount, ROW_NUMBER() OVER (PARTITION BY customer_id ORDER BY order_date DESC) AS order_seq FROM orders) ranked WHERE order_seq <= 5 ORDER BY customer_id, order_seq;"Путают ROW_NUMBER и RANK при одинаковых датах; не сортируют по убыванию";2026-07-16 00:00:00
BANK_SQL_075;sql;topn_per_group;SQL Core;Window Functions;3;AI;По одному лучшему товару из каждой категории каждого магазина;Таблица: sales (sale_id, shop_id, product_id, category_id, amount). Для каждой комбинации shop_id + category_id найди product_id с максимальной суммой продаж (SUM(amount)). Выведи: shop_id, category_id, product_id, total_sales.;WITH product_sales AS (SELECT shop_id, category_id, product_id, SUM(amount) AS total_sales FROM sales GROUP BY shop_id, category_id, product_id), ranked AS (SELECT shop_id, category_id, product_id, total_sales, ROW_NUMBER() OVER (PARTITION BY shop_id, category_id ORDER BY total_sales DESC) AS rn FROM product_sales) SELECT shop_id, category_id, product_id, total_sales FROM ranked WHERE rn = 1 ORDER BY shop_id, category_id;"Забывают агрегировать до ранжирования; не обрабатывают случай одинаковых сумм (нужно ли несколько товаров?)";2026-07-16 00:00:00
BANK_SQL_076;sql;forward_fill;SQL Core;Window Functions;1;AI;Заполнение NULL последним известным значением;Таблица: sensor_readings (reading_time, temperature). Некоторые показания температуры = NULL (датчик не сработал). Заполни NULL последним известным значением температуры (forward fill). Выведи: reading_time, temperature_filled.;SELECT reading_time, COALESCE(temperature, FIRST_VALUE(temperature) OVER (PARTITION BY grp ORDER BY reading_time)) AS temperature_filled FROM (SELECT reading_time, temperature, COUNT(temperature) OVER (ORDER BY reading_time) AS grp FROM sensor_readings) sub ORDER BY reading_time;"Пытаются использовать LAG без группировки; не знают технику с COUNT для создания групп";2026-07-16 00:00:00
BANK_SQL_077;sql;forward_fill;SQL Core;Window Functions;2;AI;Заполнение цены последней成功的 сделкой;Таблица: trades (trade_id, trade_time, price). price = NULL означает что сделка не состоялась. Заполни NULL в price последней успешной ценой (forward fill). Для начальных NULL (до первой успешной сделки) заполни первой успешной ценой (backward fill). Выведи: trade_id, trade_time, price_filled.;WITH filled AS (SELECT trade_id, trade_time, price, COUNT(price) OVER (ORDER BY trade_time) AS grp, FIRST_VALUE(price) OVER (ORDER BY trade_time ROWS BETWEEN CURRENT ROW AND UNBOUNDED FOLLOWING) AS first_valid FROM trades) SELECT trade_id, trade_time, COALESCE(price, MAX(price) OVER (PARTITION BY grp ORDER BY trade_time), first_valid) AS price_filled FROM filled ORDER BY trade_time;"Забывают про начальные NULL; не используют FIRST_VALUE для обратного заполнения";2026-07-16 00:00:00
BANK_SQL_078;sql;forward_fill;SQL Core;Window Functions;3;AI;Заполнение с условием максимум 3 пропуска подряд;Таблица: metrics (metric_time, value). Заполни NULL через forward fill, но только если подряд идёт не более 3 пропусков. Если пропусков 4 и более — оставь NULL. Выведи: metric_time, value_filled.;WITH groups AS (SELECT metric_time, value, COUNT(value) OVER (ORDER BY metric_time) AS grp, ROW_NUMBER() OVER (PARTITION BY (SELECT COUNT(value) OVER (ORDER BY metric_time)) ORDER BY metric_time) AS null_seq FROM metrics), max_nulls AS (SELECT grp, MAX(null_seq) AS max_null FROM groups WHERE value IS NULL GROUP BY grp) SELECT g.metric_time, CASE WHEN g.value IS NOT NULL THEN g.value WHEN mn.max_null <= 3 THEN MAX(g.value) OVER (PARTITION BY g.grp ORDER BY g.metric_time) ELSE NULL END AS value_filled FROM groups g LEFT JOIN max_nulls mn ON g.grp = mn.grp ORDER BY g.metric_time;"Не считают количество последовательных NULL; неверно обрабатывают группы";2026-07-16 00:00:00
BANK_SQL_079;sql;gaps_islands;SQL Core;Window Functions;1;AI;Непрерывные дни активности пользователя;"Таблица: user_visits (user_id, visit_date). Для user_id = 42 найди все ""острова"" — непрерывные последовательности дней, когда пользователь был активен. Выведи: user_id, start_date, end_date, streak_length.";WITH numbered AS (SELECT user_id, visit_date, visit_date - ROW_NUMBER() OVER (PARTITION BY user_id ORDER BY visit_date) * INTERVAL '1 day' AS grp FROM user_visits WHERE user_id = 42) SELECT user_id, MIN(visit_date) AS start_date, MAX(visit_date) AS end_date, COUNT(*) AS streak_length FROM numbered GROUP BY user_id, grp ORDER BY start_date;"Не понимают идею вычитания ROW_NUMBER из даты; забывают что INTERVAL зависит от шага";2026-07-16 00:00:00
BANK_SQL_080;sql;gaps_islands;SQL Core;Window Functions;2;AI;Периоды с ценой выше порога;Таблица: stock_prices (ticker, trade_date, close_price). Для ticker = 'AAPL' найди все непрерывные периоды, когда close_price была выше 150. Выведи: ticker, start_date, end_date, days_above. Отсортируй по start_date.;WITH flagged AS (SELECT ticker, trade_date, close_price, CASE WHEN close_price > 150 THEN 1 ELSE 0 END AS above_threshold FROM stock_prices WHERE ticker = 'AAPL'), grouped AS (SELECT ticker, trade_date, above_threshold, trade_date - ROW_NUMBER() OVER (PARTITION BY ticker, above_threshold ORDER BY trade_date) * INTERVAL '1 day' AS grp FROM flagged) SELECT ticker, MIN(trade_date) AS start_date, MAX(trade_date) AS end_date, COUNT(*) AS days_above FROM grouped WHERE above_threshold = 1 GROUP BY ticker, grp ORDER BY start_date;"Забывают фильтровать above_threshold = 1 после группировки; не используют PARTITION BY внутри ROW_NUMBER";2026-07-16 00:00:00
BANK_SQL_081;sql;gaps_islands;SQL Core;Window Functions;3;AI;Gaps: пропуски в нумерации заказов;Таблица: orders (order_id, customer_id, order_date). order_id возрастает, но могут быть пропуски. Найди все диапазоны пропущенных order_id. Выведи: gap_start, gap_end, missing_count. Например, если есть 1,2,5,6, то пропуск: 3-4 (2 пропущенных).;WITH nums AS (SELECT order_id, order_id - ROW_NUMBER() OVER (ORDER BY order_id) AS diff FROM orders), gaps AS (SELECT MIN(order_id) + 1 AS gap_start, MAX(order_id) - 1 AS gap_end, MAX(order_id) - MIN(order_id) - 1 AS missing_count FROM nums GROUP BY diff HAVING MAX(order_id) - MIN(order_id) > 1) SELECT gap_start, gap_end, missing_count FROM gaps WHERE missing_count > 0 ORDER BY gap_start;"Не учитывают что пропуск может быть в начале (до первого id); неправильно считают границы пропуска";2026-07-16 00:00:00
BANK_SQL_082;sql;ntile;SQL Core;Window Functions;1;AI;Децили клиентов по сумме заказов;Таблица: orders (order_id, customer_id, amount). Посчитай общую сумму заказов для каждого клиента (total_amount). Раздели клиентов на 10 групп (децилей) по total_amount. Выведи: customer_id, total_amount, decile (от 1 до 10, где 10 — самые крупные клиенты).;WITH totals AS (SELECT customer_id, SUM(amount) AS total_amount FROM orders GROUP BY customer_id) SELECT customer_id, total_amount, NTILE(10) OVER (ORDER BY total_amount) AS decile FROM totals ORDER BY total_amount DESC;"Путают NTILE с PERCENTILE; забывают ORDER BY внутри OVER; думают что NTILE гарантирует равные интервалы по значению";2026-07-16 00:00:00
BANK_SQL_083;sql;ntile;SQL Core;Window Functions;2;AI;Квартили по зарплате внутри отдела;Таблица: employees (emp_id, name, dept_id, salary). Для каждого отдела раздели сотрудников на 4 квартиля по зарплате. Выведи: dept_id, emp_id, name, salary, quartile (1-4, где 4 — высшая зарплата).;SELECT dept_id, emp_id, name, salary, NTILE(4) OVER (PARTITION BY dept_id ORDER BY salary) AS quartile FROM employees ORDER BY dept_id, quartile;"Забывают PARTITION BY; сортируют по убыванию для кварт";2026-07-16 00:00:00
BANK_SQL_084;sql;ntile;SQL Core;Window Functions;3;AI;ABC-анализ товаров;Таблица: sales (product_id, amount). Для каждого товара посчитай total_revenue = SUM(amount). Раздели товары на три группы (ABC): A — 80% выручки, B — следующие 15%, C — остальные 5%. Выведи: product_id, total_revenue, cumulative_pct, abc_group.;WITH totals AS (SELECT product_id, SUM(amount) AS total_revenue FROM sales GROUP BY product_id), ranked AS (SELECT product_id, total_revenue, SUM(total_revenue) OVER (ORDER BY total_revenue DESC) * 100.0 / SUM(total_revenue) OVER () AS cumulative_pct FROM totals) SELECT product_id, total_revenue, ROUND(cumulative_pct, 2) AS cumulative_pct, CASE WHEN cumulative_pct <= 80 THEN 'A' WHEN cumulative_pct <= 95 THEN 'B' ELSE 'C' END AS abc_group FROM ranked ORDER BY total_revenue DESC;"Путают порядок сортировки (нужно DESC); неправильно считают cumulative_pct; используют NTILE(3) вместо ABC";2026-07-16 00:00:00
BANK_SQL_085;sql;row_number;SQL Core;Window Functions;1;AI;Нумерация заказов клиента;Таблица: orders (order_id, customer_id, order_date, amount). Для каждого заказа выведи его порядковый номер для этого клиента (по дате). Столбцы: order_id, customer_id, order_date, amount, order_number.;SELECT order_id, customer_id, order_date, amount, ROW_NUMBER() OVER (PARTITION BY customer_id ORDER BY order_date) AS order_number FROM orders ORDER BY customer_id, order_number;"Путают ROW_NUMBER и RANK; забывают PARTITION BY";2026-07-16 00:00:00
BANK_SQL_086;sql;row_number;SQL Core;Window Functions;2;AI;Последняя запись для каждого объекта;Таблица: status_history (record_id, entity_id, status, changed_at). Для каждого entity_id найди последний статус (по changed_at). Выведи: entity_id, status, changed_at.;SELECT entity_id, status, changed_at FROM (SELECT entity_id, status, changed_at, ROW_NUMBER() OVER (PARTITION BY entity_id ORDER BY changed_at DESC) AS rn FROM status_history) ranked WHERE rn = 1 ORDER BY entity_id;"Используют GROUP BY с MAX(changed_at) и теряют статус; не учитывают что может быть несколько записей с одинаковой датой";2026-07-16 00:00:00
BANK_SQL_087;sql;row_number;SQL Core;Window Functions;3;AI;Первая и последняя покупка в одной строке;Таблица: orders (order_id, customer_id, order_date, amount). Для каждого клиента выведи одной строкой: customer_id, first_order_id, first_order_date, last_order_id, last_order_date, total_orders.;WITH numbered AS (SELECT customer_id, order_id, order_date, ROW_NUMBER() OVER (PARTITION BY customer_id ORDER BY order_date) AS first_rn, ROW_NUMBER() OVER (PARTITION BY customer_id ORDER BY order_date DESC) AS last_rn, COUNT(*) OVER (PARTITION BY customer_id) AS total_orders FROM orders) SELECT customer_id, MAX(CASE WHEN first_rn = 1 THEN order_id END) AS first_order_id, MAX(CASE WHEN first_rn = 1 THEN order_date END) AS first_order_date, MAX(CASE WHEN last_rn = 1 THEN order_id END) AS last_order_id, MAX(CASE WHEN last_rn = 1 THEN order_date END) AS last_order_date, total_orders FROM numbered GROUP BY customer_id, total_orders ORDER BY customer_id;"Пишут два подзапроса с UNION; не используют агрегацию с CASE для PIVOT";2026-07-16 00:00:00
BANK_SQL_088;sql;running_aggregates;SQL Core;Window Functions;1;AI;Нарастающий итог продаж по дням;Таблица: daily_sales (sale_date, amount). Для каждой даты посчитай нарастающий итог (running total) суммы продаж с начала года. Выведи: sale_date, amount, running_total.;SELECT sale_date, amount, SUM(amount) OVER (ORDER BY sale_date) AS running_total FROM daily_sales ORDER BY sale_date;"Забывают ORDER BY в OVER; путают ROWS BETWEEN и простой ORDER BY";2026-07-16 00:00:00
BANK_SQL_089;sql;running_aggregates;SQL Core;Window Functions;2;AI;Накопительное среднее с начала периода;Таблица: orders (order_id, order_date, amount). Для каждого заказа посчитай накопительное среднее (running average) суммы заказов с начала месяца (все заказы от 1-го числа до текущего). Выведи: order_id, order_date, amount, running_avg.;SELECT order_id, order_date, amount, ROUND(AVG(amount) OVER (PARTITION BY DATE_TRUNC('month', order_date) ORDER BY order_date), 2) AS running_avg FROM orders ORDER BY order_date, order_id;"Забывают PARTITION BY месяц; сортируют только по дате без группировки по месяцу";2026-07-16 00:00:00
BANK_SQL_090;sql;running_aggregates;SQL Core;Window Functions;3;AI;Банковский баланс с учётом типа операции;Таблица: transactions (trans_id, account_id, trans_date, amount, type). type: 'credit' (поступление), 'debit' (списание). Посчитай running_balance для каждого счёта после каждой операции. Для списаний проверь, что баланс не уходит в минус (если уходит — выведи 'OVERDRAFT'). Выведи: account_id, trans_id, trans_date, amount, type, balance_before, balance_after, status.;WITH numbered AS (SELECT account_id, trans_id, trans_date, amount, type, CASE WHEN type = 'credit' THEN amount ELSE -amount END AS signed_amount FROM transactions), running AS (SELECT account_id, trans_id, trans_date, amount, type, SUM(signed_amount) OVER (PARTITION BY account_id ORDER BY trans_date, trans_id) AS balance_after, SUM(signed_amount) OVER (PARTITION BY account_id ORDER BY trans_date, trans_id) - signed_amount AS balance_before FROM numbered) SELECT account_id, trans_id, trans_date, amount, type, balance_before, balance_after, CASE WHEN balance_after < 0 THEN 'OVERDRAFT' ELSE 'OK' END AS status FROM running ORDER BY account_id, trans_date, trans_id;"Не используют signed_amount; путают balance_before и balance_after; не проверяют овердрафт";2026-07-16 00:00:00
BANK_SQL_091;sql;pivot_unpivot;Data Handling;Data Reshaping;1;AI;Продажи по месяцам в столбцы;Таблица: monthly_sales (product_id, month, amount). month — номер месяца (1-12). Разверни данные так, чтобы каждый месяц стал отдельным столбцом. Выведи: product_id, jan, feb, mar, apr, may, jun, jul, aug, sep, oct, nov, dec. Для отсутствующих месяцев выведи 0.;SELECT product_id, COALESCE(SUM(CASE WHEN month = 1 THEN amount END), 0) AS jan, COALESCE(SUM(CASE WHEN month = 2 THEN amount END), 0) AS feb, COALESCE(SUM(CASE WHEN month = 3 THEN amount END), 0) AS mar, COALESCE(SUM(CASE WHEN month = 4 THEN amount END), 0) AS apr, COALESCE(SUM(CASE WHEN month = 5 THEN amount END), 0) AS may, COALESCE(SUM(CASE WHEN month = 6 THEN amount END), 0) AS jun, COALESCE(SUM(CASE WHEN month = 7 THEN amount END), 0) AS jul, COALESCE(SUM(CASE WHEN month = 8 THEN amount END), 0) AS aug, COALESCE(SUM(CASE WHEN month = 9 THEN amount END), 0) AS sep, COALESCE(SUM(CASE WHEN month = 10 THEN amount END), 0) AS oct, COALESCE(SUM(CASE WHEN month = 11 THEN amount END), 0) AS nov, COALESCE(SUM(CASE WHEN month = 12 THEN amount END), 0) AS dec FROM monthly_sales GROUP BY product_id ORDER BY product_id;"Забывают COALESCE для NULL; используют SUM без CASE; забывают GROUP BY";2026-07-16 00:00:00
BANK_SQL_092;sql;pivot_unpivot;Data Handling;Data Reshaping;2;AI;UNPIVOT: столбцы месяцев в строки;Таблица: product_monthly (product_id, jan, feb, mar, apr, may, jun). Преобразуй столбцы jan-jun обратно в строки. Выведи: product_id, month, amount. Отсортируй по product_id и месяцу.;SELECT product_id, 'jan' AS month, jan AS amount FROM product_monthly UNION ALL SELECT product_id, 'feb', feb FROM product_monthly UNION ALL SELECT product_id, 'mar', mar FROM product_monthly UNION ALL SELECT product_id, 'apr', apr FROM product_monthly UNION ALL SELECT product_id, 'may', may FROM product_monthly UNION ALL SELECT product_id, 'jun', jun FROM product_monthly ORDER BY product_id, month;"Используют UNION без ALL (удаляет дубли); не сортируют; используют JOIN для UNPIVOT";2026-07-16 00:00:00
BANK_SQL_093;sql;pivot_unpivot;Data Handling;Data Reshaping;3;AI;Динамический PIVOT с агрегацией по статусам;Таблица: orders (customer_id, order_date, status). status: 'new', 'processing', 'completed', 'cancelled'. Для каждого клиента посчитай количество заказов каждого статуса по кварталам 2024 года. Выведи: customer_id, quarter, new_count, processing_count, completed_count, cancelled_count.;SELECT customer_id, 'Q' || EXTRACT(QUARTER FROM order_date) AS quarter, COUNT(CASE WHEN status = 'new' THEN 1 END) AS new_count, COUNT(CASE WHEN status = 'processing' THEN 1 END) AS processing_count, COUNT(CASE WHEN status = 'completed' THEN 1 END) AS completed_count, COUNT(CASE WHEN status = 'cancelled' THEN 1 END) AS cancelled_count FROM orders WHERE EXTRACT(YEAR FROM order_date) = 2024 GROUP BY customer_id, EXTRACT(QUARTER FROM order_date) ORDER BY customer_id, quarter;"Забывают фильтр по году; путают COUNT и SUM внутри CASE; не включают все статусы";2026-07-16 00:00:00
BANK_SQL_094;sql;date_functions;Data Handling;Dates;1;AI;Заказы по месяцам 2024 года;Таблица: orders (order_id, customer_id, order_date, amount). Для каждого месяца 2024 года посчитай количество заказов и общую сумму. Выведи: month (формат 'YYYY-MM'), order_count, total_amount. Отсортируй по месяцу.;SELECT TO_CHAR(order_date, 'YYYY-MM') AS month, COUNT(*) AS order_count, SUM(amount) AS total_amount FROM orders WHERE order_date BETWEEN '2024-01-01' AND '2024-12-31' GROUP BY month ORDER BY month;"Используют EXTRACT без TO_CHAR; забывают фильтр по году; неправильно форматируют месяц";2026-07-16 00:00:00
BANK_SQL_095;sql;date_functions;Data Handling;Dates;2;AI;Разница в днях между первым и последним заказом;Таблица: orders (order_id, customer_id, order_date). Для каждого клиента посчитай разницу в днях между его первым и последним заказом. Выведи: customer_id, first_order, last_order, days_between.;SELECT customer_id, MIN(order_date) AS first_order, MAX(order_date) AS last_order, MAX(order_date) - MIN(order_date) AS days_between FROM orders GROUP BY customer_id ORDER BY days_between DESC;"Используют DATEDIFF (нет в PostgreSQL, там вычитание); забывают GROUP BY; не учитывают что разница дат даёт INTEGER";2026-07-16 00:00:00
BANK_SQL_096;sql;date_functions;Data Handling;Dates;3;AI;Количество полных недель с регистрации до первой покупки;Таблицы: users (user_id, registered_at), orders (order_id, user_id, order_date). Для каждого пользователя найди дату первой покупки и посчитай, сколько полных недель прошло с момента регистрации до этой покупки. Выведи: user_id, registered_at, first_order_date, weeks_to_first_order.;SELECT u.user_id, u.registered_at, MIN(o.order_date) AS first_order_date, FLOOR((MIN(o.order_date) - u.registered_at) / 7) AS weeks_to_first_order FROM users u JOIN orders o ON u.user_id = o.user_id GROUP BY u.user_id, u.registered_at ORDER BY weeks_to_first_order;"Используют LEFT JOIN и получают NULL; не округляют вниз; забывают что разница дат в днях";2026-07-16 00:00:00
BANK_SQL_097;sql;union_union_all;Data Handling;Set Operations;1;AI;Объединение заказов из двух магазинов;Таблицы: shop1_orders (order_id, customer_id, order_date, amount), shop2_orders (order_id, customer_id, order_date, amount). Объедини заказы из обоих магазинов в одну таблицу, добавив столбец shop (значение 'shop1' или 'shop2'). Выведи все столбцы плюс shop.;SELECT order_id, customer_id, order_date, amount, 'shop1' AS shop FROM shop1_orders UNION ALL SELECT order_id, customer_id, order_date, amount, 'shop2' AS shop FROM shop2_orders ORDER BY order_date;"Используют UNION вместо UNION ALL (медленнее, удаляет дубли); забывают ORDER BY; не совпадают типы данных";2026-07-16 00:00:00
BANK_SQL_098;sql;union_union_all;Data Handling;Set Operations;2;AI;Сводка: текущие и архивные заказы;Таблицы: current_orders (order_id, customer_id, amount, status), archived_orders (order_id, customer_id, amount, status). Найди всех клиентов, у которых были заказы в обеих таблицах. Выведи: customer_id, current_total, archived_total, grand_total.;WITH combined AS (SELECT customer_id, amount, 'current' AS source FROM current_orders UNION ALL SELECT customer_id, amount, 'archived' FROM archived_orders) SELECT customer_id, SUM(CASE WHEN source = 'current' THEN amount ELSE 0 END) AS current_total, SUM(CASE WHEN source = 'archived' THEN amount ELSE 0 END) AS archived_total, SUM(amount) AS grand_total FROM combined GROUP BY customer_id HAVING SUM(CASE WHEN source = 'current' THEN 1 ELSE 0 END) > 0 AND SUM(CASE WHEN source = 'archived' THEN 1 ELSE 0 END) > 0 ORDER BY customer_id;"Используют UNION и теряют дублирующиеся суммы; не проверяют наличие в обеих таблицах";2026-07-16 00:00:00
BANK_SQL_099;sql;union_union_all;Data Handling;Set Operations;3;AI;Отчёт: доходы, расходы и итог по месяцам;Таблицы: income (id, amount, income_date), expenses (id, amount, expense_date). Создай отчёт за 2024 год: для каждого месяца выведи total_income, total_expenses, net_profit (доходы минус расходы). Месяцы без операций тоже выведи (с нулями).;WITH months AS (SELECT generate_series('2024-01-01'::date, '2024-12-01'::date, '1 month') AS month_start), combined AS (SELECT DATE_TRUNC('month', income_date) AS month, amount AS income, 0 AS expense FROM income WHERE EXTRACT(YEAR FROM income_date) = 2024 UNION ALL SELECT DATE_TRUNC('month', expense_date), 0, amount FROM expenses WHERE EXTRACT(YEAR FROM expense_date) = 2024) SELECT TO_CHAR(m.month_start, 'YYYY-MM') AS month, COALESCE(SUM(c.income), 0) AS total_income, COALESCE(SUM(c.expense), 0) AS total_expenses, COALESCE(SUM(c.income), 0) - COALESCE(SUM(c.expense), 0) AS net_profit FROM months m LEFT JOIN combined c ON m.month_start = c.month GROUP BY m.month_start ORDER BY m.month_start;"Забывают сгенерировать месяцы; не используют COALESCE для месяцев без операций; путают income и expense в UNION ALL";2026-07-16 00:00:00
BANK_SQL_100;sql;regex;Data Handling;Strings;1;AI;Поиск email с доменом gmail.com;Таблица: users (user_id, email). Найди всех пользователей, у которых email заканчивается на @gmail.com. Выведи: user_id, email. Используй регулярное выражение.;SELECT user_id, email FROM users WHERE email ~ '@gmail\.com$' ORDER BY user_id;"Забывают экранировать точку (\.); используют LIKE вместо ~; путают $ и конец строки";2026-07-16 00:00:00
BANK_SQL_101;sql;regex;Data Handling;Strings;2;AI;Проверка корректности номера телефона;Таблица: contacts (contact_id, phone). Проверь, соответствует ли телефон формату +X-XXX-XXX-XX-XX (например, +7-999-888-77-66). Выведи contact_id, phone и столбец is_valid (TRUE/FALSE).;SELECT contact_id, phone, phone ~ '^\+\d{1,3}-\d{3}-\d{3}-\d{2}-\d{2}$' AS is_valid FROM contacts ORDER BY contact_id;"Забывают ^ и $ (привязка к началу и концу); путают \d и [0-9]; не экранируют +";2026-07-16 00:00:00
BANK_SQL_102;sql;regex;Data Handling;Strings;3;AI;Извлечение домена из email и статистика;Таблица: users (user_id, email). Извлеки домен из email (часть после @) и посчитай количество пользователей для каждого домена. Выведи: domain, user_count. Отсортируй по убыванию user_count.;SELECT SUBSTRING(email FROM '@(.+)$') AS domain, COUNT(*) AS user_count FROM users GROUP BY domain ORDER BY user_count DESC;"Используют SPLIT_PART (не везде есть); неправильно пишут регулярку для извлечения; забывают что домен может содержать точки";2026-07-16 00:00:00
BANK_SQL_103;sql;basic_string_functions;Data Handling;Strings;1;AI;Клиенты с именем на букву А;Таблица: customers (customer_id, name). Найди всех клиентов, чьё имя начинается на букву 'А' (любой регистр). Выведи: customer_id, name.;SELECT customer_id, name FROM customers WHERE name ILIKE 'А%' ORDER BY name;"Используют LIKE вместо ILIKE (чувствительность к регистру); путают % и _";2026-07-16 00:00:00
BANK_SQL_104;sql;basic_string_functions;Data Handling;Strings;2;AI;Поиск товаров по ключевому слову в названии;Таблица: products (product_id, product_name, category_id). Найди товары, в названии которых встречается слово 'Ultra' (только как отдельное слово). Выведи: product_id, product_name.;SELECT product_id, product_name FROM products WHERE product_name ILIKE '% Ultra %' OR product_name ILIKE 'Ultra %' OR product_name ILIKE '% Ultra' OR product_name ILIKE 'Ultra' ORDER BY product_id;"Используют LIKE '%Ultra%' и получают 'Ultramarine', 'Ultralight'; не учитывают пробелы и границы слова";2026-07-16 00:00:00
BANK_SQL_105;sql;basic_string_functions;Data Handling;Strings;3;AI;Email с русскими доменами второго уровня;Таблица: users (user_id, email). Найди всех пользователей, email которых содержит кириллические символы в доменной части (после @). Выведи: user_id, email. Подсказка: кириллица в диапазоне [а-яё].;SELECT user_id, email FROM users WHERE SUBSTRING(email FROM '@(.+)$') ~ '[а-яё]' ORDER BY user_id;"Используют LIKE с русскими буквами; не извлекают домен; не учитывают что кириллица может быть в любом регистре";2026-07-16 00:00:00
BANK_SQL_106;sql;string_concat;Data Handling;Strings;1;AI;Полное имя клиента;"Таблица: customers (customer_id, first_name, last_name, middle_name). middle_name может быть NULL. Сформируй полное имя: ""Фамилия И.О."" (например, ""Иванов И.И.""). Выведи: customer_id, full_name.";SELECT customer_id, last_name || ' ' || LEFT(first_name, 1) || '.' || CASE WHEN middle_name IS NOT NULL THEN LEFT(middle_name, 1) || '.' ELSE '' END AS full_name FROM customers ORDER BY customer_id;"Забывают обработать NULL для middle_name; используют + вместо ||; не ставят пробелы";2026-07-16 00:00:00
BANK_SQL_107;sql;string_concat;Data Handling;Strings;2;AI;Адрес одной строкой;"Таблица: addresses (address_id, city, street, building, apartment). apartment может быть NULL. Собери адрес в формате ""г. Город, ул. Улица, д. Дом, кв. Квартира"". Если квартиры нет — не выводи часть про квартиру. Выведи: address_id, full_address.";SELECT address_id, 'г. ' || city || ', ул. ' || street || ', д. ' || building || CASE WHEN apartment IS NOT NULL THEN ', кв. ' || apartment ELSE '' END AS full_address FROM addresses ORDER BY address_id;"Забывают CASE для необязательного поля; путают CONCAT и ||; ставят лишние запятые когда apartment IS NULL";2026-07-16 00:00:00
BANK_SQL_108;sql;string_concat;Data Handling;Strings;3;AI;Группировка товаров в заказе через запятую;"Таблица: order_items (order_id, product_name, quantity). Для каждого заказа выведи список товаров одной строкой: ""Товар1 (2 шт.), Товар2 (1 шт.)"". Выведи: order_id, items_list. Отсортируй по order_id.";SELECT order_id, STRING_AGG(product_name || ' (' || quantity || ' шт.)', ', ' ORDER BY product_name) AS items_list FROM order_items GROUP BY order_id ORDER BY order_id;"Используют GROUP_CONCAT (это MySQL); забывают ORDER BY внутри STRING_AGG; не форматируют количество";2026-07-16 00:00:00
BANK_SQL_109;sql;string_cleanup;Data Handling;Strings;1;AI;Очистка номеров телефонов;"Таблица: contacts (contact_id, phone). В поле phone могут быть пробелы, скобки, дефисы. Приведи все номера к формату ""только цифры"". Выведи: contact_id, phone, clean_phone.";SELECT contact_id, phone, REGEXP_REPLACE(phone, '[^0-9]', '', 'g') AS clean_phone FROM contacts ORDER BY contact_id;"Используют REPLACE вложенными (долго); забывают флаг 'g' для замены всех вхождений; не оставляют + в начале";2026-07-16 00:00:00
BANK_SQL_110;sql;string_cleanup;Data Handling;Strings;2;AI;Нормализация названий городов;"Таблица: clients (client_id, city). В поле city встречаются варианты: ""Москва"", ""москва"", ""МОСКВА"", "" Москва "", ""г. Москва"". Приведи все к единому формату: ""Москва"" (первая буква заглавная, без лишних пробелов и префиксов). Выведи: client_id, original_city, normalized_city.";SELECT client_id, city AS original_city, INITCAP(TRIM(REGEXP_REPLACE(city, '^(г\. |гор\. |город )', '', 'i'))) AS normalized_city FROM clients ORDER BY client_id;"Забывают TRIM; не используют 'i' для игнорирования регистра; путают INITCAP и UPPER";2026-07-16 00:00:00
BANK_SQL_111;sql;string_cleanup;Data Handling;Strings;3;AI;Очистка и валидация ИНН;Таблица: companies (company_id, inn). ИНН должен быть 10 или 12 цифр. В поле могут быть пробелы, дефисы, буквы. Очисти ИНН до цифр, проверь длину (10 или 12) и проверь что это только цифры. Выведи: company_id, original_inn, clean_inn, is_valid.;SELECT company_id, inn AS original_inn, REGEXP_REPLACE(inn, '[^0-9]', '', 'g') AS clean_inn, CASE WHEN REGEXP_REPLACE(inn, '[^0-9]', '', 'g') ~ '^\d{10}$' OR REGEXP_REPLACE(inn, '[^0-9]', '', 'g') ~ '^\d{12}$' THEN TRUE ELSE FALSE END AS is_valid FROM companies ORDER BY company_id;"Используют LENGTH после REGEXP_REPLACE без проверки что остались только цифры; не учитывают что ИНН может быть 10 или 12 знаков";2026-07-16 00:00:00
BANK_SQL_112;sql;string_parsing;Data Handling;Strings;1;AI;Извлечение имени из email;Таблица: users (user_id, email). Извлеки часть email до символа @ (username). Выведи: user_id, email, username.;SELECT user_id, email, SPLIT_PART(email, '@', 1) AS username FROM users ORDER BY user_id;"Используют SUBSTRING с POSITION; путают SPLIT_PART с REGEXP; выбирают часть после @";2026-07-16 00:00:00
BANK_SQL_113;sql;string_parsing;Data Handling;Strings;2;AI;Разбор ФИО на части;"Таблица: people (person_id, full_name). full_name в формате ""Фамилия Имя Отчество"" (разделены пробелом). Раздели на три отдельных столбца. Выведи: person_id, last_name, first_name, middle_name.";SELECT person_id, SPLIT_PART(full_name, ' ', 1) AS last_name, SPLIT_PART(full_name, ' ', 2) AS first_name, SPLIT_PART(full_name, ' ', 3) AS middle_name FROM people ORDER BY person_id;"Используют SUBSTRING с поиском пробелов; не учитывают что может не быть отчества; SPLIT_PART с индексом 3 вернёт пустую строку если нет третьей части";2026-07-16 00:00:00
BANK_SQL_114;sql;string_parsing;Data Handling;Strings;3;AI;Парсинг URL и группировка по хосту;Таблица: page_views (view_id, url). Из URL извлеки хост (например, из 'https://www.example.com/page?id=1' → 'www.example.com'). Посчитай количество просмотров для каждого хоста. Выведи: host, view_count. Отсортируй по убыванию.;SELECT SUBSTRING(url FROM '://([^/]+)') AS host, COUNT(*) AS view_count FROM page_views GROUP BY host ORDER BY view_count DESC;"Не учитывают что протокол может быть http или https; путают регулярку для извлечения хоста; не обрабатывают URL без пути";2026-07-16 00:00:00
BANK_SQL_115;sql;deduplication;Data Modeling;Data Quality;1;AI;Поиск дублей по email;Таблица: users (user_id, email, name, created_at). Найди email, которые встречаются более одного раза. Выведи: email, duplicate_count. Отсортируй по duplicate_count по убыванию.;SELECT email, COUNT(*) AS duplicate_count FROM users GROUP BY email HAVING COUNT(*) > 1 ORDER BY duplicate_count DESC;"Используют COUNT(email) вместо COUNT(*); забывают HAVING; не учитывают NULL в email";2026-07-16 00:00:00
BANK_SQL_116;sql;deduplication;Data Modeling;Data Quality;2;AI;Удаление дублей с сохранением последней записи;Таблица: users (user_id, email, name, updated_at). В таблице есть дубли по email. Оставь только одну запись для каждого email — с самой поздней updated_at. Выведи все столбцы для оставшихся записей.;SELECT user_id, email, name, updated_at FROM (SELECT user_id, email, name, updated_at, ROW_NUMBER() OVER (PARTITION BY email ORDER BY updated_at DESC) AS rn FROM users) ranked WHERE rn = 1 ORDER BY email;"Используют GROUP BY и теряют столбцы; не обрабатывают NULL в email; не сортируют по убыванию даты";2026-07-16 00:00:00
BANK_SQL_117;sql;deduplication;Data Modeling;Data Quality;3;AI;Дедупликация с приоритетом по статусу;Таблица: subscriptions (sub_id, user_id, plan, status, start_date, updated_at). Дубли по user_id. Оставь одну запись по правилу: приоритет status = 'active', если несколько active — самая поздняя updated_at, если нет active — самая поздняя updated_at. Выведи все оставшиеся записи.;SELECT sub_id, user_id, plan, status, start_date, updated_at FROM (SELECT sub_id, user_id, plan, status, start_date, updated_at, ROW_NUMBER() OVER (PARTITION BY user_id ORDER BY CASE WHEN status = 'active' THEN 0 ELSE 1 END, updated_at DESC) AS rn FROM subscriptions) ranked WHERE rn = 1 ORDER BY user_id;"Не используют CASE в ORDER BY; сортируют только по дате и теряют приоритет active; не обрабатывают что статус может быть NULL";2026-07-16 00:00:00
BANK_SQL_118;sql;grain_analysis;Data Modeling;Grain & Relationships;1;AI;Определение гранулярности таблицы;Таблица: daily_store_sales (store_id, product_id, sale_date, quantity, revenue). Какая комбинация столбцов однозначно идентифицирует строку (является первичным ключом)?;store_id + product_id + sale_date (одна строка = один товар в одном магазине за одну дату);"Путают с store_id + sale_date; добавляют лишние столбцы; думают что quantity тоже часть ключа";2026-07-16 00:00:00
BANK_SQL_119;sql;grain_analysis;Data Modeling;Grain & Relationships;2;AI;Поиск нарушения гранулярности;Таблица: orders (order_id, customer_id, order_date, product_id, product_name, quantity, price). В одной строке хранится один товар в заказе. Как проверить, есть ли заказы с несколькими строками (товарами)? Напиши запрос.;SELECT order_id, COUNT(*) AS line_count FROM orders GROUP BY order_id HAVING COUNT(*) > 1 ORDER BY line_count DESC;"Группируют по order_id + product_id; не понимают что ищут заказы с >1 товаром";2026-07-16 00:00:00
BANK_SQL_120;sql;grain_analysis;Data Modeling;Grain & Relationships;3;AI;Объяснение удвоения строк после JOIN;Даны таблицы: orders (order_id, customer_id, order_date) — один заказ = одна строка. payments (payment_id, order_id, amount, payment_date) — один платёж = одна строка (заказ может оплачиваться частями). Объясни, почему после SELECT * FROM orders JOIN payments USING (order_id) количество строк может быть больше, чем заказов. Как получить одну строку на заказ с общей суммой платежей?;JOIN даёт строки платжей × заказы. Если заказ оплачен 3 частями — будет 3 строки вместо 1. Решение: GROUP BY order_id с SUM(amount) для суммы платежей.;"Думают что JOIN сломан; предлагают DISTINCT; не понимают связь гранулярности и JOIN";2026-07-16 00:00:00
BANK_SQL_121;sql;dimensional_modeling;Data Modeling;Grain & Relationships;1;AI;Определи таблицу фактов и измерений;В базе данных интернет-магазина есть таблицы: sales, customers, products, stores, dates. Какая таблица является таблицей фактов, а какие — измерениями? Объясни.;sales — таблица фактов (содержит измерения: суммы, количества). customers, products, stores, dates — измерения (описательные атрибуты);"Путают customers с фактами; думают что dates это факты";2026-07-16 00:00:00
BANK_SQL_122;sql;dimensional_modeling;Data Modeling;Grain & Relationships;2;AI;Звезда: запрос с несколькими измерениями;"Дана схема ""звезда"": fact_sales (sale_id, date_id, store_id, product_id, quantity, amount), dim_store (store_id, store_name, region), dim_product (product_id, product_name, category), dim_date (date_id, date, month, year). Напиши запрос: сумма продаж по регионам и категориям за 2024 год.";SELECT ds.region, dp.category, SUM(fs.amount) AS total_sales FROM fact_sales fs JOIN dim_store ds ON fs.store_id = ds.store_id JOIN dim_product dp ON fs.product_id = dp.product_id JOIN dim_date dd ON fs.date_id = dd.date_id WHERE dd.year = 2024 GROUP BY ds.region, dp.category ORDER BY ds.region, total_sales DESC;"Забывают JOIN с dim_date; фильтруют год без JOIN; не группируют по региону и категории";2026-07-16 00:00:00
BANK_SQL_123;sql;dimensional_modeling;Data Modeling;Grain & Relationships;3;AI;Сравнение схемы звезда и снежинка;"Опиши различия между схемой ""звезда"" и ""снежинка"". В какой ситуации ты выберешь снежинку? Приведи пример таблиц для каждой схемы для интернет-магазина.";Звезда: денормализованные измерения. Снежинка: нормализованные измерения (категории отдельно от продуктов). Снежинка — для экономии места, сложной иерархии. Пример звезды: dim_product (id, name, category_name). Пример снежинки: dim_product (id, name, category_id), dim_category (id, name);"Не понимают trade-off между производительностью и нормализацией; думают что снежинка всегда лучше";2026-07-16 00:00:00
BANK_SQL_124;sql;retention;Product Analytics;User Lifecycle;1;AI;Недельное удержание пользователей;Таблица: user_activity (user_id, activity_date). Посчитай MAU (Monthly Active Users) за январь 2024 — количество уникальных пользователей, активных в этом месяце.;SELECT COUNT(DISTINCT user_id) AS mau FROM user_activity WHERE activity_date BETWEEN '2024-01-01' AND '2024-01-31';"Путают COUNT и COUNT DISTINCT; не учитывают границы месяца; считают строки вместо пользователей";2026-07-16 00:00:00
BANK_SQL_125;sql;retention;Product Analytics;User Lifecycle;2;AI;D7 Retention для одной когорты;Таблица: user_activity (user_id, activity_date). Для пользователей, впервые активных 2024-01-01, посчитай D7 retention — долю тех, кто вернулся ровно на 7-й день (2024-01-08). Выведи: cohort_date, cohort_size, retained_d7, retention_rate.;WITH cohort AS (SELECT DISTINCT user_id FROM user_activity WHERE activity_date = '2024-01-01'), retained AS (SELECT DISTINCT ua.user_id FROM user_activity ua JOIN cohort c ON ua.user_id = c.user_id WHERE ua.activity_date = '2024-01-08') SELECT '2024-01-01' AS cohort_date, (SELECT COUNT(*) FROM cohort) AS cohort_size, (SELECT COUNT(*) FROM retained) AS retained_d7, ROUND(100.0 * (SELECT COUNT(*) FROM retained) / NULLIF((SELECT COUNT(*) FROM cohort), 0), 2) AS retention_rate;"Считают любую активность после 7-го дня а не ровно 7-й; путают retention и возврат в любой день";2026-07-16 00:00:00
BANK_SQL_126;sql;retention;Product Analytics;User Lifecycle;3;AI;Когортная матрица retention;Таблица: user_activity (user_id, activity_date). Построй матрицу retention: для каждой недельной когорты (по первой активности) посчитай retention на неделях 0, 1, 2, 3 (week0 — 100%). Выведи: cohort_week, week0_users, week1_pct, week2_pct, week3_pct.;WITH first_activity AS (SELECT user_id, MIN(activity_date) AS cohort_date FROM user_activity GROUP BY user_id), weeks AS (SELECT fa.user_id, DATE_TRUNC('week', fa.cohort_date) AS cohort_week, FLOOR((ua.activity_date - fa.cohort_date) / 7) AS week_num FROM first_activity fa JOIN user_activity ua ON fa.user_id = ua.user_id) SELECT cohort_week::date, COUNT(DISTINCT CASE WHEN week_num = 0 THEN user_id END) AS week0_users, ROUND(100.0 * COUNT(DISTINCT CASE WHEN week_num = 1 THEN user_id END) / NULLIF(COUNT(DISTINCT CASE WHEN week_num = 0 THEN user_id END), 0), 2) AS week1_pct, ROUND(100.0 * COUNT(DISTINCT CASE WHEN week_num = 2 THEN user_id END) / NULLIF(COUNT(DISTINCT CASE WHEN week_num = 0 THEN user_id END), 0), 2) AS week2_pct, ROUND(100.0 * COUNT(DISTINCT CASE WHEN week_num = 3 THEN user_id END) / NULLIF(COUNT(DISTINCT CASE WHEN week_num = 0 THEN user_id END), 0), 2) AS week3_pct FROM weeks GROUP BY cohort_week ORDER BY cohort_week;"Путают номер недели; не используют DISTINCT в подсчёте; не обрабатывают NULLIF для деления на ноль";2026-07-16 00:00:00
BANK_SQL_127;sql;churn;Product Analytics;User Lifecycle;1;AI;Пользователи без активности за последние 30 дней;Таблица: user_activity (user_id, activity_date). Найди пользователей, которые были активны ранее, но не проявляли активность последние 30 дней. Выведи: user_id, last_activity_date.;SELECT user_id, MAX(activity_date) AS last_activity_date FROM user_activity GROUP BY user_id HAVING MAX(activity_date) < CURRENT_DATE - INTERVAL '30 days' ORDER BY last_activity_date;"Используют WHERE activity_date < ... и теряют пользователей с недавней активностью; не группируют";2026-07-16 00:00:00
BANK_SQL_128;sql;churn;Product Analytics;User Lifecycle;2;AI;Ежемесячный churn rate;Таблица: subscriptions (user_id, plan, start_date, end_date). end_date = NULL если подписка активна. Посчитай churn rate за январь 2024: долю активных на начало января пользователей, чья подписка закончилась в январе.;WITH active_start AS (SELECT DISTINCT user_id FROM subscriptions WHERE start_date <= '2024-01-01' AND (end_date IS NULL OR end_date >= '2024-01-01')), churned AS (SELECT DISTINCT user_id FROM subscriptions WHERE end_date BETWEEN '2024-01-01' AND '2024-01-31') SELECT (SELECT COUNT(*) FROM active_start) AS start_active, (SELECT COUNT(*) FROM churned) AS churned_count, ROUND(100.0 * (SELECT COUNT(*) FROM churned) / NULLIF((SELECT COUNT(*) FROM active_start), 0), 2) AS churn_rate;"Считают churn от общего числа а не от активных; не учитывают что пользователь может переподписаться";2026-07-16 00:00:00
BANK_SQL_129;sql;churn;Product Analytics;User Lifecycle;3;AI;Прогноз churn: пользователи со снижающейся активностью;Таблица: user_weekly_activity (user_id, week_start, sessions_count). Найди пользователей, у которых количество сессий падает три недели подряд (каждая следующая неделя меньше предыдущей). Выведи: user_id, week_start убывающей недели, sessions_count.;WITH lagged AS (SELECT user_id, week_start, sessions_count, LAG(sessions_count) OVER (PARTITION BY user_id ORDER BY week_start) AS prev_1, LAG(sessions_count, 2) OVER (PARTITION BY user_id ORDER BY week_start) AS prev_2 FROM user_weekly_activity) SELECT user_id, week_start, sessions_count FROM lagged WHERE sessions_count < prev_1 AND prev_1 < prev_2 ORDER BY user_id, week_start;"Используют неправильное смещение в LAG; не проверяют что prev_1 и prev_2 не NULL; путают направление сравнения";2026-07-16 00:00:00
BANK_SQL_130;sql;aggregation_concepts;SQL Theory;Aggregation;1;AI;COUNT(*) vs COUNT(column);Объясни разницу между COUNT(*) и COUNT(column). Что вернёт COUNT(column), если в столбце есть NULL?;COUNT(*) считает все строки. COUNT(column) считает только NOT NULL значения в столбце. Если есть NULL, COUNT(column) будет меньше COUNT(*);"Думают что COUNT(*) тоже игнорирует NULL; считают что это одно и то же";2026-07-16 00:00:00
BANK_SQL_131;sql;aggregation_concepts;SQL Theory;Aggregation;2;AI;WHERE vs HAVING;В запросе: SELECT customer_id, SUM(amount) FROM orders WHERE amount > 100 GROUP BY customer_id HAVING SUM(amount) > 1000. На каком этапе отфильтруются заказы с amount <= 100? А группы с суммой <= 1000?;WHERE фильтрует строки ДО группировки (amount <= 100 не попадут в SUM). HAVING фильтрует ПОСЛЕ группировки (группы с SUM <= 1000 не выводятся);"Путают порядок выполнения; думают что WHERE и HAVING взаимозаменяемы";2026-07-16 00:00:00
BANK_SQL_132;sql;aggregation_concepts;SQL Theory;Aggregation;3;AI;COUNT(CASE) vs SUM(CASE);Объясни разницу: COUNT(CASE WHEN status = 'active' THEN 1 END) vs SUM(CASE WHEN status = 'active' THEN 1 ELSE 0 END). Всегда ли они дают одинаковый результат?;COUNT считает количество NOT NULL значений. SUM суммирует 1 и 0. Результат одинаковый, но COUNT игнорирует NULL (THEN 1 без ELSE даёт NULL для не-active). SUM с ELSE 0 всегда считает все строки;"Путают когда использовать COUNT vs SUM; забывают что COUNT(NULL) = 0";2026-07-16 00:00:00
BANK_SQL_133;sql;constraints;SQL Theory;Basics;1;AI;Назначение PRIMARY KEY;Что такое PRIMARY KEY? Какие свойства он обеспечивает? Может ли PRIMARY KEY содержать NULL?;PRIMARY KEY — уникальный идентификатор строки. Свойства: уникальность, NOT NULL. Не может содержать NULL;"Путают с UNIQUE; думают что PRIMARY KEY допускает NULL";2026-07-16 00:00:00
BANK_SQL_134;sql;constraints;SQL Theory;Basics;2;AI;FOREIGN KEY и каскадное удаление;В таблице orders есть FOREIGN KEY (customer_id) REFERENCES customers(customer_id) ON DELETE CASCADE. Что произойдёт при удалении клиента из customers?;Все заказы этого клиента в таблице orders будут автоматически удалены;"Путают CASCADE и SET NULL; думают что удаление заблокируется";2026-07-16 00:00:00
BANK_SQL_135;sql;constraints;SQL Theory;Basics;3;AI;CHECK ограничение для бизнес-правил;Предложи CHECK ограничение для таблицы employees, чтобы: salary > 0, bonus <= salary * 0.5, department_id IS NOT NULL. Напиши SQL-выражение.;CONSTRAINT chk_employee CHECK (salary > 0 AND bonus <= salary * 0.5 AND department_id IS NOT NULL);"Пишут несколько CHECK вместо одного; забывают про AND; путают CHECK и WHERE";2026-07-16 00:00:00
BANK_SQL_136;sql;sql_commands;SQL Theory;Basics;1;AI;Классификация SQL-команд;Определи тип команды: SELECT, INSERT, CREATE TABLE, GRANT. Распредели по категориям DDL, DML, DCL, TCL.;SELECT и INSERT → DML. CREATE TABLE → DDL. GRANT → DCL;"Путают DDL и DML; относят SELECT к DDL; не знают про DCL";2026-07-16 00:00:00
BANK_SQL_137;sql;sql_commands;SQL Theory;Basics;2;AI;DELETE vs TRUNCATE;Объясни разницу между DELETE и TRUNCATE. В каком случае ты выберешь TRUNCATE?;DELETE удаляет строки с WHERE, медленно, можно откатить. TRUNCATE удаляет все строки, быстро, DDL, не логирует каждую строку. TRUNCATE — когда нужно очистить всю таблицу;"Думают что TRUNCATE можно откатить так же как DELETE; не знают что TRUNCATE сбрасывает автоинкремент";2026-07-16 00:00:00
BANK_SQL_138;sql;sql_commands;SQL Theory;Basics;3;AI;Порядок выполнения и COMMIT;"Опиши сценарий: BEGIN; UPDATE accounts SET balance = balance - 100 WHERE id = 1; UPDATE accounts SET balance = balance + 100 WHERE id = 2; COMMIT; Что произойдёт если после первого UPDATE произойдёт сбой? А если выполнить ROLLBACK вместо COMMIT?";При сбое без COMMIT — изменения не сохранятся, база откатится. ROLLBACK явно отменяет все изменения в транзакции. Другие сессии не увидят изменения до COMMIT;"Думают что изменения видны сразу; не понимают атомарность транзакции";2026-07-16 00:00:00
BANK_SQL_139;sql;cardinality;SQL Theory;Data Modeling;1;AI;Связь customers и orders;Таблицы: customers (customer_id), orders (order_id, customer_id). Какая связь между ними (тип кардинальности)?;Один-ко-многим: один клиент может иметь много заказов;"Путают с многие-ко-многим; думают что один заказ может принадлежать многим клиентам";2026-07-16 00:00:00
BANK_SQL_140;sql;cardinality;SQL Theory;Data Modeling;2;AI;Связь многие-ко-многим;Таблицы: students (student_id), courses (course_id), enrollments (student_id, course_id). Какая связь между students и courses?;Многие-ко-многим через таблицу-связку enrollments;"Путают с один-ко-многим; не видят таблицу-связку";2026-07-16 00:00:00
BANK_SQL_141;sql;cardinality;SQL Theory;Data Modeling;3;AI;Определение кардинальности по данным;Таблица: employee_projects (emp_id, project_id, role, assigned_date). emp_id + project_id уникальны. Определи кардинальность между employees и projects. Может ли один сотрудник быть в нескольких проектах? Может ли один проект иметь несколько сотрудников?;Многие-ко-многим (составной ключ emp_id+project_id);"Путают с один-ко-многим если видят уникальность пары; не анализируют обе стороны связи";2026-07-16 00:00:00
BANK_SQL_142;sql;table_relationships;SQL Theory;Data Modeling;1;AI;Отличие один-к-одному от один-ко-многим;Приведи пример таблиц со связью один-к-одному и один-ко-многим из реального проекта.;Один-к-одному: users и user_profiles (один пользователь — один профиль). Один-ко-многим: departments и employees (один отдел — много сотрудников);"Путают примеры; не понимают что в один-к-одному FK уникален";2026-07-16 00:00:00
BANK_SQL_143;sql;table_relationships;SQL Theory;Data Modeling;2;AI;Проектирование связи многие-ко-многим;"Как спроектировать связь ""студенты записываются на курсы"", если у каждого студента может быть несколько курсов, а курс может посещать много студентов? Какие таблицы нужны?";Таблицы: students (student_id, name), courses (course_id, title), enrollments (student_id, course_id, enrollment_date). enrollments — таблица-связка с составным PK (student_id, course_id);"Забывают таблицу-связку; хранят список курсов в строке через запятую";2026-07-16 00:00:00
BANK_SQL_144;sql;table_relationships;SQL Theory;Data Modeling;3;AI;Иерархическая связь внутри таблицы;"Как спроектировать связь ""сотрудник-руководитель"" в рамках одной таблицы employees? Какое поле добавить? Какой тип связи?";Добавить manager_id (FK на employees.emp_id). Это связь один-ко-многим внутри одной таблицы (рекурсивная связь);"Создают отдельную таблицу managers; путают с многие-ко-многим";2026-07-16 00:00:00
BANK_SQL_145;sql;dbms_architecture;SQL Theory;DBMS;1;AI;PostgreSQL vs MySQL;Назови два ключевых отличия PostgreSQL от MySQL в контексте аналитической работы.;PostgreSQL: лучшая поддержка оконных функций, CTE, MVCC без откатов. MySQL: более простая репликация, но хуже с аналитическими запросами (в старых версиях);"Сравнивают только скорость; не упоминают функциональность";2026-07-16 00:00:00
BANK_SQL_146;sql;dbms_architecture;SQL Theory;DBMS;2;AI;Что такое MVCC;Объясни, что такое MVCC (Multiversion Concurrency Control) и какую проблему он решает в PostgreSQL.;MVCC хранит несколько версий строк для одновременного доступа. Читатели не блокируют писателей, писатели не блокируют читателей. Решает проблему конкурентного доступа без блокировок;"Путают с row-level locking; думают что MVCC замедляет чтение";2026-07-16 00:00:00
BANK_SQL_147;sql;dbms_architecture;SQL Theory;DBMS;3;AI;VACUUM и его назначение;В PostgreSQL есть команда VACUUM. Зачем она нужна? Что будет, если не запускать VACUUM долгое время?;"VACUUM очищает ""мёртвые"" строки (старые версии MVCC), освобождает место, обновляет статистику. Без VACUUM таблица раздувается (bloat), запросы замедляются";"Путают с очисткой кэша; думают что это аналог дефрагментации диска";2026-07-16 00:00:00
BANK_SQL_148;sql;join_concepts;SQL Theory;Joins;1;AI;INNER JOIN vs LEFT JOIN;Объясни разницу между INNER JOIN и LEFT JOIN. Когда результат LEFT JOIN может содержать NULL в полях правой таблицы?;INNER JOIN возвращает только совпадающие строки. LEFT JOIN возвращает все строки левой таблицы + совпадения из правой. NULL когда нет соответствия;"Думают что LEFT JOIN всегда даёт больше строк чем INNER JOIN; не понимают роль условия";2026-07-16 00:00:00
BANK_SQL_149;sql;join_concepts;SQL Theory;Joins;2;AI;Почему JOIN увеличил количество строк;Таблица A: 100 строк (id уникален). Таблица B: 200 строк (id дублируется). SELECT * FROM A JOIN B ON A.id = B.id вернул 500 строк. Объясни, почему.;Потому что в таблице B несколько строк с одинаковым id. JOIN соединяет каждую строку A с каждой подходящей строкой B (1×M);"Думают что JOIN всегда даёт min(rows A, rows B); не понимают влияние дубликатов";2026-07-16 00:00:00
BANK_SQL_150;sql;join_concepts;SQL Theory;Joins;3;AI;Почему DISTINCT после JOIN может скрывать ошибку;В запросе SELECT DISTINCT customer_id, customer_name FROM customers JOIN orders USING (customer_id). Объясни, почему DISTINCT может маскировать проблему с дубликатами и как правильно её решить.;DISTINCT скрывает дубли, но не решает причину. Причина: JOIN с таблицей другой гранулярности. Правильно: агрегировать заказы до JOIN или использовать EXISTS;"Используют DISTINCT как универсальное решение; не анализируют причину дублей";2026-07-16 00:00:00
BANK_SQL_151;sql;null_handling;SQL Theory;NULL Handling;1;AI;Сравнение с NULL;Что вернёт выражение: NULL = NULL? А NULL <> NULL? Почему?;NULL = NULL → NULL. NULL <> NULL → NULL. Потому что NULL — это не значение, а отсутствие значения. Любое сравнение с NULL даёт NULL (третья логика);"Думают что NULL = NULL это TRUE; путают с IS NULL";2026-07-16 00:00:00
BANK_SQL_152;sql;null_handling;SQL Theory;NULL Handling;2;AI;COALESCE vs ISNULL;Объясни разницу между COALESCE и ISNULL (или NVL). Приведи пример, где COALESCE удобнее.;COALESCE принимает любое количество аргументов, возвращает первый NOT NULL. ISNULL принимает ровно 2. COALESCE удобнее для цепочки замен: COALESCE(phone, mobile, 'Нет телефона');"Путают синтаксис; не знают что COALESCE — стандарт ANSI SQL";2026-07-16 00:00:00
BANK_SQL_153;sql;null_handling;SQL Theory;NULL Handling;3;AI;NULL в агрегатных функциях;Как ведут себя SUM, AVG, COUNT, MAX с NULL значениями? Объясни для каждой функции.;SUM игнорирует NULL. AVG игнорирует NULL (сумма / количество NOT NULL). COUNT(*) считает все строки. COUNT(column) игнорирует NULL. MAX/MIN игнорируют NULL;"Думают что SUM с NULL даёт NULL; путают COUNT(*) и COUNT(column)";2026-07-16 00:00:00
BANK_SQL_154;sql;indexes;SQL Theory;Performance;1;AI;Зачем нужны индексы;Что такое индекс в базе данных? Какую проблему он решает? Приведи аналогию из жизни.;Индекс — структура для быстрого поиска строк. Аналогия: оглавление книги. Без индекса — Seq Scan (просмотр всех строк);"Думают что индекс всегда ускоряет; не понимают что индекс тоже занимает место";2026-07-16 00:00:00
BANK_SQL_155;sql;indexes;SQL Theory;Performance;2;AI;EXPLAIN и Seq Scan;Запрос SELECT * FROM orders WHERE customer_id = 42 показывает Seq Scan в EXPLAIN. Что это значит? Что нужно сделать для ускорения?;Seq Scan — полный перебор таблицы. Нужно создать индекс: CREATE INDEX idx_orders_customer ON orders(customer_id);"Предлагают править запрос; не понимают что Seq Scan это отсутствие индекса";2026-07-16 00:00:00
BANK_SQL_156;sql;indexes;SQL Theory;Performance;3;AI;Индекс для LIKE по началу строки;Запрос SELECT * FROM products WHERE product_name LIKE 'Samsung%' работает медленно на большой таблице. Какой индекс поможет? Поможет ли он для LIKE '%Samsung%'?;Поможет B-tree индекс по product_name (только для префиксного поиска 'Samsung%'). Для '%Samsung%' B-tree бесполезен, нужен GIN/GIST с триграммами (pg_trgm);Создают обычный индекс и удивляются что LIKE '%text%' всё равно медленный;2026-07-16 00:00:00
BANK_SQL_157;sql;window_function_concepts;SQL Theory;Window Functions;1;AI;PARTITION BY vs GROUP BY;Объясни разницу между PARTITION BY и GROUP BY в SQL. Могут ли они использоваться вместе?;GROUP BY сворачивает строки в группы (одна строка на группу). PARTITION BY определяет окно для каждой строки, не сворачивая. Могут использоваться вместе (оконная функция после GROUP BY);"Думают что PARTITION BY это просто ""GROUP BY внутри OVER""";2026-07-16 00:00:00
BANK_SQL_158;sql;window_function_concepts;SQL Theory;Window Functions;2;AI;ROW_NUMBER vs RANK vs DENSE_RANK;Даны значения: 100, 90, 90, 80. Какие номера присвоят ROW_NUMBER, RANK и DENSE_RANK при сортировке по убыванию?;ROW_NUMBER: 1, 2, 3, 4. RANK: 1, 2, 2, 4 (пропуск 3). DENSE_RANK: 1, 2, 2, 3 (без пропусков);"Путают RANK и DENSE_RANK; не понимают когда какой использовать";2026-07-16 00:00:00
BANK_SQL_159;sql;window_function_concepts;SQL Theory;Window Functions;3;AI;ROWS vs RANGE в оконных функциях;Объясни разницу между ROWS BETWEEN 2 PRECEDING AND CURRENT ROW и RANGE BETWEEN 2 PRECEDING AND CURRENT ROW. Приведи пример с дублирующимися значениями в ORDER BY.;ROWS работает по физическим строкам (ровно 3 строки). RANGE работает по значениям ORDER BY (все строки с такими же значениями). При дубликатах RANGE может включить больше строк чем ROWS;"Думают что ROWS и RANGE взаимозаменяемы; не понимают влияние дубликатов на RANGE";2026-07-16 00:00:00
BANK_STAT_001;statistics;ab_testing_design;A/B Testing;Experiment Design;1;AI;Ключевые метрики A/B-теста;Какие четыре ключевых параметра необходимо зафиксировать до запуска A/B-теста? Назови и кратко опиши каждый.;1) α (уровень значимости, обычно 0.05) — вероятность ошибки I рода. 2) β или мощность (1-β, обычно 0.80) — вероятность обнаружить эффект. 3) MDE (минимальный детектируемый эффект) — минимальная practically значимая разница. 4) Размер выборки — сколько наблюдений нужно для заданных α, β, MDE;"Путают MDE с фактическим эффектом; забывают про мощность; не фиксируют параметры заранее";2026-07-16 00:00:00
BANK_STAT_002;statistics;ab_testing_design;A/B Testing;Experiment Design;2;AI;Расчёт размера выборки для конверсии;Текущая конверсия лендинга — 5%. Ожидаемый прирост после редизайна — до 6% (MDE = 1 п.п.). Сколько наблюдений на группу нужно при α = 0.05 и мощности 80%? Используй упрощённую формулу: n = (Zα/2 + Zβ)² × (p1(1-p1) + p2(1-p2)) / (p2 - p1)², где Zα/2 = 1.96, Zβ = 0.84.;Подставляем: p1=0.05, p2=0.06. n = (1.96+0.84)² × (0.05×0.95 + 0.06×0.94) / (0.01)² = 7.84 × (0.0475+0.0564) / 0.0001 = 7.84 × 0.1039 / 0.0001 = 8146 на группу. Всего ≈ 16292;"Используют формулу для средних вместо долей; путают p1 и p2 местами; забывают умножить на 2 для обеих групп";2026-07-16 00:00:00
BANK_STAT_003;statistics;ab_testing_design;A/B Testing;Experiment Design;3;AI;Проблема подглядывания и секвенциальный анализ;Команда запустила A/B-тест и проверяет p-value каждый день, останавливая тест как только p-value < 0.05. Объясни, почему это проблема. Предложи корректный метод анализа с промежуточными проверками.;Проблема: множественные проверки раздувают α (вместо 0.05 может стать 0.20+). Корректный метод: групповой последовательный дизайн (group sequential design) с границами О'Брайена-Флеминга или Покока. Границы корректируются так, чтобы общий α оставался 0.05. Либо использовать байесовский подход со стоппинг-правилами;"Думают что ничего страшного; предлагают просто уменьшить α; не знают про корректировку границ";2026-07-16 00:00:00
BANK_STAT_004;statistics;association_measures;Categorical Analysis;Association Measures;1;AI;Коэффициент Крамера V;Что измеряет коэффициент Крамера V? В каких границах он находится? Когда достигает 0, а когда 1?;Крамер V измеряет силу связи между категориальными признаками. Находится в [0, 1]. 0 — полная независимость, 1 — полная связь. Основан на χ²-статистике, нормированной на размер таблицы и выборки;"Путают с коэффициентом корреляции Пирсона; думают что V может быть отрицательным";2026-07-16 00:00:00
BANK_STAT_005;statistics;association_measures;Categorical Analysis;Association Measures;2;AI;Расчёт Крамера V по данным;Проведён χ²-тест независимости для таблицы 3×3. χ² = 24.5, n = 200. Найди Крамер V и проинтерпретируй результат.;V = √(χ² / (n × min(r-1, c-1))) = √(24.5 / (200 × 2)) = √(24.5 / 400) = √0.06125 ≈ 0.247. Это слабая или умеренная связь (обычно V<0.3 слабая, 0.3-0.6 средняя, >0.6 сильная);"Забывают min(r-1, c-1) и делят на (r-1)(c-1); неправильно интерпретируют величину";2026-07-16 00:00:00
BANK_STAT_006;statistics;association_measures;Categorical Analysis;Association Measures;3;AI;Выбор между Крамером V и Чупровым T;Объясни разницу между коэффициентами Крамера V и Чупрова T. В каком случае они дают одинаковый результат? Когда лучше использовать Чупрова T?;Крамер V: V = √(χ²/(n×min(r-1,c-1))). Чупров T: T = √(χ²/(n×√((r-1)(c-1)))). Они совпадают для квадратных таблиц (r=c). Чупров T лучше для прямоугольных таблиц, так как меньше завышает силу связи;"Думают что тесты взаимозаменяемы; не понимают влияния размера таблицы";2026-07-16 00:00:00
BANK_STAT_007;statistics;categorical_descriptive_statistics;Categorical Analysis;Descriptive Statistics;1;AI;Таблица сопряжённости и частоты;Таблица: survey (respondent_id, gender, product_preference). gender: 'Male', 'Female'. product_preference: 'A', 'B', 'C'. Напиши запрос (мысленно) для построения таблицы сопряжённости gender × product_preference с частотами.;SELECT gender, product_preference, COUNT(*) AS frequency FROM survey GROUP BY gender, product_preference ORDER BY gender, product_preference. Затем можно развернуть через PIVOT (CASE WHEN) для наглядности;"Путают COUNT и SUM; забывают GROUP BY по обоим признакам";2026-07-16 00:00:00
BANK_STAT_008;statistics;categorical_descriptive_statistics;Categorical Analysis;Descriptive Statistics;2;AI;Маргинальные и условные доли;Дана таблица сопряжённости: пол × предпочтение продукта. Объясни разницу между: а) долей мужчин среди всех респондентов (маргинальная), б) долей предпочитающих продукт A среди мужчин (условная). Приведи формулы.;а) Маргинальная доля мужчин = N(муж) / N(все). б) Условная доля A|муж = N(муж и A) / N(муж). Маргинальная — доля от всей выборки. Условная — доля внутри подгруппы;"Путают условные и маргинальные доли; делят на общее количество а не на количество в подгруппе";2026-07-16 00:00:00
BANK_STAT_009;statistics;categorical_descriptive_statistics;Categorical Analysis;Descriptive Statistics;3;AI;Стандартизация по возрасту;В двух регионах разная возрастная структура населения. Как сравнить долю курящих в этих регионах корректно? Предложи метод стандартизации.;Прямая стандартизация: вычисляем возрастные доли курящих в каждом регионе, затем применяем их к единой стандартной возрастной структуре (например, средней по стране). Получаем стандартизованную долю. Косвенная стандартизация: если известны общие показатели — через стандартизованный коэффициент (SMR);"Сравнивают сырые доли без учёта возрастной структуры; не понимают когда нужна стандартизация";2026-07-16 00:00:00
BANK_STAT_010;statistics;chi_square_goodness_of_fit;Categorical Analysis;Goodness of Fit;1;AI;Проверка равномерности игральной кости;Игральную кость бросили 60 раз. Ожидаемое: каждое число 1-6 выпадает 10 раз. Фактически: 1 — 8, 2 — 12, 3 — 7, 4 — 14, 5 — 9, 6 — 10. Сформулируй H₀ и H₁ для критерия согласия χ².;H₀: распределение выпадений равномерно (P(каждого) = 1/6). H₁: распределение отличается от равномерного. Статистика: Σ((O-E)²/E) с df=5;"Путают с χ²-тестом независимости; неправильно формулируют H₀ (пишут ""кости нечестные"" в H₀)";2026-07-16 00:00:00
BANK_STAT_011;statistics;chi_square_goodness_of_fit;Categorical Analysis;Goodness of Fit;2;AI;Проверка соответствия распределению Пуассона;В таблице зафиксировано количество звонков в минуту: 0 звонков — 15 раз, 1 — 30, 2 — 25, 3 — 20, 4+ — 10. Всего 100 минут. Среднее = 1.8 звонка/мин. Проверь гипотезу о пуассоновском распределении. Как посчитать ожидаемые частоты?;Для каждого k: P(X=k) = (λ^k × e^(-λ)) / k!. E(k) = P(X=k) × 100. Для k≥4: P(X≥4) = 1 - ΣP(0..3). Степени свободы: категории - 1 - число_оценённых_параметров = 5-1-1=3 (λ оценена по данным);"Забывают вычесть степень свободы за оценённый параметр λ; неправильно группируют хвост";2026-07-16 00:00:00
BANK_STAT_012;statistics;chi_square_goodness_of_fit;Categorical Analysis;Goodness of Fit;3;AI;Сравнение с теоретическим распределением;Генетик ожидает расщепление по Менделю 9:3:3:1. В эксперименте получено: 560, 190, 180, 70 (всего 1000). Проверь гипотезу о соответствии ожидаемому расщеплению на уровне α = 0.05. Рассчитай χ²-статистику и сделай вывод.;Ожидаемые: 9/16×1000=562.5, 3/16×1000=187.5, 3/16×1000=187.5, 1/16×1000=62.5. χ² = (560-562.5)²/562.5 + (190-187.5)²/187.5 + (180-187.5)²/187.5 + (70-62.5)²/62.5 = 0.011+0.033+0.300+0.900 = 1.244. df=3. Критическое χ²(3,0.05)=7.815. 1.244<7.815 → не отвергаем H₀;"Арифметические ошибки в ожидаемых частотах; путают df=3 и df=4; не сравнивают с критическим значением";2026-07-16 00:00:00
BANK_STAT_013;statistics;mcnemar_test;Categorical Analysis;Paired Categorical Tests;1;AI;Тест МакНимара: до и после;Провели опрос до и после рекламной кампании: 200 человек. До: 120 узнавали бренд, 80 нет. После: 150 узнают, 50 нет. Можно ли использовать тест МакНимара? Сформулируй H₀.;"Да, можно. Данные зависимые (одни и те же люди). H₀: доля изменивших мнение с ""нет"" на ""да"" равна доле с ""да"" на ""нет"". Тест учитывает только discordant pairs (b и c)";"Путают с χ²-тестом независимости; применяют t-тест для зависимых выборок";2026-07-16 00:00:00
BANK_STAT_014;statistics;mcnemar_test;Categorical Analysis;Paired Categorical Tests;2;AI;Расчёт статистики МакНимара;"После теста МакНимара таблица 2×2: было ""да"" стало ""да"" = 80, было ""да"" стало ""нет"" = 20, было ""нет"" стало ""да"" = 35, было ""нет"" стало ""нет"" = 65. Рассчитай χ²-статистику и проверь значимость при α=0.05 (крит. значение 3.84).";χ² = (|b-c|-1)²/(b+c) с поправкой Йейтса или χ² = (b-c)²/(b+c) без поправки. b=20, c=35. Без поправки: (20-35)²/55 = 225/55 ≈ 4.09. 4.09 > 3.84 → значимо. С поправкой: (|20-35|-1)²/55 = 14²/55 = 196/55 ≈ 3.56. 3.56 < 3.84 → не значимо (консервативнее);"Путают b и c; используют не те ячейки (a и d не входят в формулу); забывают про поправку";2026-07-16 00:00:00
BANK_STAT_015;statistics;mcnemar_test;Categorical Analysis;Paired Categorical Tests;3;AI;Выбор между МакНимаром и χ² независимости;Опиши ситуацию: две группы пациентов (основная и контрольная), измеряется бинарный исход (выздоровел/нет). В каком случае нужен тест МакНимара, а в каком χ²-тест независимости?;МакНимар: если группы ЗАВИСИМЫ (например, matched pairs — каждый пациент из основной группы имеет пару в контрольной по возрасту и полу). χ² независимости: если группы НЕЗАВИСИМЫ (рандомизированное распределение, разные люди);"Применяют МакНимара для независимых групп и наоборот; не проверяют дизайн исследования";2026-07-16 00:00:00
BANK_STAT_016;statistics;cochran_q_test;Categorical Analysis;Paired Categorical Tests;1;AI;Назначение Q-теста Кохрена;Что проверяет Q-тест Кохрена? Сколько должно быть измерений и какой тип данных? Приведи пример задачи.;"Q-тест Кохрена проверяет равенство долей для 3+ зависимых бинарных выборок. Данные: бинарные (0/1), зависимые измерения (например, одни и те же люди в 3 моментов времени). Пример: ""изменилась ли доля курящих среди одной группы до, сразу после и через год после программы?""";"Путают с ANOVA; применяют для независимых групп; используют для количественных данных";2026-07-16 00:00:00
BANK_STAT_017;statistics;cochran_q_test;Categorical Analysis;Paired Categorical Tests;2;AI;Гипотезы Q-теста Кохрена;Группа из 30 студентов сдавала 3 теста (лёгкий, средний, сложный). Результат: сдал/не сдал. Сформулируй H₀ и H₁ для Q-теста Кохрена. Какая статистика используется?;H₀: доля сдавших одинакова для всех трёх тестов. H₁: хотя бы для одного теста доля сдавших отличается. Статистика Q распределена как χ² с df = k-1 (k=3 → df=2);Путают с гипотезами Фридмана (тот для количественных/порядковых данных);2026-07-16 00:00:00
BANK_STAT_018;statistics;cochran_q_test;Categorical Analysis;Paired Categorical Tests;3;AI;Сравнение Кохрена и Фридмана;Объясни разницу между Q-тестом Кохрена и тестом Фридмана. Когда какой применять? Приведи конкретный пример данных, где нужен Кохрен, а не Фридман.;"Кохрен: для БИНАРНЫХ данных (0/1). Фридман: для ПОРЯДКОВЫХ или КОЛИЧЕСТВЕННЫХ данных (например, оценки 1-5). Пример для Кохрена: 20 пациентов, 3 лечения, исход — ""помогло/не помогло"". Пример для Фридмана: те же пациенты, но исход — ""уровень боли по шкале 0-10""";"Применяют Фридмана для бинарных данных; не проверяют тип переменной перед выбором";2026-07-16 00:00:00
BANK_STAT_019;statistics;pearson_correlation;Correlation;Correlation Mesuares;1;AI;Формула коэффициента Пирсона;Напиши формулу коэффициента корреляции Пирсона и объясни её компоненты. В каком диапазоне находится r?;r = Σ((xi - x̄)(yi - ȳ)) / √(Σ(xi-x̄)² × Σ(yi-ȳ)²). Диапазон: [-1, 1]. 1 — полная положительная линейная связь, -1 — отрицательная, 0 — отсутствие линейной связи;"Путают с коэффициентом Спирмена; думают что r=0 означает независимость; забывают что r меряет только ЛИНЕЙНУЮ связь";2026-07-16 00:00:00
BANK_STAT_020;statistics;pearson_correlation;Correlation;Correlation Mesuares;2;AI;Интерпретация r и r²;Для двух переменных получен коэффициент корреляции r = 0.80. Что это означает? Чему равен коэффициент детерминации r² и как его интерпретировать?;r = 0.80 — сильная положительная линейная связь. r² = 0.64 — 64% дисперсии одной переменной объясняется линейной зависимостью от другой (и наоборот);"Путают r и r²; интерпретируют r² как ""64% данных объясняется""; не понимают что r² — доля объяснённой дисперсии";2026-07-16 00:00:00
BANK_STAT_021;statistics;pearson_correlation;Correlation;Correlation Mesuares;3;AI;Проверка значимости r;Выборка n=25, r=0.35. Проверь гипотезу H₀: ρ=0 против H₁: ρ≠0 на уровне α=0.05. Используй t-статистику: t = r × √(n-2) / √(1-r²). Критическое t(23, 0.025) ≈ 2.069.;Подставляем: t = 0.35 × √23 / √(1-0.1225) = 0.35 × 4.796 / √0.8775 = 1.679 / 0.937 ≈ 1.792. 1.792 < 2.069 → не отвергаем H₀. Корреляция статистически не значима на уровне 0.05;"Забывают про n-2 степеней свободы; путают формулу; не сравнивают модуль t с критическим";2026-07-16 00:00:00
BANK_STAT_022;statistics;spearman_correlation;Correlation;Correlation Mesuares;1;AI;Когда применять Спирмена вместо Пирсона;Опиши ситуации, когда коэффициент корреляции Спирмена предпочтительнее Пирсона. Приведи конкретные примеры данных.;Спирмен предпочтительнее: 1) данные не нормально распределены, 2) порядковая шкала, 3) монотонная, но не обязательно линейная связь, 4) наличие выбросов. Пример: связь между местом в рейтинге и доходом (порядковые/скошенные данные);"Применяют Пирсона для порядковых данных; не проверяют нормальность перед выбором";2026-07-16 00:00:00
BANK_STAT_023;statistics;spearman_correlation;Correlation;Correlation Mesuares;2;AI;Расчёт Спирмена для малой выборки;Даны пары значений (x, y): (10, 25), (20, 18), (30, 30), (40, 22), (50, 12). Рассчитай коэффициент Спирмена.;Ранги x: 1,2,3,4,5. Ранги y: (25→4, 18→2, 30→5, 22→3, 12→1) = 4,2,5,3,1. Разности d: -3,0,-2,1,4. Σd²=9+0+4+1+16=30. rs = 1 - 6×30/(5×24) = 1 - 180/120 = 1 - 1.5 = -0.5. Умеренная отрицательная связь;"Путают ранги (начинают с 0); неправильно ранжируют при совпадениях; арифметические ошибки";2026-07-16 00:00:00
BANK_STAT_024;statistics;spearman_correlation;Correlation;Correlation Mesuares;3;AI;Спирмен vs Пирсон на одних данных;Приведи пример, где коэффициент Пирсона близок к 0, а Спирмен близок к 1. Объясни, почему так происходит.;Пример: y = x² для x от -5 до 5. Пирсон ≈ 0 (симметричная парабола не линейна). Спирмен = 1 (монотонная связь после ранжирования: большие |x| дают большие y). Спирмен улавливает монотонные, но нелинейные связи;"Думают что тесты всегда дают похожие результаты; не понимают концепцию монотонности";2026-07-16 00:00:00
BANK_STAT_025;statistics;kendall_correlation;Correlation;Correlation Mesuares;1;AI;Коэффициент τ Кендалла;Что измеряет коэффициент корреляции Кендалла? Чем он отличается от Спирмена в способе расчёта?;Кендалл τ измеряет силу монотонной связи через сравнение конкордантных (согласованных) и дискордантных пар. Отличие от Спирмена: τ основан на вероятности того, что пары наблюдений упорядочены одинаково, а не на разнице рангов;"Путают формулу расчёта со Спирменом; думают что τ всегда равен rs";2026-07-16 00:00:00
BANK_STAT_026;statistics;kendall_correlation;Correlation;Correlation Mesuares;2;AI;Выбор между Спирменом и Кендаллом;Когда лучше использовать τ Кендалла вместо ρ Спирмена? Назови два преимущества τ.;1) τ Кендалла лучше работает на малых выборках (менее смещённая оценка). 2) τ имеет более точную аппроксимацию нормальным распределением. 3) τ более робастен к выбросам в рангах. Минус: сложнее вычисляется;"Всегда используют Спирмена; не знают преимуществ Кендалла";2026-07-16 00:00:00
BANK_STAT_027;statistics;kendall_correlation;Correlation;Correlation Mesuares;3;AI;Расчёт τ для данных с совпадающими рангами;Даны пары: (1,2), (2,1), (3,4), (3,4), (4,3). Обрати внимание на совпадающие ранги. Рассчитай τ-b Кендалла.;Конкордантные пары: (1,2)-(3,4) — да, (1,2)-(3,4) — да, (1,2)-(4,3) — нет, (2,1)-(3,4) — да, (2,1)-(3,4) — да, (2,1)-(4,3) — да, (3,4)-(4,3) — нет, и т.д. Всего C(5,2)=10 пар. nc=6, nd=3, tie только в x (3,4 дважды). τ-b = (6-3)/√((10-2)(10-1)) = 3/√72 ≈ 0.354;"Забывают про корректировку на совпадающие ранги (τ-b vs τ-a); неправильно считают конкордантные пары";2026-07-16 00:00:00
BANK_STAT_028;statistics;mean_vs_median;Descriptive Statistics;Central Tendency;1;AI;Выбор между средним и медианой;Дана выборка зарплат в отделе: 30, 35, 40, 45, 50, 55, 60, 300 (тыс. руб.). Какую меру центральной тенденции выбрать — среднее или медиану? Почему?;"Лучше медиану: 47.5 тыс. руб. Среднее = 76.9 тыс. руб. — сильно завышено из-за выброса 300. Медиана устойчива к выбросам и лучше отражает ""типичную"" зарплату";"Выбирают среднее ""потому что привыкли""; не замечают выброс; думают что среднее всегда лучше";2026-07-16 00:00:00
BANK_STAT_029;statistics;mean_vs_median;Descriptive Statistics;Central Tendency;2;AI;Симметричное vs асимметричное распределение;Опиши, как соотносятся среднее, медиана и мода в симметричном, правостороннем и левостороннем распределениях.;Симметричное: среднее ≈ медиана ≈ мода. Правостороннее (положительная асимметрия): мода < медиана < среднее. Левостороннее (отрицательная): среднее < медиана < мода;"Путают право- и левостороннее направления; думают что асимметрия всегда вправо";2026-07-16 00:00:00
BANK_STAT_030;statistics;mean_vs_median;Descriptive Statistics;Central Tendency;3;AI;Усечённое среднее как компромисс;Объясни, что такое усечённое среднее (trimmed mean). В какой ситуации оно лучше и среднего, и медианы? Приведи пример расчёта для выборки: 2, 3, 4, 5, 6, 7, 8, 100 (усечение 10% с каждого конца).;Усечённое среднее: отбрасываются k% наименьших и k% наибольших значений, затем считается среднее. Пример (10% от 8 ≈ 1 значение с каждого конца): отбрасываем 2 и 100. Среднее оставшихся = (3+4+5+6+7+8)/6 ≈ 5.5. Обычное среднее = 16.9, медиана = 5.5. Здесь усечённое совпало с медианой, но на больших выборках даёт более стабильную оценку;"Отбрасывают неправильный процент; не понимают компромисс между робастностью и эффективностью";2026-07-16 00:00:00
BANK_STAT_031;statistics;variable_types;Descriptive Statistics;Data Types;1;AI;Типы переменных;Определи тип каждой переменной: возраст (полных лет), пол (м/ж), уровень образования (школа/бакалавр/магистр/PhD), температура в градусах Цельсия, рейтинг фильма (1-5 звёзд).;Возраст — количественная, дискретная. Пол — категориальная, номинальная. Образование — категориальная, порядковая. Температура — количественная, непрерывная (интервальная шкала). Рейтинг — категориальная, порядковая;"Путают порядковую и количественную; думают что рейтинг 1-5 это количественная; не различают интервальную и относительную шкалы";2026-07-16 00:00:00
BANK_STAT_032;statistics;variable_types;Descriptive Statistics;Data Types;2;AI;Влияние типа переменной на выбор статистики;"Для переменной ""уровень боли"" (шкала 0-10) можно ли считать среднее? А медиану? Какой тест выбрать для сравнения двух групп: t-тест или Манна-Уитни?";Среднее — спорно (порядковая шкала, интервалы между баллами могут быть неравны). Медиана — допустимо. Для сравнения — Манна-Уитни, так как шкала порядковая и t-тест требует количественных данных;"Считают что раз числа, то можно t-тест; не учитывают природу шкалы";2026-07-16 00:00:00
BANK_STAT_033;statistics;variable_types;Descriptive Statistics;Data Types;3;AI;Шкалы измерения и допустимые операции;Перечисли 4 типа шкал (номинальная, порядковая, интервальная, относительная). Какие математические операции допустимы на каждой? Приведи примеры переменных.;Номинальная: только =, ≠ (цвет глаз). Порядковая: =, ≠, <, > (уровень согласия). Интервальная: +, -, нет истинного нуля (температура в °C). Относительная: все арифметические операции, есть истинный ноль (вес, рост, доход);"Путают интервальную и относительную; думают что температура в °C имеет истинный ноль";2026-07-16 00:00:00
BANK_STAT_034;statistics;ecdf;Descriptive Statistics;ECDF;1;AI;Построение ECDF;Дана выборка: 1, 2, 2, 3, 5. Построй эмпирическую функцию распределения (ECDF). Чему равно значение ECDF в точке x = 2.5?;ECDF(x) = доля наблюдений ≤ x. Для x=2.5: значения ≤ 2.5 это 1,2,2 → 3 из 5 → ECDF(2.5) = 0.6. Функция: ECDF(x<1)=0, ECDF(1≤x<2)=0.2, ECDF(2≤x<3)=0.6, ECDF(3≤x<5)=0.8, ECDF(x≥5)=1.0;"Путают ""строго меньше"" и ""меньше или равно""; неправильно считают накопленные доли";2026-07-16 00:00:00
BANK_STAT_035;statistics;ecdf;Descriptive Statistics;ECDF;2;AI;Интерпретация графика ECDF;По графику ECDF определи приблизительно медиану, 25-й и 75-й перцентили. Как найти долю наблюдений с значением > X?;Медиана: значение x где ECDF(x) = 0.5 (пересечение с горизонталью 0.5). Q1: ECDF = 0.25. Q3: ECDF = 0.75. Доля > X = 1 - ECDF(X). Например, если ECDF(10)=0.7, то доля >10 = 0.3;"Путают ECDF с гистограммой; не понимают что ECDF всегда растёт от 0 до 1";2026-07-16 00:00:00
BANK_STAT_036;statistics;ecdf;Descriptive Statistics;ECDF;3;AI;Сравнение двух распределений через ECDF;Даны ECDF двух выборок: время отклика старого и нового сервера. Кривая нового сервера лежит выше и левее. Что это означает? Как формально проверить различие?;Кривая нового сервера выше при меньших значениях → новый сервер быстрее (больше вероятность малого времени отклика). Формально: двухвыборочный тест Колмогорова-Смирнова (проверяет различие распределений);"Говорят только ""один лучше другого"" без количественной оценки; не знают про KS-тест";2026-07-16 00:00:00
BANK_STAT_037;statistics;outliers;Descriptive Statistics;Z-score For Outliers;1;AI;Метод IQR для обнаружения выбросов;Дан набор: 10, 12, 15, 15, 16, 18, 22, 25, 100. Найди выбросы методом межквартильного размаха. Q1=14, Q3=23.5, IQR=9.5. Какие значения считаются выбросами?;Нижняя граница: Q1 - 1.5×IQR = 14 - 14.25 = -0.25. Верхняя: Q3 + 1.5×IQR = 23.5 + 14.25 = 37.75. Значение 100 > 37.75 → выброс. Значения ниже -0.25 отсутствуют. Только 100 — выброс;"Используют 2×IQR или 3×IQR; не проверяют обе границы; путают с Z-score";2026-07-16 00:00:00
BANK_STAT_038;statistics;outliers;Descriptive Statistics;Z-score For Outliers;2;AI;Стратегии обработки выбросов;Назови три стратегии обработки выбросов в данных перед анализом. Для каждой опиши, когда она уместна.;1) Удаление: когда выброс — явная ошибка данных. 2) Винсоризация (замена на граничное значение): выброс — реальное, но экстремальное значение, хотим сохранить наблюдение. 3) Трансформация (логарифмирование): данные с тяжёлыми хвостами, приближаем к нормальности;"Всегда удаляют выбросы; не анализируют причину; не знают про винсоризацию";2026-07-16 00:00:00
BANK_STAT_039;statistics;outliers;Descriptive Statistics;Z-score For Outliers;3;AI;Маскировка выбросов;Объясни эффект маскировки (masking) при обнаружении выбросов. Почему метод IQR или Z-score может не обнаружить явный выброс? Приведи пример.;"Маскировка: несколько выбросов ""маскируют"" друг друга, искажая среднее и SD. Пример: выборка: 1,2,3,4,5,100,101. Среднее≈30.9, SD≈47. Z-score для 100 = (100-30.9)/47≈1.47 < 3 → не выброс! А на самом деле это выброс. Решение: использовать робастные оценки (медиана и MAD вместо среднего и SD)";"Доверяют Z-score при наличии нескольких выбросов; не используют MAD";2026-07-16 00:00:00
BANK_STAT_040;statistics;z_score_interpretation;Descriptive Statistics;Z-score For Outliers;1;AI;Расчёт Z-score;Средний балл за тест = 70, стандартное отклонение = 12. Студент набрал 94 балла. Каков его Z-score? Интерпретируй.;Z = (94-70)/12 = 24/12 = 2.0. Студент набрал на 2 стандартных отклонения выше среднего. Это примерно 98-й перцентиль (выше ~97.7% студентов при нормальном распределении);"Путают формулу (делят на дисперсию а не на SD); не понимают что Z-score безразмерный";2026-07-16 00:00:00
BANK_STAT_041;statistics;z_score_interpretation;Descriptive Statistics;Z-score For Outliers;2;AI;Обнаружение выбросов через Z-score;В таблице client_metrics: client_id, avg_order_amount. Среднее по всем = 500, SD = 200. Какие client_id имеют |Z| > 3? Интерпретируй таких клиентов.;|Z| > 3 означает отклонение более чем на 3 SD. При нормальном распределении это ~0.3% наблюдений. Для avg_order_amount=500: границы 500±600 → [-100, 1100]. Клиенты с avg_order_amount > 1100 или < -100 (невозможно) — потенциальные аномалии;"Используют только положительный Z; забывают что отрицательный Z тоже может быть выбросом; не проверяют физический смысл";2026-07-16 00:00:00
BANK_STAT_042;statistics;z_score_interpretation;Descriptive Statistics;Z-score For Outliers;3;AI;Z-score для многомерных данных;Предложи метод обнаружения аномалий в данных о клиентах с 5 числовыми признаками. Как использовать Z-score в многомерном случае? Какие есть ограничения?;Вычислить Z-score для каждого признака отдельно, затем найти наблюдения с экстремальными Z по нескольким признакам. Или использовать расстояние Махаланобиса (многомерный аналог Z-score, учитывает корреляции). Ограничения: предполагает эллипсоидную форму данных, чувствителен к маскировке, требует оценки ковариационной матрицы;"Считают Z-score независимо по каждому признаку и не учитывают корреляции; не знают про расстояние Махаланобиса";2026-07-16 00:00:00
BANK_STAT_043;statistics;summary_statistics;Descriptive Statistics;Summary Statistics;1;AI;Основные описательные статистики;Дана выборка: 12, 15, 18, 18, 22, 25, 30. Найди: среднее, медиану, стандартное отклонение (выборочное), минимум, максимум, Q1, Q3.;Среднее = (12+15+18+18+22+25+30)/7 = 140/7 = 20. Медиана = 18 (4-е значение). SD = √(Σ(xi-20)²/6) = √((64+25+4+4+4+25+100)/6) = √(226/6) ≈ 6.13. Min=12, Max=30. Q1=15, Q3=25;"Используют n вместо n-1 для SD; путают Q1 и минимум; неправильно считают медиану для чётного n";2026-07-16 00:00:00
BANK_STAT_044;statistics;summary_statistics;Descriptive Statistics;Summary Statistics;2;AI;Сводка по категориям;Таблица: orders (customer_id, category, amount). Напиши алгоритм расчёта описательных статистик (среднее, медиана, мин, макс, SD) для amount по каждой категории. Какие SQL-функции понадобятся?;SELECT category, AVG(amount), PERCENTILE_CONT(0.5) WITHIN GROUP(ORDER BY amount), MIN(amount), MAX(amount), STDDEV(amount) FROM orders GROUP BY category. Для медианы нужна оконная или PERCENTILE_CONT. Без неё — APPROX_QUANTILES или подзапрос с ORDER BY LIMIT OFFSET;"Пытаются посчитать медиану через AVG; не знают о PERCENTILE_CONT; используют STDDEV_POP вместо STDDEV_SAMP";2026-07-16 00:00:00
BANK_STAT_045;statistics;summary_statistics;Descriptive Statistics;Summary Statistics;3;AI;Сравнение summary statistics двух выборок;Даны сводки двух выборок: A (n=100, mean=50, sd=10) и B (n=100, mean=55, sd=15). Можно ли на основе только этих данных сделать вывод о значимости различий? Если нет — почему? Если да — какой тест использовать?;Можно провести двухвыборочный z-тест (большие выборки). SE разности = √(10²/100 + 15²/100) = √(1+2.25) = √3.25 ≈ 1.803. z = (55-50)/1.803 ≈ 2.77. p-value ≈ 0.0056 < 0.05 → значимо. НО: неизвестна форма распределения, независимость, возможные выбросы — выводы осторожны;"Говорят ""нельзя"" без расчётов; путают z-тест и t-тест; игнорируют ограничения";2026-07-16 00:00:00
BANK_STAT_046;statistics;interval_estimation;Estimation;Confidence Intervals;1;AI;95% доверительный интервал для среднего;Выборка n=100, среднее X̄=170 см, известное σ=10 см. Построй 95% доверительный интервал для генерального среднего.;"95% ДИ: X̄ ± 1.96 × σ/√n = 170 ± 1.96 × 1 = 170 ± 1.96 → [168.04; 171.96] см. Интерпретация: с 95% уверенностью истинное среднее лежит в этом интервале";"Используют t вместо z при известной σ; путают σ/√n и σ; неправильно находят zα/2";2026-07-16 00:00:00
BANK_STAT_047;statistics;interval_estimation;Estimation;Confidence Intervals;2;AI;Доверительный интервал при неизвестной σ;Выборка n=16, X̄=25, s=8. Построй 95% ДИ для генерального среднего. t₀.₀₂₅,₁₅ = 2.131.;"SE = 8/√16 = 2. ДИ: 25 ± 2.131 × 2 = 25 ± 4.262 → [20.738; 29.262]. Шире, чем при известной σ, из-за дополнительной неопределённости";"Используют z вместо t; неправильно считают df (n-1, не n); путают s и σ";2026-07-16 00:00:00
BANK_STAT_048;statistics;interval_estimation;Estimation;Confidence Intervals;3;AI;Доверительный интервал для доли;Из 400 клиентов 120 совершили повторную покупку. Построй 95% ДИ для доли повторных покупок во всей популяции.;"p̂ = 120/400 = 0.3. SE(p̂) = √(0.3×0.7/400) = √(0.21/400) ≈ 0.0229. 95% ДИ: 0.3 ± 1.96×0.0229 = 0.3 ± 0.0449 → [0.255; 0.345]. Проверка: n×p̂×5 и n×(1-p̂)×5 — оба >5 → нормальная аппроксимация применима";"Не проверяют условия применимости; используют t вместо z для долей; не переводят в проценты";2026-07-16 00:00:00
BANK_STAT_049;statistics;interval_interpretation;Estimation;Confidence Intervals;1;AI;Правильная интерпретация ДИ;"Построен 95% ДИ для среднего: [150, 170]. Какое утверждение верно: ""Вероятность что истинное среднее в [150,170] равна 95%"" или ""Если многократно повторять выборку, 95% таких интервалов накроют истинное среднее""?";Верно второе. Первое неверно: истинное среднее — константа, оно либо внутри, либо нет. Доверительная вероятность относится к процедуре построения интервала, а не к конкретному интервалу;"Используют первую (неверную) интерпретацию; думают что ДИ это вероятностный интервал для параметра";2026-07-16 00:00:00
BANK_STAT_050;statistics;interval_interpretation;Estimation;Confidence Intervals;2;AI;Ширина ДИ и размер выборки;Как изменится ширина 95% ДИ если: а) увеличить n в 4 раза? б) увеличить доверительный уровень до 99%? в) увеличить вариабельность данных?;а) Ширина уменьшится в √4 = 2 раза (SE ~ 1/√n). б) Ширина увеличится (z₀.₀₀₅=2.576 > z₀.₀₂₅=1.96). в) Ширина увеличится (больше SE);"Путают линейную и квадратичную зависимость; думают что увеличение n в 4 раза уменьшает ширину в 4 раза";2026-07-16 00:00:00
BANK_STAT_051;statistics;interval_interpretation;Estimation;Confidence Intervals;3;AI;Связь ДИ и проверки гипотез;Проведён A/B-тест. 95% ДИ для разницы конверсий (B-A) = [0.005, 0.025]. Как это соотносится с проверкой гипотезы H₀: разница = 0 на уровне α=0.05?;95% ДИ не включает 0 → отвергаем H₀ на уровне 0.05. Разница статистически значима. Если бы ДИ включал 0 (например, [-0.01, 0.03]) — не отвергали бы H₀. ДИ даёт больше информации: не только значимость, но и величину эффекта и точность оценки;"Путают включение 0 в ДИ и p-value; думают что ДИ и тесты дают противоречивые результаты";2026-07-16 00:00:00
BANK_STAT_052;statistics;parameter_vs_statistic;Estimation;Estimation Concepts;1;AI;Параметр vs статистика;Что такое параметр генеральной совокупности и что такое выборочная статистика? Приведи примеры для среднего и доли.;Параметр — характеристика всей популяции (μ — генеральное среднее, π — генеральная доля). Статистика — оценка параметра по выборке (X̄ — выборочное среднее, p̂ — выборочная доля). Параметр фиксирован и неизвестен, статистика случайна и вычисляется по выборке;"Путают обозначения: μ и X̄; думают что параметр меняется от выборки к выборке";2026-07-16 00:00:00
BANK_STAT_053;statistics;parameter_vs_statistic;Estimation;Estimation Concepts;2;AI;Свойства оценок: смещённость и состоятельность;Объясни понятия: несмещённость и состоятельность оценки. Является ли выборочное среднее несмещённой оценкой? А выборочная дисперсия с n в знаменателе?;Несмещённость: E(θ̂) = θ (матожидание оценки равно параметру). Состоятельность: θ̂ → θ при n→∞. X̄ — несмещённая и состоятельная. s² = Σ(xi-X̄)²/n — смещённая (E < σ²), но состоятельная. Исправленная: s² = Σ/(n-1) — несмещённая;"Путают смещённость и состоятельность; не знают что s² с n смещена";2026-07-16 00:00:00
BANK_STAT_054;statistics;parameter_vs_statistic;Estimation;Estimation Concepts;3;AI;Распределение выборочного среднего;Объясни, что такое выборочное распределение (sampling distribution) на примере среднего. Как оно связано со стандартной ошибкой?;Выборочное распределение среднего — распределение X̄ по всем возможным выборкам размера n. По ЦПТ: X̄ ~ N(μ, σ/√n). Стандартная ошибка SE = σ/√n — это SD выборочного распределения. SE измеряет точность оценки, а не разброс данных;"Путают SE и SD выборки; думают что распределение X̄ такое же как распределение данных";2026-07-16 00:00:00
BANK_STAT_055;statistics;standard_error;Estimation;Estimation Concepts;1;AI;Формула стандартной ошибки среднего;Выборка n=64, стандартное отклонение s=16. Найди стандартную ошибку среднего.;SE = s/√n = 16/√64 = 16/8 = 2. Это оценка стандартного отклонения выборочного среднего;"Путают с s; делят на n вместо √n; используют σ даже если она неизвестна";2026-07-16 00:00:00
BANK_STAT_056;statistics;standard_error;Estimation;Estimation Concepts;2;AI;SE для доли;В выборке n=200 доля p̂=0.45. Найди стандартную ошибку доли.;SE(p̂) = √(p̂(1-p̂)/n) = √(0.45×0.55/200) = √(0.2475/200) = √0.0012375 ≈ 0.0352;"Применяют формулу SE для среднего; не проверяют что np̂>5 и n(1-p̂)>5";2026-07-16 00:00:00
BANK_STAT_057;statistics;standard_error;Estimation;Estimation Concepts;3;AI;SE и ширина доверительного интервала;Как изменится SE если: а) увеличить n в 9 раз? б) стратифицировать выборку (уменьшилась вариабельность внутри страт)? в) использовать кластерную выборку вместо простой случайной?;а) SE уменьшится в √9 = 3 раза. б) SE уменьшится (меньше вариабельность внутри страт). в) SE обычно увеличится (дизайн-эффект > 1 из-за внутрикластерной корреляции);"Не учитывают дизайн-эффект; думают что любое усложнение дизайна уменьшает SE";2026-07-16 00:00:00
BANK_STAT_058;statistics;point_estimation;Estimation;Point Estimation;1;AI;Точечная оценка среднего;Средний чек в выборке из 50 заказов составил 850 рублей. Какова точечная оценка среднего чека во всей генеральной совокупности?;Точечная оценка генерального среднего μ равна выборочному среднему X̄ = 850 рублей;"Добавляют доверительный интервал; говорят ""примерно 850""; путают точечную и интервальную оценки";2026-07-16 00:00:00
BANK_STAT_059;statistics;point_estimation;Estimation;Point Estimation;2;AI;Метод максимального правдоподобия;Опиши идею метода максимального правдоподобия (MLE) для оценки параметра. Как найти MLE для параметра p биномиального распределения, если в 10 испытаниях 7 успехов?;MLE максимизирует функцию правдоподобия (вероятность наблюдать данные при данном параметре). Для биномиального: L(p) = C(10,7) × p⁷ × (1-p)³. Логарифмируем, берём производную, приравниваем к 0: p̂ = 7/10 = 0.7. MLE доли — просто выборочная доля;"Путают MLE с методом моментов; не понимают идею максимизации правдоподобия";2026-07-16 00:00:00
BANK_STAT_060;statistics;point_estimation;Estimation;Point Estimation;3;AI;Сравнение оценок: MLE vs метод моментов;Для равномерного распределения на [0, θ] по выборке X₁...Xₙ найди оценку θ методом моментов и методом MLE. Сравни их.;Метод моментов: E(X) = θ/2 = X̄ → θ̂мм = 2X̄. MLE: L(θ) = 1/θⁿ, максимум при минимально возможном θ: θ̂MLE = max(Xi). MLE всегда в границах [max(Xi), ∞), метод моментов может дать 2X̄ < max(Xi) — некорректно. MLE лучше (состоятельная, но смещённая);"Применяют MLE для среднего; не понимают что для равномерного распределения MLE не равен среднему";2026-07-16 00:00:00
BANK_STAT_061;statistics;sampling_design;Experimental Design;Sampling;1;AI;Виды выборок;Назови три основных типа вероятностных выборок и кратко опиши каждый.;1) Простая случайная (SRS): каждый объект имеет равную вероятность попасть в выборку. 2) Стратифицированная: популяция делится на страты, из каждой — случайная выборка. 3) Кластерная: популяция делится на кластеры, случайно выбираются целые кластеры;"Путают стратифицированную и кластерную; думают что квотная выборка — вероятностная";2026-07-16 00:00:00
BANK_STAT_062;statistics;sampling_design;Experimental Design;Sampling;2;AI;Выбор метода выборки;Нужно оценить средний доход жителей города. В городе 5 районов с разным уровнем дохода. Какой тип выборки выбрать для максимальной точности при фиксированном бюджете?;Стратифицированная выборка с пропорциональным распределением (или оптимальным по Нейману, если известны дисперсии в стратах). Стратификация по районам уменьшит дисперсию оценки по сравнению с простой случайной;"Выбирают кластерную (опросить 2 района целиком); не учитывают неоднородность районов";2026-07-16 00:00:00
BANK_STAT_063;statistics;sampling_design;Experimental Design;Sampling;3;AI;Дизайн-эффект кластерной выборки;Объясни, что такое дизайн-эффект (design effect, DEFF). Почему для кластерной выборки DEFF > 1? Приведи формулу DEFF для равных кластеров размера m с внутрикластерной корреляцией ρ.;DEFF = Var_cluster / Var_SRS. DEFF > 1 из-за внутрикластерной корреляции (объекты в одном кластере похожи). Формула: DEFF = 1 + (m-1)ρ, где ρ — коэффициент внутрикластерной корреляции (ICC). При ρ=0 DEFF=1 (кластеризация не ухудшает). При ρ>0 эффективный размер выборки меньше фактического;"Думают что кластерная выборка всегда эффективнее; не знают про ICC";2026-07-16 00:00:00
BANK_STAT_064;statistics;sample_size_estimation;Experimental Design;Sampling;1;AI;Компоненты формулы размера выборки;Какие четыре компонента необходимы для расчёта минимального размера выборки?;1) Уровень значимости α (обычно 0.05). 2) Мощность 1-β (обычно 0.80). 3) Минимальный детектируемый эффект (MDE) — какая разница практически важна. 4) Вариабельность данных (σ для количественных, p для доли);"Забывают про вариабельность; путают MDE и фактический эффект; не фиксируют мощность";2026-07-16 00:00:00
BANK_STAT_065;statistics;sample_size_estimation;Experimental Design;Sampling;2;AI;Расчёт n для среднего;Нужно оценить среднее время на сайте с точностью ±2 минуты и 95% уверенностью. Предварительная оценка σ = 8 минут. Какой размер выборки нужен?;n = (zα/2 × σ / E)² = (1.96 × 8 / 2)² = (15.68 / 2)² = 7.84² ≈ 61.5 → округляем до 62. Где E — желаемая погрешность (половина ширины ДИ);"Используют односторонний z; не округляют вверх; путают E и ширину интервала";2026-07-16 00:00:00
BANK_STAT_066;statistics;sample_size_estimation;Experimental Design;Sampling;3;AI;Влияние параметров на размер выборки;Как изменится требуемый размер выборки, если: а) уменьшить MDE в 2 раза? б) увеличить мощность с 80% до 95%? в) перейти от одностороннего теста к двустороннему? Дайте количественные оценки.;а) n вырастет в 4 раза (MDE в знаменателе, возводится в квадрат). б) n вырастет: zβ меняется с 0.84 до 1.645, разница zα+zβ растёт. Для средних: было (1.96+0.84)²=7.84, стало (1.96+1.645)²≈13.0 → рост в 1.66 раза. в) zα меняется с 1.645 до 1.96 → рост примерно в (1.96+0.84)²/(1.645+0.84)² ≈ 1.27 раза;"Путают линейную и квадратичную зависимость; не различают zα для одно- и двустороннего";2026-07-16 00:00:00
BANK_STAT_067;statistics;dependent_vs_independent_samples;Experimental Design;Study Design;1;AI;Зависимые vs независимые выборки;Объясни разницу между зависимыми и независимыми выборками. Приведи по примеру.;Зависимые (парные): одни и те же объекты измеряются дважды (до/после лечения) или matched pairs (близнецы). Независимые: разные объекты в разных группах (случайное распределение пациентов в контрольную и экспериментальную группы);"Путают matched pairs с независимыми; думают что равный размер групп делает выборки зависимыми";2026-07-16 00:00:00
BANK_STAT_068;statistics;dependent_vs_independent_samples;Experimental Design;Study Design;2;AI;Определение типа выборок по описанию;Исследование: 30 студентов прошли тест до курса и после курса. Результаты сравниваются. Это зависимые или независимые выборки? Какой тест выбрать?;Зависимые (одни и те же студенты). Выбрать парный t-тест (если нормальность) или Уилкоксон (если нет);"Применяют двухвыборочный t-тест для независимых; не видят что это одни и те же люди";2026-07-16 00:00:00
BANK_STAT_069;statistics;dependent_vs_independent_samples;Experimental Design;Study Design;3;AI;Преимущества парного дизайна;Объясни, почему парный дизайн (зависимые выборки) часто имеет большую мощность, чем дизайн с независимыми выборками. Приведи формулу дисперсии разности для парного случая.;В парном дизайне межиндивидуальная вариабельность исключается: Var(D) = Var(X₁-X₂) = σ²₁+σ²₂-2Cov(X₁,X₂). При положительной корреляции дисперсия разности меньше, чем сумма дисперсий. Это уменьшает SE и повышает мощность. Парный тест анализирует разности, а не отдельные группы;"Не понимают что корреляция между измерениями снижает дисперсию разности; думают что парный тест всегда лучше";2026-07-16 00:00:00
BANK_STAT_070;statistics;data_transformation;Hypothesis Testing;Advanced Topics;1;AI;Логарифмирование данных;Зачем применяют логарифмическую трансформацию к данным? Приведи пример переменной, которую стоит логарифмировать.;Логарифмирование: 1) уменьшает правую асимметрию, 2) стабилизирует дисперсию (для данных с пропорциональной зависимостью SD от среднего), 3) делает мультипликативные эффекты аддитивными. Пример: доходы, цены на недвижимость (обычно сильно скошены вправо);"Логарифмируют всё подряд; не проверяют что данные положительные; интерпретируют коэффициенты как для сырых данных";2026-07-16 00:00:00
BANK_STAT_071;statistics;data_transformation;Hypothesis Testing;Advanced Topics;2;AI;Box-Cox трансформация;Что делает преобразование Бокса-Кокса? Чем оно лучше простого логарифмирования или квадратного корня?;Box-Cox: y(λ) = (y^λ - 1)/λ при λ≠0, и ln(y) при λ=0. Параметр λ подбирается по данным (максимизация правдоподобия). Лучше фиксированных преобразований: автоматически выбирает оптимальную трансформацию (λ=0 — логарифм, λ=0.5 — корень, λ=1 — без изменений);"Не понимают роль λ; применяют только логарифм; не проверяют что данные положительные";2026-07-16 00:00:00
BANK_STAT_072;statistics;data_transformation;Hypothesis Testing;Advanced Topics;3;AI;Обратная трансформация и интерпретация;"Применили ln(x+1) к переменной ""количество жалоб"". После регрессии получили коэффициент β=0.3 для фактора ""после обучения"". Как интерпретировать эффект на исходной шкале?";"exp(0.3) ≈ 1.35 → количество жалоб после обучения в среднем в 1.35 раза (на 35%) выше/ниже? Зависит от знака. Важно: из-за ""+1"" интерпретация не точная. Для точной интерпретации нужно использовать смианные модели или бутстреп";"Интерпретируют β как изменение в исходных единицах; забывают про обратную трансформацию; не учитывают ""+1""";2026-07-16 00:00:00
BANK_STAT_076;statistics;multiple_testing_correction;Hypothesis Testing;Advanced Topics;1;AI;Проблема множественного тестирования;Провели 20 независимых тестов на уровне α=0.05. Какова вероятность получить хотя бы одно ложнозначимое различие, если все H₀ верны?;Вероятность хотя бы одной ошибки I рода = 1 - (1-α)^k = 1 - 0.95^20 ≈ 1 - 0.358 = 0.642. То есть ~64% — очень высокая вероятность false positive;"Думают что вероятность остаётся 5%; не понимают кумулятивный эффект";2026-07-16 00:00:00
BANK_STAT_077;statistics;multiple_testing_correction;Hypothesis Testing;Advanced Topics;2;AI;Поправка Бонферрони;Проведено 8 тестов. Минимальное p-value = 0.008. Примени поправку Бонферрони на уровне FWER = 0.05. Значим ли результат?;Скорректированное α = 0.05 / 8 = 0.00625. p-value = 0.008 > 0.00625 → не значим после поправки;"Забывают разделить α на число тестов; сравнивают исходное p с исходным α";2026-07-16 00:00:00
BANK_STAT_078;statistics;multiple_testing_correction;Hypothesis Testing;Advanced Topics;3;AI;FDR против FWER;Объясни разницу между контролем FWER (например, Бонферрони) и FDR (например, Бенджамини-Хохберг). В какой ситуации предпочтительнее FDR?;FWER: контролирует вероятность хотя бы одной ошибки I рода. Очень строго, подходит для confirmatory studies. FDR: контролирует ожидаемую долю ошибок среди отвергнутых гипотез. Менее строго, подходит для exploratory анализов с сотнями/тысячами тестов (геномика, A/B на многих метриках);"Используют Бонферрони для тысяч тестов и теряют мощность; не знают когда допустим FDR";2026-07-16 00:00:00
BANK_STAT_079;statistics;type1_type2;Hypothesis Testing;Decision Making;1;AI;Определения ошибок I и II рода;Дай определения ошибок I и II рода. Как они связаны с α и β?;Ошибка I рода (α): отвергнуть H₀, когда она верна (false positive). Ошибка II рода (β): не отвергнуть H₀, когда она ложна (false negative). α = P(ошибка I), β = P(ошибка II). Мощность = 1-β;"Путают I и II род; думают что α+β=1";2026-07-16 00:00:00
BANK_STAT_080;statistics;type1_type2;Hypothesis Testing;Decision Making;2;AI;Аналогия с судом;"Интерпретируй ошибки I и II рода в контексте уголовного суда, где H₀: ""подсудимый невиновен"".";Ошибка I рода: осудить невиновного (false positive). Ошибка II рода: оправдать виновного (false negative). Презумпция невиновности аналогична контролю α на низком уровне;"Путают что есть H₀; думают что H₀ — ""виновен""";2026-07-16 00:00:00
BANK_STAT_081;statistics;type1_type2;Hypothesis Testing;Decision Making;3;AI;Trade-off между α и β;Объясни trade-off между α и β при фиксированном размере выборки. Можно ли одновременно уменьшить обе ошибки?;При фиксированном n уменьшение α увеличивает β (и наоборот). Одновременно уменьшить обе можно только увеличением n. Это как двигать границу критерия: строже к ошибке I → больше ошибок II;"Думают что можно снизить обе без увеличения выборки; не понимают фундаментальный trade-off";2026-07-16 00:00:00
BANK_STAT_082;statistics;effect_size;Hypothesis Testing;Decision Making;1;AI;Зачем нужен effect size;Почему недостаточно только p-value для выводов? Что добавляет effect size?;P-value говорит о статистической значимости (есть ли эффект вообще). Effect size говорит о практической значимости (насколько эффект велик). При большом n даже крошечный эффект значим, но может быть бесполезен. Примеры: Cohen's d, r², Cramer's V;"Отождествляют значимость с важностью; не приводят effect size";2026-07-16 00:00:00
BANK_STAT_083;statistics;effect_size;Hypothesis Testing;Decision Making;2;AI;Cohen's d для t-теста;Среднее в группе A = 50, в группе B = 56. Объединённое SD = 12. Найди Cohen's d и интерпретируй по шкале: 0.2 — малый, 0.5 — средний, 0.8 — большой.;d = (56-50)/12 = 6/12 = 0.5 — средний эффект. Это означает что группы различаются на 0.5 стандартных отклонений;"Используют SD одной группы вместо объединённого; путают d и t-статистику; не знают ориентиров";2026-07-16 00:00:00
BANK_STAT_084;statistics;effect_size;Hypothesis Testing;Decision Making;3;AI;Effect size и размер выборки;"Исследователь получил p=0.04 с d=0.1 на n=2000. Другой получил p=0.06 с d=0.7 на n=30. Чей результат более ""важный""? Объясни.";Второй: большой effect size (0.7 vs 0.1). Незначимость при n=30 может быть из-за недостатка мощности. Первый — статистически значим, но эффект мизерный. Второму нужно увеличить выборку для подтверждения, но потенциал эффекта выше;"Считают первый результат лучше из-за p<0.05; игнорируют величину эффекта";2026-07-16 00:00:00
BANK_STAT_085;statistics;statistical_power;Hypothesis Testing;Decision Making;1;AI;Определение мощности;Что такое статистическая мощность теста? От каких факторов она зависит?;Мощность = 1-β = P(отвергнуть H₀ | H₀ ложна). Зависит от: 1) размера эффекта, 2) α, 3) размера выборки n, 4) типа теста (параметрический мощнее при выполнении предпосылок);"Путают мощность и уровень значимости; думают что мощность = 1-α";2026-07-16 00:00:00
BANK_STAT_086;statistics;statistical_power;Hypothesis Testing;Decision Making;2;AI;"Расчёт мощности ""на пальцах""";Исследователь провёл тест с n=30 на группу, α=0.05, ожидал эффект d=0.5. Мощность оказалась 0.48. Что это означает? Достаточна ли мощность?;Мощность 0.48 означает: если эффект реально существует (d=0.5), вероятность обнаружить его — 48%. Это как подбрасывать монету. Недостаточно: обычно требуется ≥0.80. Нужно увеличить n;Принимают нулевой результат при мощности 0.48 как доказательство отсутствия эффекта;2026-07-16 00:00:00
BANK_STAT_087;statistics;statistical_power;Hypothesis Testing;Decision Making;3;AI;Анализ мощности post-hoc;Почему post-hoc анализ мощности (после получения p-value) часто критикуется? Предложи альтернативу.;Post-hoc мощность полностью определяется p-value (при p=0.05 мощность всегда ~0.5). Это тавтология, не добавляет информации. Альтернатива: до исследования провести априорный анализ мощности для определения n. После — доверительный интервал для effect size, который показывает совместимые с данными величины эффекта;"Делают post-hoc мощность и интерпретируют как ""мощность для обнаружения наблюдаемого эффекта""; не знают что это избыточно";2026-07-16 00:00:00
BANK_STAT_088;statistics;hypothesis_decision;Hypothesis Testing;Decision Making;1;AI;Решение по p-value;"α=0.05, p-value=0.12. Какое решение принимаем? Можно ли сказать ""H₀ верна""?";"Не отвергаем H₀ (недостаточно доказательств). Нельзя сказать ""H₀ верна"" — отсутствие доказательств не доказательство отсутствия. Можно сказать ""данные не противоречат H₀""";"Говорят ""принимаем H₀"" или ""доказали что эффекта нет""";2026-07-16 00:00:00
BANK_STAT_089;statistics;hypothesis_decision;Hypothesis Testing;Decision Making;2;AI;Практическая vs статистическая значимость;p=0.001 при n=100000, разница средних = 0.5 единицы при шкале 0-1000. Значимо ли? Важно ли?;Статистически значимо (p мало). Практически — скорее нет (разница 0.5 при шкале 1000 = 0.05%, d очень мал). Нужен effect size для суждения. Возможно, найдена тривиальная разница из-за огромной выборки;"Внедряют изменение только из-за p-value; не оценивают бизнес-эффект";2026-07-16 00:00:00
BANK_STAT_090;statistics;hypothesis_decision;Hypothesis Testing;Decision Making;3;AI;Незначимость при высокой мощности;Проведён тест: n=500 на группу, мощность 95% для MDE=5 единиц. p-value=0.68. Можно ли сделать вывод об отсутствии эффекта?;"Да, с оговоркой. Высокая мощность для заданного MDE означает что если бы эффект был ≥5, мы бы с вероятностью 95% его обнаружили. Не обнаружили → эффект скорее всего меньше 5 единиц. Это не доказывает строго ""ноль"", но equivalence testing может подтвердить отсутствие practically значимого эффекта";"Говорят ""эффект точно отсутствует""; не используют equivalence testing";2026-07-16 00:00:00
BANK_STAT_091;statistics;critical_region;Hypothesis Testing;Foundations;1;AI;Понятие критической области;Что такое критическая область? Как она связана с α?;Критическая область — множество значений тестовой статистики, при которых H₀ отвергается. Площадь критической области (вероятность попасть в неё при верной H₀) равна α. Например, для двустороннего z-теста при α=0.05 — |z|>1.96;"Путают критическую область и p-value; думают что критическая область зависит от данных";2026-07-16 00:00:00
BANK_STAT_092;statistics;critical_region;Hypothesis Testing;Foundations;2;AI;Расчёт критического значения;Правосторонний z-тест, α=0.01. Найди критическое значение z. Если z-статистика = 2.05, какое решение?;zкрит = 2.326 (Z₀.₉₉). 2.05 < 2.326 → не попадает в критическую область → не отвергаем H₀;"Используют двустороннее критическое значение; путают α=0.01 с Z=2.576 (это 0.005)";2026-07-16 00:00:00
BANK_STAT_093;statistics;critical_region;Hypothesis Testing;Foundations;3;AI;Критическая область в терминах X̄;H₀: μ=100, H₁: μ>100. n=25, σ=15. α=0.05. Построй критическую область в терминах выборочного среднего X̄.;"zкрит=1.645. X̄крит = 100 + 1.645 × 15/√25 = 100 + 1.645 × 3 = 104.935. Область: X̄ > 104.935. Если X̄=106 → отвергаем H₀; если X̄=103 → не отвергаем";"Оставляют границы в z-шкале; неправильно считают SE (забывают √n или используют s вместо σ)";2026-07-16 00:00:00
BANK_STAT_094;statistics;p_value;Hypothesis Testing;Foundations;1;AI;Определение p-value;Дай определение p-value своими словами. Если p-value = 0.03, что это означает?;p-value — вероятность получить наблюдаемое или более экстремальное значение тестовой статистики при условии, что H₀ верна. p=0.03 означает: если H₀ верна, вероятность увидеть такие данные — 3%. Это не P(H₀|данные) и не вероятность ошибки;"Путают с P(H₀ верна | данные); думают что p-value это вероятность ошибки I рода для конкретного теста";2026-07-16 00:00:00
BANK_STAT_095;statistics;p_value;Hypothesis Testing;Foundations;2;AI;p-value и размер выборки;Объясни, почему при очень большой выборке даже тривиальный эффект даёт маленькое p-value. Приведи пример.;p-value зависит от размера выборки. При больших n стандартная ошибка мала → даже маленькая разница даёт большую тестовую статистику → маленькое p-value. Пример: разница в среднем чеке 1 рубль при n=100000 может дать p<0.001, но практически это бесполезно;"Думают что маленькое p-value всегда означает важный эффект; не учитывают влияние n";2026-07-16 00:00:00
BANK_STAT_096;statistics;p_value;Hypothesis Testing;Foundations;3;AI;Кризис воспроизводимости и p-value;Расскажи о проблеме p-hacking и её связи с кризисом воспроизводимости в науке. Предложи альтернативы или дополнения к p-value.;"p-hacking: исследователь манипулирует анализом (подбор ковариат, исключение ""неудобных"" наблюдений, выбор подгрупп) пока p-value не станет <0.05. Это раздувает false positive rate. Альтернативы: 1) preregistration исследований, 2) фокус на effect size с ДИ, 3) байесовские методы, 4) ужесточение α до 0.005, 5) репликации";"Считают что p-value — единственный критерий; не знают о проблеме p-hacking";2026-07-16 00:00:00
BANK_STAT_097;statistics;hypothesis_formulation;Hypothesis Testing;Foundations;1;AI;Формулировка H₀ и H₁;Производитель утверждает, что срок службы лампочек — не менее 1000 часов. Вы хотите проверить, не завышено ли утверждение. Сформулируй H₀ и H₁.;H₀: μ ≥ 1000 (утверждение производителя верно). H₁: μ < 1000 (срок службы меньше заявленного). Это левосторонний тест. H₀ всегда содержит равенство (≥, ≤ или =);"Ставят утверждение которое хотят доказать в H₀; путают направление";2026-07-16 00:00:00
BANK_STAT_098;statistics;hypothesis_formulation;Hypothesis Testing;Foundations;2;AI;Двусторонняя vs односторонняя гипотеза;Исследователь проверяет, отличается ли новая методика от старой (может быть как лучше, так и хуже). Сформулируй гипотезы. Почему тут двусторонний тест?;H₀: μнов = μстар. H₁: μнов ≠ μстар. Двусторонний тест, потому что нас интересует любое отличие (и улучшение, и ухудшение). Односторонний — только когда есть строгие основания проверять направление;"Выбирают односторонний ""потому что p-value меньше""; не обосновывают направление";2026-07-16 00:00:00
BANK_STAT_099;statistics;hypothesis_formulation;Hypothesis Testing;Foundations;3;AI;Non-inferiority тест;Новый дженерик должен быть не хуже оригинального препарата. Допустимая разница (margin) = 2 ед. Сформулируй H₀ и H₁ для non-inferiority теста.;H₀: μдженерик - μоригинал ≤ -2 (дженерик хуже на margin и более). H₁: μдженерик - μоригинал > -2 (дженерик не хуже, чем на margin). Отвергаем H₀ → доказываем non-inferiority. Отличие от superiority: margin позволяет небольшое ухудшение;"Формулируют как superiority (μдж ≥ μориг); не понимают концепцию margin";2026-07-16 00:00:00
BANK_STAT_100;statistics;significance_level;Hypothesis Testing;Foundations;1;AI;Что такое α;Что такое уровень значимости α? Типичные значения? Что означает выбор α=0.01 вместо 0.05?;α — вероятность ошибки I рода, P(отвергнуть H₀ | H₀ верна). Типичные значения: 0.05, 0.01, 0.10. α=0.01 строже: меньше шанс false positive, но больше шанс false negative (β растёт). Выбор зависит от цены ошибок;"Думают что α — это ""порог для p-value"" и не понимают смысл; не связывают с компромиссом ошибок";2026-07-16 00:00:00
BANK_STAT_101;statistics;significance_level;Hypothesis Testing;Foundations;2;AI;Выбор α в разных областях;В фармацевтике часто используют α=0.01, в маркетинге α=0.05, в exploratory анализе α=0.10. Объясни, чем обусловлен выбор.;Фармацевтика: цена ошибки I рода высока (одобрить неэффективный препарат → риск для жизни) → α низкий. Маркетинг: цена ошибки умеренна, баланс α и β. Exploratory: важнее не пропустить гипотезу (избежать ошибки II рода) → α выше, дальше проверять confirmatory тестом;"Применяют единый α везде без контекста; не учитывают стоимость ошибок";2026-07-16 00:00:00
BANK_STAT_102;statistics;significance_level;Hypothesis Testing;Foundations;3;AI;Проблема фиксированного α=0.05;Объясни критику жёсткого порога α=0.05. Почему p=0.049 и p=0.051 не должны трактоваться принципиально по-разному?;"p-value — непрерывная мера свидетельства против H₀. Разница между 0.049 и 0.051 незначительна, но при жёстком пороге первое ""значимо"", второе ""нет"". Это приводит к дихотомизации и игнорированию неопределённости. Лучше: сообщать точное p-value, effect size и доверительные интервалы, не сводя всё к бинарному решению";"Говорят ""тенденция к значимости"" для p=0.051; не понимают непрерывность p-value";2026-07-16 00:00:00
BANK_STAT_103;statistics;central_limit_theorem;Hypothesis Testing;Foundations;1;AI;Формулировка ЦПТ;Сформулируй центральную предельную теорему. Почему она важна для статистического вывода?;ЦПТ: для выборок размера n из распределения со средним μ и дисперсией σ², распределение выборочного среднего X̄ стремится к нормальному N(μ, σ/√n) при n→∞, независимо от формы исходного распределения. Важна: позволяет использовать z-тесты и t-тесты даже для ненормальных данных при больших выборках;"Путают с законом больших чисел; думают что ЦПТ делает данные нормальными";2026-07-16 00:00:00
BANK_STAT_104;statistics;central_limit_theorem;Hypothesis Testing;Foundations;2;AI;Условия применимости ЦПТ;Данные — время отклика сервера (сильно скошено вправо). n=30. Можно ли полагаться на ЦПТ для t-теста? А при n=15?;При n=30 ЦПТ обычно работает даже для скошенных данных (если нет экстремальных выбросов). При n=15 — осторожно, лучше использовать непараметрический тест (Манна-Уитни) или бутстреп. Чем сильнее асимметрия, тем больший n нужен для нормальной аппроксимации;"Слепо верят в ""n>30 всегда работает""; не проверяют степень асимметрии";2026-07-16 00:00:00
BANK_STAT_105;statistics;central_limit_theorem;Hypothesis Testing;Foundations;3;AI;ЦПТ для разных статистик;Применима ли ЦПТ к распределению выборочной медианы? А к выборочной дисперсии? Что говорит теория?;"Да, но с оговорками. Медиана также асимптотически нормальна (дельта-метод), но сходимость медленнее, чем для среднего. Выборочная дисперсия асимптотически нормальна, но для малых выборок лучше χ²-распределение. ЦПТ применима к большинству ""гладких"" функций от выборочных моментов";"Думают что ЦПТ только для среднего; не знают про дельта-метод";2026-07-16 00:00:00
BANK_STAT_106;statistics;test_selection;Hypothesis Testing;Test Selection;1;AI;Выбор теста: две независимые группы;Две независимые группы, количественная переменная. Какие тесты можно применить? От чего зависит выбор?;Если нормальность и равные дисперсии: two-sample t-test. Нормальность, неравные дисперсии: Welch test. Ненормальные данные: Mann-Whitney. Большие выборки (n>30-50): t-test устойчив к нарушениям нормальности;"Выбирают сразу Манна-Уитни; не проверяют предпосылки";2026-07-16 00:00:00
BANK_STAT_107;statistics;test_selection;Hypothesis Testing;Test Selection;2;AI;Выбор теста: три группы;Сравниваются три независимые группы. Данные — количество покупок (целые числа 0-20, распределение скошено). Какой тест?;Ненормальные данные (скошенные счётные) → Краскел-Уоллис (непараметрический ANOVA). Если бы данные были нормальны: классический ANOVA. Если нормальны но разные дисперсии: Уэлч ANOVA или Александер-Говерн;"Выбирают ANOVA ""потому что три группы""; не проверяют нормальность";2026-07-16 00:00:00
BANK_STAT_108;statistics;test_selection;Hypothesis Testing;Test Selection;3;AI;Полный алгоритм выбора теста;Опиши пошаговый алгоритм выбора статистического теста для сравнения центральных тенденций. Учти: число групп, зависимость/независимость, тип данных, нормальность, равенство дисперсий.;Шаг 1: Определи тип данных (количественные/порядковые) и дизайн (зависимые/независимые, число групп). Шаг 2: Для количественных проверь нормальность (Shapiro-Wilk, QQ-plot). Шаг 3: Для нормальных проверь гомогенность дисперсий (Levene, Bartlett). Шаг 4: Выбери тест по дереву решений. Шаг 5: Если предпосылки нарушены — непараметрика или трансформация;"Пропускают шаги; применяют тест ""по привычке""";2026-07-16 00:00:00
BANK_STAT_115;statistics;normality_assessment;Assumption Tests;Normality;1;AI;Методы проверки нормальности;Назови визуальные и формальные методы проверки нормальности распределения.;Визуальные: гистограмма с кривой нормального распределения, QQ-plot, box-plot. Формальные: тест Шапиро-Уилка (мощный), тест Колмогорова-Смирнова (менее мощный), тест Андерсона-Дарлинга (чувствителен к хвостам);"Полагаются только на формальный тест; не смотрят на графики";2026-07-16 00:00:00
BANK_STAT_116;statistics;normality_assessment;Assumption Tests;Normality;2;AI;Интерпретация QQ-plot;На QQ-plot точки в центре лежат на прямой, но на концах отклоняются вверх. О чём это говорит? Нормальны ли данные?;Отклонение вверх на правом конце → распределение имеет более тяжёлый правый хвост, чем нормальное (положительный эксцесс, скошенность вправо). Данные не нормальны: правосторонняя асимметрия. Нужны трансформация или непараметрический тест;"Игнорируют отклонения на концах; считают что ""в целом нормально""";2026-07-16 00:00:00
BANK_STAT_117;statistics;normality_assessment;Assumption Tests;Normality;3;AI;Формальный тест vs визуальный анализ;Тест Шапиро-Уилка дал p=0.12 (не отвергаем нормальность). Но на гистограмме явная бимодальность (два горба). Как интерпретировать и что делать?;Формальный тест не всесилен: при бимодальности он может не отвергнуть H₀ (особенно при малом n). Визуальный анализ приоритетнее при явных отклонениях. Два горба → смесь двух распределений → данные не нормальны. Параметрический тест нежелателен, лучше анализировать подгруппы или использовать непараметрику;"Слепо верят формальному тесту; игнорируют очевидные паттерны на графиках";2026-07-16 00:00:00
BANK_STAT_118;statistics;kolmogorov_smirnov_test;Assumption Tests;Normality;1;AI;Назначение теста KS;Что проверяет одновыборочный тест Колмогорова-Смирнова? Чем он отличается от Шапиро-Уилка?;KS проверяет соответствие выборки заданному распределению (не только нормальному). Отличие от SW: SW — специально для нормальности, более мощный. KS — универсальный, но менее мощный для проверки нормальности. KS использует максимальное расстояние между ECDF и теоретической CDF;"Думают что KS такой же мощный как SW для нормальности; применяют KS по умолчанию";2026-07-16 00:00:00
BANK_STAT_119;statistics;kolmogorov_smirnov_test;Assumption Tests;Normality;2;AI;Двухвыборочный KS;Две выборки имеют разные средние, но исследователь хочет проверить, отличаются ли сами распределения по форме (не только сдвигом). Какой тест?;Двухвыборочный тест Колмогорова-Смирнова. Он проверяет H₀: F₁(x) = F₂(x) против общей альтернативы. Чувствителен не только к сдвигу, но и к различиям в форме, дисперсии, асимметрии;"Применяют t-test или Манна-Уитни (они только про сдвиг); не понимают что KS про общую форму";2026-07-16 00:00:00
BANK_STAT_120;statistics;kolmogorov_smirnov_test;Assumption Tests;Normality;3;AI;Ограничения теста KS;Назови два основных ограничения теста Колмогорова-Смирнова. В каких случаях он может дать неверные результаты?;1) Малая чувствительность к отклонениям в хвостах (максимальное расстояние чаще в центре). 2) Чувствительность к параметрам: если параметры распределения оценены по данным, стандартный KS даёт завышенное p-value (поправка Лиллиефорса для нормальности). 3) Для дискретных данных нужна модификация;"Не знают про поправку Лиллиефорса; применяют KS для дискретных данных";2026-07-16 00:00:00
BANK_STAT_121;statistics;anderson_darling_test;Assumption Tests;Normality;1;AI;Преимущество теста Андерсона-Дарлинга;Чем тест Андерсона-Дарлинга отличается от KS? В чём его преимущество?;AD взвешивает расстояние между ECDF и теоретической CDF, придавая больший вес хвостам распределения. Преимущество: более чувствителен к отклонениям в хвостах, чем KS. Лучше для проверки нормальности когда важны экстремальные значения;"Путают с KS; не понимают концепцию взвешивания хвостов";2026-07-16 00:00:00
BANK_STAT_122;statistics;anderson_darling_test;Assumption Tests;Normality;2;AI;Выбор между AD и SW;Когда лучше использовать тест Андерсона-Дарлинга, а когда Шапиро-Уилка для проверки нормальности?;SW: лучшая общая мощность для широкого спектра альтернатив, рекомендуется по умолчанию. AD: лучше для обнаружения отклонений в хвостах (тяжёлые хвосты, выбросы). Если важна проверка экстремальных значений (например, в финансах), AD предпочтительнее;"Всегда используют SW; не знают про AD для хвостов";2026-07-16 00:00:00
BANK_STAT_123;statistics;anderson_darling_test;Assumption Tests;Normality;3;AI;Сравнение мощности трёх тестов;Расставь тесты Шапиро-Уилка, KS и AD по мощности для обнаружения: а) асимметрии, б) тяжёлых хвостов, в) лёгких хвостов (равномерное распределение).;а) Асимметрия: SW > AD > KS. б) Тяжёлые хвосты: AD > SW > KS. в) Лёгкие хвосты: AD и SW сравнимы, KS хуже. В целом SW и AD значительно мощнее KS для проверки нормальности;"Считают KS равноценным; не различают типы отклонений";2026-07-16 00:00:00
BANK_STAT_124;statistics;mann_whitney_test;Nonparametric Analysis;Two Independent Samples;1;AI;Когда Манна-Уитни вместо t-теста;В какой ситуации применяют критерий Манна-Уитни вместо t-теста? Какие гипотезы он проверяет?;"Манна-Уитни применяют когда: 1) данные ненормальны, 2) порядковая шкала, 3) есть выбросы. H₀: распределения двух групп одинаковы (частный случай — равные медианы при одинаковой форме). H₁: стохастическое доминирование (одна группа ""в среднем"" больше другой)";"Думают что Манна-Уитни всегда проверяет равенство медиан; не знают про стохастическое доминирование";2026-07-16 00:00:00
BANK_STAT_125;statistics;mann_whitney_test;Nonparametric Analysis;Two Independent Samples;2;AI;Интерпретация результата;"Сравнили контрольную и тестовую группы критерием Манна-Уитни, p=0.04. Медиана в тесте = 12, в контроле = 10. Можно ли сказать ""медианы значимо различаются""?";"С осторожностью. Если распределения имеют одинаковую форму (одинаковая дисперсия, асимметрия) — да, можно говорить о сдвиге медиан. Если формы разные — Манна-Уитни может дать значимость даже при равных медианах (из-за разницы в дисперсии). Лучше: ""тестовая группа стохастически доминирует над контрольной""";"Безусловно интерпретируют как разницу медиан; не проверяют равенство форм распределений";2026-07-16 00:00:00
BANK_STAT_126;statistics;mann_whitney_test;Nonparametric Analysis;Two Independent Samples;3;AI;Сравнение с t-тестом на нормальных данных;На нормальных данных применили Манна-Уитни вместо t-теста. Каковы последствия? Какова асимптотическая относительная эффективность (ARE) Манна-Уитни по сравнению с t-тестом?;Потеря мощности: ARE = 3/π ≈ 0.955. То есть Манна-Уитни требует ~на 5% больше наблюдений для той же мощности. Это небольшая плата за робастность. Для выборок > 30 разница в мощности невелика;"Думают что Манна-Уитни всегда хуже; не знают про ARE";2026-07-16 00:00:00
BANK_STAT_127;statistics;kruskal_wallis_test;Nonparametric Analysis;Multiple Independent Groups;1;AI;Назначение теста Краскела-Уоллиса;Что проверяет критерий Краскела-Уоллиса? Когда его применяют?;Непараметрический аналог ANOVA для сравнения 3+ независимых групп. Применяют при нарушении нормальности или для порядковых данных. H₀: распределения всех групп одинаковы. H₁: хотя бы в одной группе распределение сдвинуто (стохастическое доминирование);"Путают с ANOVA; применяют для двух групп (тогда лучше Манна-Уитни)";2026-07-16 00:00:00
BANK_STAT_128;statistics;kruskal_wallis_test;Nonparametric Analysis;Multiple Independent Groups;2;AI;Интерпретация значимого KW;Краскел-Уоллис дал p=0.01 для 4 групп. Что можно сказать о группах? Какие группы различаются?;Хотя бы одна группа отличается от других. Какие именно — KW не говорит. Нужен post-hoc: тест Данна с поправкой на множественные сравнения. Без post-hoc вывод о конкретных группах некорректен;"Говорят ""все группы различаются""; делают попарные Манна-Уитни без поправки";2026-07-16 00:00:00
BANK_STAT_129;statistics;kruskal_wallis_test;Nonparametric Analysis;Multiple Independent Groups;3;AI;KW и гетероскедастичность;Может ли Краскел-Уоллис дать ложнозначимый результат из-за неравенства дисперсий при одинаковых медианах? Объясни.;"Да, как и ANOVA, KW предполагает одинаковую форму распределений (не только равенство медиан). При разных дисперсиях или разной асимметрии KW может отклонить H₀ даже если медианы равны. Это не ""ложная"" значимость — распределения действительно разные, но интерпретация ""разные медианы"" неверна";"Интерпретируют только как разницу медиан; не проверяют гомогенность форм";2026-07-16 00:00:00
BANK_STAT_130;statistics;friedman_test;Nonparametric Analysis;Multiple Paired Groups;1;AI;Назначение теста Фридмана;Что проверяет критерий Фридмана? Когда его применяют?;Непараметрический аналог repeated measures ANOVA для 3+ зависимых групп. Применяется при нарушении нормальности или для порядковых данных с повторными измерениями. H₀: распределения всех повторных измерений одинаковы. Пример: 20 пациентов, 3 метода лечения, исход — шкала боли;"Путают с Краскелом-Уоллисом (тот для независимых групп); применяют для независимых выборок";2026-07-16 00:00:00
BANK_STAT_131;statistics;friedman_test;Nonparametric Analysis;Multiple Paired Groups;2;AI;Сравнение Фридмана и repeated measures ANOVA;В чём разница между тестом Фридмана и repeated measures ANOVA? Когда какой выбрать?;Repeated measures ANOVA: параметрический, требует нормальности и сферичности (равенство дисперсий разностей). Мощнее при выполнении предпосылок. Фридман: непараметрический, работает с рангами, не требует нормальности. Выбор: если данные нормальны → ANOVA, если нет → Фридман;"Применяют ANOVA к порядковым данным; не проверяют сферичность";2026-07-16 00:00:00
BANK_STAT_132;statistics;friedman_test;Nonparametric Analysis;Multiple Paired Groups;3;AI;Post-hoc для Фридмана;Тест Фридмана дал p=0.003 для 4 повторных измерений. Как определить, какие измерения различаются?;Использовать post-hoc тесты для зависимых выборок: парный тест Уилкоксона с поправкой Бонферрони, либо тест Неменьи (Nemenyi test) — непараметрический аналог Тьюки для зависимых групп. Поправка на множественность обязательна;"Применяют обычный Манна-Уитни для попарных сравнений; не корректируют p-value";2026-07-16 00:00:00
BANK_STAT_133;statistics;wilcoxon_test;Nonparametric Analysis;Paired Samples;1;AI;Назначение теста Уилкоксона;Что проверяет парный критерий Уилкоксона? Когда его применяют?;Непараметрический аналог парного t-теста. Сравнивает две зависимые выборки (до/после). Проверяет, симметрично ли распределение разностей относительно нуля. Применяется при нарушении нормальности разностей;"Путают с Манна-Уитни (тот для независимых); применяют для независимых выборок";2026-07-16 00:00:00
BANK_STAT_134;statistics;wilcoxon_test;Nonparametric Analysis;Paired Samples;2;AI;Расчёт статистики Уилкоксона;"Даны пары ""до-после"": (10,12), (15,14), (8,11), (20,18), (12,15). Рассчитай знаковые ранги и объясни логику теста.";Разности: +2, -1, +3, -2, +3. Модули разностей: 2,1,3,2,3. Ранги модулей (без учёта знака): 1→р.1, 2→р.2.5, 2→р.2.5, 3→р.4.5, 3→р.4.5. Сумма положительных рангов W+ = 1(от +2) + 2.5(от +2? нет) ... Пересчитываем: разности: +2, -1, +3, -2, +3. Модули: 2,1,3,2,3. Сортировка модулей: 1(ранг1), 2(р2.5), 2(р2.5), 3(р4.5), 3(р4.5). W+ = р1(для -1? нет, для -1 это W-). W+ для +2=2.5, +3=4.5, +3=4.5 → W+ = 2.5+4.5+4.5 = 11.5. Статистика сравнивается с критическим значением для n=5;"Путают положительные и отрицательные ранги; неправильно ранжируют модули; забывают про нулевые разности";2026-07-16 00:00:00
BANK_STAT_135;statistics;wilcoxon_test;Nonparametric Analysis;Paired Samples;3;AI;Условия применимости Уилкоксона;Какое ключевое предположение делает тест Уилкоксона о распределении разностей? Что делать, если оно нарушено?;Предполагает СИММЕТРИЧНОСТЬ распределения разностей относительно медианы. Если распределение асимметрично, тест может быть некорректен. Альтернатива: критерий знаков (sign test) — не требует симметричности, но менее мощный. Или бутстреп;"Не проверяют симметричность; думают что Уилкоксон полностью свободен от предположений";2026-07-16 00:00:00
BANK_STAT_136;statistics;sign_test;Nonparametric Analysis;Paired Samples;1;AI;Критерий знаков;Что проверяет критерий знаков? В чём его отличие от Уилкоксона?;Критерий знаков считает только количество положительных и отрицательных разностей, игнорируя их величину. Отличие от Уилкоксона: не требует симметричности распределения, но менее мощный (использует меньше информации). H₀: медиана разностей = 0;"Путают с Уилкоксоном; думают что знаковый тест тоже использует ранги";2026-07-16 00:00:00
BANK_STAT_137;statistics;sign_test;Nonparametric Analysis;Paired Samples;2;AI;Расчёт критерия знаков;"Из 20 пар ""до-после"": 14 улучшений (+), 4 ухудшения (-), 2 без изменений. Проверь H₀ о равенстве эффекта нулю. Используй биномиальный тест.";Нулевые разности исключаются, n=18. При H₀ P(+)=P(-)=0.5. p-value (двусторонний) = 2 × P(X ≥ 14 | n=18, p=0.5) = 2 × (1 - F(13)) ≈ 2 × 0.0154 = 0.031. p<0.05 → значимо;"Не исключают нулевые разности; используют нормальную аппроксимацию без проверки n";2026-07-16 00:00:00
BANK_STAT_138;statistics;sign_test;Nonparametric Analysis;Paired Samples;3;AI;Выбор между sign test и Wilcoxon;Когда предпочесть критерий знаков тесту Уилкоксона, несмотря на меньшую мощность?;"1) Когда распределение разностей асимметрично (нарушена предпосылка Уилкоксона). 2) Когда важна только интерпретация направления изменений (""у скольких улучшилось""), а не величина. 3) При очень грубых измерениях где величина разности ненадёжна";"Всегда выбирают Уилкоксон; не проверяют симметричность";2026-07-16 00:00:00
BANK_STAT_139;statistics;dunn_test;Nonparametric Analysis;Post-hoc Tests;1;AI;Назначение теста Данна;Когда применяется тест Данна? После какого основного теста?;Тест Данна — post-hoc тест после значимого критерия Краскела-Уоллиса. Проводит попарные сравнения групп с корректировкой на множественные сравнения. Непараметрический аналог Тьюки;"Применяют без предварительного KW; используют Манна-Уитни для post-hoc";2026-07-16 00:00:00
BANK_STAT_140;statistics;dunn_test;Nonparametric Analysis;Post-hoc Tests;2;AI;Поправка в тесте Данна;Тест Данна часто применяют с поправкой Бонферрони или Холма. Почему нужна поправка?;Потому что проводится несколько попарных сравнений (k групп → k(k-1)/2 сравнений). Без поправки растёт групповая вероятность ошибки I рода (FWER). Бонферрони делит α на число сравнений, Холм — пошаговая процедура, мощнее Бонферрони;"Применяют тест Данна без поправки; не понимают проблему множественности";2026-07-16 00:00:00
BANK_STAT_141;statistics;dunn_test;Nonparametric Analysis;Post-hoc Tests;3;AI;Сравнение Данна и Манна-Уитни с поправкой;Почему тест Данна предпочтительнее, чем просто несколько тестов Манна-Уитни с поправкой Бонферрони после KW?;Тест Данна использует общую ранговую структуру из KW (ранги по всем группам вместе) и объединённую оценку дисперсии, что делает его более мощным и теоретически корректным. Обычный Манна-Уитни на подвыборках теряет информацию о других группах;"Используют Манна-Уитни для post-hoc; не знают про Данна";2026-07-16 00:00:00
BANK_STAT_142;statistics;shapiro_test;Assumption Tests;Normality;1;AI;Гипотезы теста Шапиро-Уилка;Сформулируй H₀ и H₁ для теста Шапиро-Уилка. Что означает p<0.05?;H₀: данные взяты из нормально распределённой генеральной совокупности. H₁: распределение не нормально. p<0.05 → отвергаем H₀, данные статистически значимо отклоняются от нормальности → нельзя использовать параметрические тесты, требующие нормальности;"Меняют H₀ и H₁ местами; думают что p>0.05 ""доказывает нормальность""";2026-07-16 00:00:00
BANK_STAT_143;statistics;shapiro_test;Assumption Tests;Normality;2;AI;Влияние размера выборки на тест Шапиро-Уилка;При n=1000 тест Шапиро-Уилка дал p=0.01, но QQ-plot выглядит почти идеально. Стоит ли отказываться от t-теста?;При большом n тест Шапиро-Уилка чувствителен к малым отклонениям, которые не важны для t-теста (ЦПТ). t-тест робастен при n>30-50. p=0.01 при n=1000 может указывать на тривиальное отклонение от нормальности. Смотри на графики и величину отклонения, а не только на p-value;"Слепо отвергают параметрику из-за формальной значимости; не используют графики";2026-07-16 00:00:00
BANK_STAT_144;statistics;shapiro_test;Assumption Tests;Normality;3;AI;Сравнение Шапиро-Уилка и KS для нормальности;Почему Шапиро-Уилк мощнее KS для проверки нормальности? В чём причина?;SW специально разработан для проверки нормальности и использует информацию о ковариации порядковых статистик нормального распределения (ожидаемые значения нормальных порядковых статистик). KS — универсальный тест согласия, не оптимизирован для нормальности, теряет мощность на универсальности;"Думают что KS всегда лучше; не знают что SW мощнее именно для нормальности";2026-07-16 00:00:00
BANK_STAT_145;statistics;levene_test;Assumption Tests;Homogeneity of Variance;1;AI;Назначение теста Левена;Что проверяет тест Левена? Когда он предпочтительнее теста Бартлетта?;Тест Левена проверяет равенство дисперсий в 2+ группах. Предпочтительнее Бартлетта когда данные отклоняются от нормальности, так как Левен более робастен. Использует абсолютные отклонения от среднего или медианы (робастный вариант);"Путают с тестом на нормальность; применяют Бартлетта для ненормальных данных";2026-07-16 00:00:00
BANK_STAT_146;statistics;levene_test;Assumption Tests;Homogeneity of Variance;2;AI;Действия при неравенстве дисперсий;Тест Левена дал p=0.02 для 3 групп. Планировался ANOVA. Что делать?;Дисперсии статистически значимо различаются → обычный ANOVA неприменим. Варианты: 1) Welch ANOVA (не требует равных дисперсий), 2) трансформация данных для стабилизации дисперсий, 3) непараметрический Краскел-Уоллис;"Продолжают с обычным ANOVA; не знают про Welch ANOVA";2026-07-16 00:00:00
BANK_STAT_147;statistics;levene_test;Assumption Tests;Homogeneity of Variance;3;AI;Левен от среднего vs от медианы;В тесте Левена есть варианты с центрированием на среднее и на медиану. Какой выбрать?;Центрирование на медиану (Brown-Forsythe test) более робастно к ненормальности и выбросам. Для симметричных данных без выбросов — от среднего. По умолчанию рекомендуют робастный вариант (медиана), если нет уверенности в нормальности;"Всегда используют вариант по умолчанию; не знают о разнице";2026-07-16 00:00:00
BANK_STAT_148;statistics;welch_test;Parametric Analysis;Two Independent Samples;1;AI;Назначение теста Уэлча;Когда применяют t-тест Уэлча вместо классического t-теста Стьюдента?;Когда две независимые группы имеют нормальное распределение, но дисперсии статистически значимо различаются (тест Левена дал p<0.05). Уэлч не предполагает равенства дисперсий и корректирует число степеней свободы;"Применяют когда дисперсии равны; теряют мощность так как у Уэлча df ниже";2026-07-16 00:00:00
BANK_STAT_149;statistics;welch_test;Parametric Analysis;Two Independent Samples;2;AI;Степени свободы Уэлча;Почему в тесте Уэлча степени свободы часто дробные? Приведи формулу Уэлча-Саттертуэйта для df.;df вычисляется по формуле Уэлча-Саттертуэйта, учитывающей обе дисперсии и размеры групп. Формула: df = (s₁²/n₁ + s₂²/n₂)² / ((s₁²/n₁)²/(n₁-1) + (s₂²/n₂)²/(n₂-1)). Результат обычно не целый. Это аппроксимация, дающая корректный уровень значимости;"Округляют df до целого; думают что df = n₁+n₂-2 как в обычном t-тесте";2026-07-16 00:00:00
BANK_STAT_150;statistics;welch_test;Parametric Analysis;Two Independent Samples;3;AI;Уэлч по умолчанию;Некоторые статистики рекомендуют всегда использовать тест Уэлча вместо классического t-теста. Приведи аргументы за и против.;За: Уэлч работает почти так же хорошо как Стьюдент при равных дисперсиях (потеря мощности минимальна), но значительно лучше при неравных. Не надо проверять равенство дисперсий. Против: небольшая потеря мощности при равных дисперсиях и малых n. Историческая привычка и простота Стьюдента;"Настаивают на проверке дисперсий перед выбором; не знают что Уэлч можно использовать всегда";2026-07-16 00:00:00
BANK_STAT_151;statistics;two_sample_t_test;Parametric Analysis;Two Independent Samples;1;AI;Формула t-статистики;Напиши формулу двухвыборочного t-теста Стьюдента и объясни компоненты.;t = (X̄₁ - X̄₂) / (Sp × √(1/n₁ + 1/n₂)), где Sp = √(((n₁-1)s₁² + (n₂-1)s₂²) / (n₁+n₂-2)) — объединённое стандартное отклонение. df = n₁+n₂-2;"Забывают что Sp — объединённая оценка; используют s₁ и s₂ по отдельности";2026-07-16 00:00:00
BANK_STAT_152;statistics;two_sample_t_test;Parametric Analysis;Two Independent Samples;2;AI;Расчёт t-теста вручную;Группа A: n=10, X̄=25, s=4. Группа B: n=12, X̄=30, s=5. Проверь H₀: μA = μB против H₁: μA ≠ μB. tкрит(20, 0.025)=2.086.;Sp² = (9×16 + 11×25)/(10+12-2) = (144+275)/20 = 419/20 = 20.95. Sp ≈ 4.577. SE = 4.577×√(1/10+1/12) = 4.577×√0.1833 = 4.577×0.428 = 1.96. t = (25-30)/1.96 = -5/1.96 = -2.55. |t|=2.55 > 2.086 → отвергаем H₀;"Неправильно считают Sp²; путают n₁ и n₂; используют неверное df";2026-07-16 00:00:00
BANK_STAT_153;statistics;two_sample_t_test;Parametric Analysis;Two Independent Samples;3;AI;Допущения и робастность;Какие нарушения предпосылок t-теста наиболее опасны? Что происходит с α при нарушении равенства дисперсий, если n₁=n₂?;"Наиболее опасно: 1) зависимость наблюдений (грубая ошибка, α сильно искажается). 2) Сильная асимметрия при малых n. Неравенство дисперсий при РАВНЫХ n₁=n₂: t-тест surprisingly робастен, α почти не искажается. При неравных n: если большая дисперсия в меньшей группе → α завышен; если в большей → α занижен";"Думают что неравные дисперсии всегда катастрофичны; не учитывают соотношение размеров групп";2026-07-16 00:00:00
BANK_STAT_154;statistics;anova;Parametric Analysis;Multiple Independent Groups;1;AI;Идея ANOVA;Объясни идею дисперсионного анализа (ANOVA). Что сравнивается: средние или дисперсии?;"ANOVA сравнивает межгрупповую дисперсию (MSB) с внутригрупповой дисперсией (MSW). Если группы различаются, межгрупповая дисперсия будет большой относительно внутригрупповой. F = MSB/MSW. Название ""анализ дисперсий"", но вывод — о средних";"Думают что ANOVA сравнивает дисперсии; путают с тестом Левена";2026-07-16 00:00:00
BANK_STAT_155;statistics;anova;Parametric Analysis;Multiple Independent Groups;2;AI;Разложение сумм квадратов;Даны три группы с общим средним. Объясни: SST = SSB + SSW. Что означает каждая компонента?;SST (total sum of squares) = Σ(xij - X̄общ)² — общая вариабельность. SSB (between) = Σ ni(X̄i - X̄общ)² — вариабельность, объяснённая групповыми различиями. SSW (within) = Σ Σ(xij - X̄i)² — вариабельность внутри групп, не объяснённая групповой принадлежностью;"Путают SSB и SSW; не понимают что SSB — это объяснённая вариация";2026-07-16 00:00:00
BANK_STAT_156;statistics;anova;Parametric Analysis;Multiple Independent Groups;3;AI;F-статистика и её распределение;Почему F-статистика при верной H₀ следует F-распределению? Что будет с F, если H₀ неверна?;При H₀ MSB и MSW — независимые оценки одной дисперсии σ², их отношение имеет F-распределение с df₁=k-1, df₂=N-k. Если H₀ неверна, MSB включает дополнительный компонент из-за групповых различий → MSB > MSW → F > 1. F имеет два параметра df: межгрупповые и внутригрупповые;"Думают что F всегда >0; не понимают что при верной H₀ F близко к 1";2026-07-16 00:00:00
BANK_STAT_157;statistics;alexander_govern_test;Parametric Analysis;Multiple Independent Groups;1;AI;Назначение теста Александра-Говерна;Когда применяется тест Александра-Говерна? Чем он отличается от классического ANOVA?;Применяется для сравнения средних 3+ независимых групп при НАРУШЕНИИ равенства дисперсий (но при нормальности). Отличие от ANOVA: не предполагает гомогенность дисперсий. Это обобщение теста Уэлча на случай k>2 групп;"Путают с непараметрическим Краскелом-Уоллисом; применяют когда дисперсии равны";2026-07-16 00:00:00
BANK_STAT_158;statistics;alexander_govern_test;Parametric Analysis;Multiple Independent Groups;2;AI;Выбор между AG и Welch ANOVA;Чем тест Александра-Говерна отличается от Welch ANOVA? Какой выбрать?;Оба не требуют равных дисперсий. Welch ANOVA использует взвешенные средние и корректировку df по Уэлчу-Саттертуэйту. AG использует другой метод аппроксимации распределения статистики. Оба дают схожие результаты. Welch ANOVA более распространён в ПО. AG может быть немного мощнее при очень неравных n;"Не знают разницы; думают что это синонимы";2026-07-16 00:00:00
BANK_STAT_159;statistics;alexander_govern_test;Parametric Analysis;Multiple Independent Groups;3;AI;Сравнение AG, Welch ANOVA и KW;Расставь ANOVA, Welch ANOVA, AG и Краскела-Уоллиса по убыванию мощности при: а) нормальных данных с равными дисперсиями, б) нормальных с неравными, в) ненормальных данных.;а) Классический ANOVA > Welch ≈ AG > KW. б) Welch ≈ AG > ANOVA (некорректен) > KW. в) KW > остальные (параметрические некорректны при ненормальности). Welch и AG предполагают нормальность;"Выбирают KW при нормальных данных ""на всякий случай""; теряют мощность";2026-07-16 00:00:00
BANK_STAT_160;statistics;repeated_measures_anova;Parametric Analysis;Multiple Paired Groups;1;AI;Отличие от обычного ANOVA;Чем repeated measures ANOVA отличается от обычного one-way ANOVA?;"RM ANOVA используется для ЗАВИСИМЫХ групп (одни и те же объекты измеряются несколько раз). Учитывает корреляцию между повторными измерениями. Разложение дисперсии включает компоненту ""субъекты"" (between-subjects), что повышает мощность, исключая межиндивидуальную вариабельность";"Применяют обычный ANOVA к зависимым данным; теряют мощность и нарушают предпосылку независимости";2026-07-16 00:00:00
BANK_STAT_161;statistics;repeated_measures_anova;Parametric Analysis;Multiple Paired Groups;2;AI;Предпосылка сферичности;Что такое сферичность (sphericity) в RM ANOVA? Какой тест её проверяет? Что делать при нарушении?;Сферичность: дисперсии разностей между всеми парами условий равны. Проверяется тестом Мочли (Mauchly's test). При нарушении (p<0.05): использовать корректировки Greenhouse-Geisser (GGe) или Huynh-Feldt (HFe) для степеней свободы F-теста. GGe более консервативна, HFe — при умеренных нарушениях;"Игнорируют сферичность; не знают про корректировки";2026-07-16 00:00:00
BANK_STAT_162;statistics;repeated_measures_anova;Parametric Analysis;Multiple Paired Groups;3;AI;Сравнение RM ANOVA и смешанных моделей;Какие ограничения есть у RM ANOVA? Почему в современных исследованиях всё чаще используют смешанные модели (mixed models)?;Ограничения RM ANOVA: 1) требует полных данных (listwise deletion при пропусках), 2) жёсткое предположение сферичности, 3) только фиксированные эффекты. Смешанные модели: обрабатывают пропуски, моделируют ковариационную структуру (не только сферичность), включают случайные эффекты, работают с несбалансированными данными;"Применяют RM ANOVA к данным с пропусками; не знают про mixed models";2026-07-16 00:00:00
BANK_STAT_163;statistics;z_test;Parametric Analysis;One Sample Tests;1;AI;Когда Z-тест вместо t-теста;В какой ситуации для проверки среднего используют Z-тест, а не t-тест?;Z-тест используют когда известна генеральная дисперсия σ² (не выборочная s²) ИЛИ выборка очень большая (n>100, ЦПТ). На практике σ редко известна, поэтому чаще применяют t-тест. Z-тест также используют для долей;"Применяют Z-тест всегда при n>30; не проверяют известна ли σ";2026-07-16 00:00:00
BANK_STAT_164;statistics;z_test;Parametric Analysis;One Sample Tests;2;AI;Z-тест для доли;Из 500 клиентов 60 совершили целевое действие (конверсия 12%). Проверь гипотезу H₀: π=0.10 против H₁: π>0.10 на α=0.05.;z = (p̂ - π₀) / √(π₀(1-π₀)/n) = (0.12 - 0.10) / √(0.10×0.90/500) = 0.02 / √(0.09/500) = 0.02 / √0.00018 = 0.02 / 0.01342 ≈ 1.49. zкрит=1.645. 1.49 < 1.645 → не отвергаем H₀. Конверсия статистически не значимо выше 10%;"Используют p̂ в знаменателе SE вместо π₀; путают односторонний и двусторонний";2026-07-16 00:00:00
BANK_STAT_165;statistics;z_test;Parametric Analysis;One Sample Tests;3;AI;Z-тест с известной σ;Производитель утверждает что средний вес упаковки 500 г, σ=5 г известна из спецификации. Выборка n=25, X̄=497 г. Проверь на α=0.01, не занижен ли вес.;Левосторонний тест. H₀: μ=500, H₁: μ<500. z = (497-500)/(5/√25) = -3/1 = -3. zкрит = -2.326. -3 < -2.326 → отвергаем H₀. Вес статистически значимо ниже заявленного;"Используют двусторонний тест; не учитывают что σ известна — применяют t-тест";2026-07-16 00:00:00
BANK_STAT_166;statistics;chi_square_variance_test;Parametric Analysis;One Sample Tests;1;AI;Назначение χ²-теста независимости;Что проверяет χ²-тест независимости? Какие данные для него нужны?;Проверяет наличие связи между двумя категориальными признаками. Данные: таблица сопряжённости. H₀: признаки независимы. H₁: есть связь. Статистика: Σ((O-E)²/E), где E = (row_total × col_total) / grand_total. df = (r-1)(c-1);"Путают с χ²-тестом согласия; применяют для количественных данных";2026-07-16 00:00:00
BANK_STAT_167;statistics;chi_square_variance_test;Parametric Analysis;One Sample Tests;2;AI;Расчёт χ²-статистики;Таблица 2×2: мужчины — курят 30, не курят 70. Женщины — курят 20, не курят 80. Проверь независимость.;Всего: 50 курят, 150 не курят, 200 всего. Ожидаемые: муж-курит = 100×50/200 = 25, муж-не курит = 100×150/200 = 75, жен-курит = 100×50/200 = 25, жен-не курит = 100×150/200 = 75. χ² = (30-25)²/25 + (70-75)²/75 + (20-25)²/25 + (80-75)²/75 = 25/25 + 25/75 + 25/25 + 25/75 = 1 + 0.333 + 1 + 0.333 = 2.667. df=1. Крит=3.84 → не значимо;"Неправильно считают ожидаемые частоты; забывают что сумма O и сумма E должны совпадать";2026-07-16 00:00:00
BANK_STAT_168;statistics;chi_square_variance_test;Parametric Analysis;One Sample Tests;3;AI;Условия применимости χ²;Какие условия должны выполняться для корректности χ²-теста? Что делать если они нарушены?;1) Ожидаемые частоты во всех ячейках ≥ 1. 2) Не более 20% ячеек имеют ожидаемую частоту < 5. Если нарушены: для таблиц 2×2 — точный тест Фишера. Для больших таблиц — объединить категории, использовать симуляцию (Монте-Карло), или точный тест Фишера-Фримана-Холтона;"Применяют χ² без проверки ожидаемых частот; не знают альтернатив";2026-07-16 00:00:00
BANK_STAT_169;statistics;one_sample_t_test;Parametric Analysis;One Sample Tests;1;AI;Одновыборочный t-тест;Что проверяет одновыборочный t-тест? Приведи пример задачи.;Сравнивает среднее одной выборки с известным или гипотетическим значением. Пример: проверка, отличается ли средняя зарплата в компании от средней по отрасли (50 тыс.). H₀: μ = 50, H₁: μ ≠ 50;"Путают с двухвыборочным; думают что нужны две группы";2026-07-16 00:00:00
BANK_STAT_170;statistics;one_sample_t_test;Parametric Analysis;One Sample Tests;2;AI;Расчёт t-статистики;Норма веса упаковки 500 г. Выборка n=16: X̄=495, s=12. Проверь H₀: μ=500 против H₁: μ≠500 на α=0.05. tкрит(15, 0.025)=2.131.;t = (495-500)/(12/√16) = -5/3 = -1.667. |t|=1.667 < 2.131 → не отвергаем H₀. Средний вес статистически не значимо отличается от 500 г;"Забывают что df=n-1; используют z вместо t; путают s и σ";2026-07-16 00:00:00
BANK_STAT_171;statistics;one_sample_t_test;Parametric Analysis;One Sample Tests;3;AI;Доверительный интервал на основе t-теста;По данным предыдущей задачи построй 95% ДИ для среднего веса. Согласуется ли он с результатом теста?;"95% ДИ: 495 ± 2.131 × 12/4 = 495 ± 2.131 × 3 = 495 ± 6.393 → [488.6; 501.4]. Интервал включает 500 → не отвергаем H₀ на α=0.05. Согласуется с результатом t-теста";"Строят ДИ с z вместо t; не видят связь ДИ и проверки гипотезы";2026-07-16 00:00:00
BANK_STAT_172;statistics;paired_t_test;Parametric Analysis;Paired Samples;1;AI;Назначение парного t-теста;Когда применяют парный t-тест? Чем он отличается от двухвыборочного?;Применяют для сравнения средних двух ЗАВИСИМЫХ выборок (до/после, одни и те же объекты). Анализируются разности di = X₁i - X₂i. Тестируется H₀: μd = 0. Отличие: парный тест учитывает корреляцию между измерениями, что обычно даёт большую мощность;"Применяют двухвыборочный к зависимым данным; теряют мощность";2026-07-16 00:00:00
BANK_STAT_173;statistics;paired_t_test;Parametric Analysis;Paired Samples;2;AI;Расчёт парного t-теста;До и после диеты: веса 10 пациентов. Средняя разница d̄=-3.2 кг, sd=4.5 кг. Проверь, значимо ли снижение веса на α=0.05 (односторонний). tкрит(9, 0.05)=1.833.;t = d̄ / (sd/√n) = -3.2 / (4.5/√10) = -3.2 / 1.423 = -2.25. Для левостороннего: t = -2.25 < -1.833 → отвергаем H₀. Снижение веса статистически значимо;"Путают направление (лево- vs правосторонний); используют двухвыборочную формулу";2026-07-16 00:00:00
BANK_STAT_174;statistics;paired_t_test;Parametric Analysis;Paired Samples;3;AI;Парный vs независимый: расчёт мощности;Исследователь планирует эксперимент. Ожидаемый эффект d=0.5, корреляция между повторными измерениями r=0.7. Насколько меньше n нужно для парного дизайна по сравнению с независимым?;Дисперсия разности: σ²d = σ²₁+σ²₂-2rσ₁σ₂ = 2σ²(1-r) при равных σ. SE для парного: σd/√n = √(2(1-r)) × σ/√n. Для независимого: √2 × σ/√n. Отношение SE²: (1-r) = 0.3. То есть парный дизайн требует в 1/(1-r) = 3.33 раза меньше испытуемых для той же мощности. При r=0.7 экономия значительная;"Не учитывают корреляцию; думают что парный тест всегда лишь немного лучше";2026-07-16 00:00:00
BANK_STAT_175;statistics;tukey_test;Parametric Analysis;Post-hoc Tests;1;AI;Назначение теста Тьюки;Когда применяют тест Тьюки (HSD)? В чём его особенность?;Применяют после значимого ANOVA для ВСЕХ попарных сравнений групп. Особенность: контролирует family-wise error rate (FWER) именно для полного набора попарных сравнений, используя стьюдентизированный размах (q-статистику). Специально разработан для этой задачи;"Применяют без предварительного ANOVA; используют для сравнения с контролем";2026-07-16 00:00:00
BANK_STAT_176;statistics;tukey_test;Parametric Analysis;Post-hoc Tests;2;AI;Тьюки vs Бонферрони;Почему тест Тьюки обычно мощнее Бонферрони для попарных сравнений после ANOVA?;Тьюки использует распределение стьюдентизированного размаха, которое точнее учитывает корреляцию между попарными сравнениями. Бонферрони — универсальная корректировка, не учитывает структуру сравнений. Для k групп Тьюки даёт более узкие доверительные интервалы, чем Бонферрони, при том же FWER;"Всегда используют Бонферрони ""для простоты""; не знают что Тьюки оптимален для попарных сравнений";2026-07-16 00:00:00
BANK_STAT_177;statistics;tukey_test;Parametric Analysis;Post-hoc Tests;3;AI;Тьюки при неравных n;Работает ли тест Тьюки при неравных размерах групп? Какая модификация используется?;Оригинальный Тьюки предполагает равные n. При неравных n используют модификацию Тьюки-Крамера (Tukey-Kramer), которая использует гармоническое среднее размеров групп. Большинство статистических пакетов автоматически применяют Tukey-Kramer;"Применяют только при равных n; не знают про Tukey-Kramer";2026-07-16 00:00:00
BANK_STAT_178;statistics;dunnett_test;Parametric Analysis;Post-hoc Tests;1;AI;Назначение теста Даннетта;Когда применяют тест Даннетта вместо Тьюки?;Когда нужно сравнить несколько групп только с ОДНОЙ контрольной группой, а не все попарно. Даннетт специально оптимизирован для этой задачи и мощнее Тьюки для сравнений с контролем (меньше сравнений → менее строгая корректировка);"Применяют Тьюки для сравнения с контролем; делают лишние сравнения и теряют мощность";2026-07-16 00:00:00
BANK_STAT_179;statistics;dunnett_test;Parametric Analysis;Post-hoc Tests;2;AI;Односторонний Даннетт;"Можно ли использовать тест Даннетта для односторонних гипотез (например, ""все группы не хуже контроля"")?";Да, Даннетт допускает односторонние альтернативы. Например: H₀: μi ≤ μcontrol для всех i против H₁: хотя бы одна μi > μcontrol. Это мощнее двустороннего варианта;"Используют только двусторонний; не знают что возможен односторонний";2026-07-16 00:00:00
BANK_STAT_180;statistics;dunnett_test;Parametric Analysis;Post-hoc Tests;3;AI;Даннетт vs множественные t-тесты с поправкой;Почему Даннетт лучше, чем несколько t-тестов каждая группа vs контроль с поправкой Бонферрони?;Даннетт использует многомерное t-распределение, учитывающее корреляции между сравнениями (все сравнения используют общую контрольную группу). Это даёт более точный контроль FWER и большую мощность, чем универсальная поправка Бонферрони, которая игнорирует эти корреляции;"Используют обычные t-тесты с Бонферрони; не знают про преимущество Даннетта";2026-07-16 00:00:00
BANK_STAT_181;statistics;fisher_f_test;Assumption Tests;Homogeneity of Variance;1;AI;Назначение F-теста Фишера;Что проверяет F-тест Фишера для дисперсий? Сколько групп можно сравнивать?;Проверяет равенство дисперсий ДВУХ нормально распределённых групп. F = s²₁/s²₂ (большая дисперсия в числителе). df₁=n₁-1, df₂=n₂-2. Сильно чувствителен к нарушению нормальности;"Путают с ANOVA (там тоже F, но для средних); применяют для 3+ групп";2026-07-16 00:00:00
BANK_STAT_182;statistics;fisher_f_test;Assumption Tests;Homogeneity of Variance;2;AI;Расчёт F-теста;Группа 1: n=15, s²=25. Группа 2: n=20, s²=12. Проверь равенство дисперсий на α=0.05. Fкрит(14,19, 0.025)≈2.65.;F = 25/12 = 2.083. df=(14,19). Критическое F(14,19)≈2.65. 2.083 < 2.65 → не отвергаем H₀. Дисперсии статистически не значимо различаются. Можно использовать классический t-тест;"Забывают поставить большую дисперсию в числитель; путают критические значения для одно- и двустороннего";2026-07-16 00:00:00
BANK_STAT_183;statistics;fisher_f_test;Assumption Tests;Homogeneity of Variance;3;AI;Чувствительность к нормальности;Почему F-тест Фишера редко рекомендуют для проверки равенства дисперсий перед t-тестом? Какую альтернативу предлагают?;F-тест крайне чувствителен к отклонениям от нормальности. При малейшей ненормальности α сильно искажается (тест находит неравенство дисперсий там где его нет, или наоборот). Альтернативы: тест Левена (робастный) или тест Бартлетта (для нормальных данных). Левен рекомендуется по умолчанию;"Используют F-тест ""потому что он в учебниках""; не проверяют нормальность перед ним";2026-07-16 00:00:00
BANK_STAT_184;statistics;bartlett_test;Assumption Tests;Homogeneity of Variance;1;AI;Назначение теста Бартлетта;Что проверяет тест Бартлетта? Для какого числа групп он применяется?;Проверяет равенство дисперсий для 2+ групп. В отличие от F-теста, работает с произвольным числом групп. Статистика приблизительно следует χ²-распределению. Очень чувствителен к нарушению нормальности;"Путают с тестом Левена; применяют для ненормальных данных";2026-07-16 00:00:00
BANK_STAT_185;statistics;bartlett_test;Assumption Tests;Homogeneity of Variance;2;AI;Сравнение Бартлетта и Левена;Когда использовать Бартлетта, а когда Левена? В чём разница?;Бартлетт: мощнее Левена при СТРОГО нормальных данных, но очень чувствителен к отклонениям от нормальности. Левен: менее мощный при нормальности, но робастен к ненормальности. Рекомендация: Левен по умолчанию (или Fligner-Killeen для сильно ненормальных). Бартлетт — только если точно нормально;"Применяют Бартлетта всегда; не проверяют нормальность перед выбором теста";2026-07-16 00:00:00
BANK_STAT_186;statistics;bartlett_test;Assumption Tests;Homogeneity of Variance;3;AI;Статистика Бартлетта;Из чего состоит статистика теста Бартлетта? Почему она сравнивается с χ²-распределением?;Статистика Бартлетта комбинирует логарифмы групповых дисперсий, взвешенные по df. При больших n внутри групп и верной H₀ статистика ~ χ²(k-1). Сравнение с χ² асимптотическое, требует достаточно больших n в каждой группе;"Не понимают почему χ²; думают что тест точный для любых n";2026-07-16 00:00:00
BANK_STAT_187;statistics;fligner_killeen;Assumption Tests;Homogeneity of Variance;1;AI;Назначение теста Флигнера-Киллена;Когда применяется тест Флигнера-Киллена? В чём его преимущество?;Непараметрический тест для проверки равенства дисперсий в 2+ группах. Преимущество: не требует нормальности данных, робастен к выбросам и асимметрии. Основан на рангах абсолютных отклонений от медианы;"Путают с тестом на медианы; думают что это аналог Краскела-Уоллиса";2026-07-16 00:00:00
BANK_STAT_188;statistics;fligner_killeen;Assumption Tests;Homogeneity of Variance;2;AI;Выбор между Fligner-Killeen и Levene;Когда предпочесть тест Флигнера-Киллена тесту Левена?;Fligner-Killeen предпочтительнее при: 1) сильной асимметрии, 2) наличии выбросов, 3) малых выборках где нормальность не проверить. Левен может быть слишком либеральным или консервативным при этих условиях. FK — самый робастный из трёх (Bartlett, Levene, FK);"Всегда используют Левен; не знают что FK ещё робастнее";2026-07-16 00:00:00
BANK_STAT_189;statistics;fligner_killeen;Assumption Tests;Homogeneity of Variance;3;AI;Сравнение трёх тестов на равенство дисперсий;Расставь тесты Бартлетта, Левена и Флигнера-Киллена по: а) мощности при нормальности, б) робастности к ненормальности.;а) Мощность при нормальности: Бартлетт > Левен > Fligner-Killeen. б) Робастность к ненормальности: Fligner-Killeen > Левен > Бартлетт. На практике: если данные нормальны (подтверждено) → Бартлетт. Если нет → FK. Левен — компромисс;"Думают что Бартлетт всегда лучший; не учитывают trade-off мощности и робастности";2026-07-16 00:00:00
BANK_STAT_193;statistics;fisher_exact_test;Categorical Analysis;Independence Tests;1;AI;Когда применять точный тест Фишера;В какой ситуации применяют точный тест Фишера вместо χ²-теста?;При малых ожидаемых частотах: если хотя бы в одной ячейке таблицы 2×2 ожидаемая частота < 5. Или если общая выборка мала (n<20-30). Точный тест Фишера вычисляет точное p-value на основе гипергеометрического распределения, не полагаясь на асимптотику;"Применяют χ² при любых частотах; не проверяют условие применимости";2026-07-16 00:00:00
BANK_STAT_194;statistics;fisher_exact_test;Categorical Analysis;Independence Tests;2;AI;Односторонний Фишер;Можно ли использовать точный тест Фишера для односторонней гипотезы? Приведи пример.;Да. Пример: проверка что новое лекарство НЕ ХУЖЕ старого (односторонняя альтернатива). Таблица 2×2: улучшение/нет × новое/старое. Односторонний p-value считает вероятность наблюдать такую ИЛИ БОЛЕЕ ЭКСТРЕМАЛЬНУЮ таблицу в заданном направлении;"Используют только двусторонний; не знают про одностороннюю альтернативу";2026-07-16 00:00:00
BANK_STAT_195;statistics;fisher_exact_test;Categorical Analysis;Independence Tests;3;AI;Фишер для таблиц больше 2×2;Можно ли применить точный тест Фишера к таблице 3×3? Какие есть ограничения?;Да, обобщение — тест Фишера-Фримана-Холтона. Вычислительно очень сложен для больших таблиц (факториалы растут). На практике используют симуляцию Монте-Карло для аппроксимации p-value. Для таблиц >2×2 часто применяют χ² с симуляцией p-value если ожидаемые частоты малы;"Думают что Фишер только для 2×2; не знают про расширения";2026-07-16 00:00:00
BANK_STAT_196;statistics;scheffe_test;Parametric Analysis;Post-hoc Tests;1;AI;Назначение теста Шеффе;Когда применяют тест Шеффе? В чём его особенность по сравнению с Тьюки?;Применяют после ANOVA для любых линейных контрастов (не только попарных сравнений). Особенность: контролирует FWER для ВСЕХ ВОЗМОЖНЫХ контрастов (бесконечное множество), поэтому очень консервативен для попарных сравнений. Подходит для незапланированных сложных сравнений;"Применяют для попарных сравнений; не понимают что Тьюки мощнее для этой задачи";2026-07-16 00:00:00
BANK_STAT_197;statistics;scheffe_test;Parametric Analysis;Post-hoc Tests;2;AI;Шеффе vs Тьюки для попарных сравнений;Почему для попарных сравнений после ANOVA Тьюки предпочтительнее Шеффе?;Тьюки оптимизирован именно для всех попарных сравнений (k(k-1)/2 конкретных сравнений). Шеффе контролирует FWER для бесконечного множества контрастов → более строгая корректировка → шире доверительные интервалы → ниже мощность. Для попарных сравнений Тьюки всегда мощнее;"Выбирают Шеффе ""для надёжности""; теряют мощность";2026-07-16 00:00:00
BANK_STAT_198;statistics;scheffe_test;Parametric Analysis;Post-hoc Tests;3;AI;Пример сложного контраста для Шеффе;Приведи пример сравнения после ANOVA, для которого НЕЛЬЗЯ использовать Тьюки и НУЖЕН Шеффе.;Пример: сравнение среднего групп A и B с средним групп C, D и E: (μA+μB)/2 - (μC+μD+μE)/3. Это линейный контраст, но не попарное сравнение. Тьюки только для попарных. Шеффе позволяет тестировать любые такие контрасты с контролем FWER;"Пытаются использовать Тьюки для сложных контрастов; не знают что это некорректно";2026-07-16 00:00:00
BANK_STAT_202;statistics;chi_square_independence;Categorical Analysis;Independence Tests;1;AI;Основная идея χ² независимости;Что проверяет χ²-тест независимости? Сформулируй H₀ и H₁ словами.;H₀: два категориальных признака независимы (нет связи). H₁: признаки зависимы (есть связь). Тест сравнивает наблюдаемые частоты в таблице сопряжённости с ожидаемыми при независимости. Статистика: Σ((O-E)²/E). df = (r-1)(c-1);"Путают с χ²-тестом согласия (там один признак); путают H₀ и H₁ местами";2026-07-16 00:00:00
BANK_STAT_203;statistics;chi_square_independence;Categorical Analysis;Independence Tests;2;AI;Расчёт ожидаемых частот;Таблица 2×2: пол (М/Ж) × исход (успех/неудача). Всего 200 наблюдений: 80 мужчин (из них 30 успех), 120 женщин (из них 60 успех). Рассчитай ожидаемые частоты для всех ячеек при H₀ независимости.;Всего успехов = 90, неудач = 110. Ожидаемые: М-успех = 80×90/200 = 36. М-неудача = 80×110/200 = 44. Ж-успех = 120×90/200 = 54. Ж-неудача = 120×110/200 = 66. Проверка: суммы совпадают с маргинальными;"Забывают что ожидаемые считаются через маргинальные суммы; не проверяют что суммы совпадают";2026-07-16 00:00:00
BANK_STAT_204;statistics;chi_square_independence;Categorical Analysis;Independence Tests;3;AI;χ² и причинно-следственная связь;Можно ли на основе значимого χ²-теста независимости сделать вывод о причинно-следственной связи между признаками? Объясни почему.;Нет. χ²-тест показывает только наличие СТАТИСТИЧЕСКОЙ связи (зависимости), но не причинности. Связь может быть обусловлена: 1) скрытой переменной (confounder), 2) обратной причинностью, 3) случайным совпадением. Для причинности нужен экспериментальный дизайн или специальные методы (instrumental variables, DiD);"Делают вывод ""фактор X влияет на Y"" на основе только χ²; путают корреляцию и причинность";2026-07-16 00:00:00
BANK_STAT_205;statistics;variance_assessment;Assumption Tests;Homogeneity of Variance;1;AI;Зачем проверять равенство дисперсий;Почему перед t-тестом или ANOVA важно проверять равенство дисперсий? Что будет если не проверить?;Равенство дисперсий — одна из предпосылок классических t-теста и ANOVA. При неравных дисперсиях и неравных n увеличивается вероятность ошибки I рода (ложная значимость) или снижается мощность. Проверка позволяет выбрать корректный тест: классический, Welch или непараметрический;"Считают что это не важно; используют t-тест ""по умолчанию""";2026-07-16 00:00:00
BANK_STAT_206;statistics;variance_assessment;Assumption Tests;Homogeneity of Variance;2;AI;Выбор теста на равенство дисперсий;Перечисли три теста для проверки равенства дисперсий. Для каждого укажи: чувствительность к нормальности, число групп.;1) F-тест Фишера: только 2 группы, очень чувствителен к ненормальности. 2) Бартлетт: 2+ групп, чувствителен к ненормальности, мощный при нормальности. 3) Левен: 2+ групп, робастен к ненормальности. 4) Fligner-Killeen: 2+ групп, самый робастный, непараметрический;"Путают какой тест для какого числа групп; не учитывают робастность";2026-07-16 00:00:00
BANK_STAT_207;statistics;variance_assessment;Assumption Tests;Homogeneity of Variance;3;AI;Интерпретация p>0.05 для равенства дисперсий;Тест Левена дал p=0.12. Можно ли утверждать что дисперсии равны? Как это влияет на выбор теста?;Нельзя утверждать что дисперсии равны (отсутствие доказательств ≠ доказательство отсутствия). Но на практике при p>0.05 и разумных n применяют классический тест (t-test/ANOVA). Если сомневаемся или n малы — лучше перестраховаться и использовать Welch. Важно смотреть не только на p-value но и на соотношение дисперсий;"Говорят ""дисперсии равны"" на основе p>0.05; игнорируют величину различия дисперсий";2026-07-16 00:00:00
BANK_STAT_208;statistics;one_sample_test_selection;Parametric Analysis;One Sample Tests;1;AI;Выбор теста для одной выборки;Дана одна выборка (n=30). Нужно сравнить среднее с эталонным значением 100. Какие тесты возможны? От чего зависит выбор?;Возможны: 1) одновыборочный t-тест (если σ неизвестна), 2) z-тест (если σ известна), 3) одновыборочный критерий Уилкоксона (ненормальные данные). Выбор зависит от: известна ли σ, нормальность данных (при n<30 критично);"Выбирают z-тест не проверив известна ли σ; применяют t-тест для любых данных";2026-07-16 00:00:00
BANK_STAT_209;statistics;one_sample_test_selection;Parametric Analysis;One Sample Tests;2;AI;Выбор: t-test vs z-test vs Wilcoxon;Производитель утверждает что средний вес 500 г. Из прошлых данных σ=8 г известна. Выборка n=16. Данные скошены вправо. Какой тест выбрать?;σ известна → формально можно z-тест. НО: n=16 мало, данные ненормальны → z-тест может быть некорректен (ЦПТ не работает при малых n с асимметрией). Лучше: непараметрический одновыборочный Уилкоксон. Если бы n>50 — можно z-тест несмотря на асимметрию;"Автоматически выбирают z-тест при известной σ игнорируя нормальность; не учитывают что ЦПТ требует большого n";2026-07-16 00:00:00
BANK_STAT_210;statistics;one_sample_test_selection;Parametric Analysis;One Sample Tests;3;AI;Сравнение t-test и знакового теста;Для одной выборки провели t-тест (p=0.06) и знаковый тест (p=0.02). Результаты различаются. Объясни возможную причину. Какой тест выбрать?;t-тест использует количественную информацию (величину отклонений), знаковый — только знак. Расхождение возможно если: 1) есть выбросы (t-тест чувствителен), 2) распределение асимметрично (t-тест некорректен). Выбор: если данные нормальны — t-тест мощнее. Если нет — знаковый тест надёжнее. Смотреть на распределение данных и выбросы;"Выбирают тест с меньшим p-value; не анализируют причину расхождения";2026-07-16 00:00:00
BANK_STAT_211;statistics;two_independent_test_selection;Parametric Analysis;Two Independent Samples;1;AI;Выбор: t-test или Welch;Две независимые группы, n₁=20, n₂=30. Данные нормальны в обеих группах. Как выбрать между t-тестом Стьюдента и Уэлча?;Проверить равенство дисперсий (F-тест или Левен). Если дисперсии равны → t-тест Стьюдента. Если различаются → Welch. Современная рекомендация: всегда использовать Welch (минимальная потеря мощности при равных дисперсиях, значительный выигрыш при неравных);"Проверяют дисперсии и если p>0.05 — используют Стьюдента; не знают что Welch можно всегда";2026-07-16 00:00:00
BANK_STAT_212;statistics;two_independent_test_selection;Parametric Analysis;Two Independent Samples;2;AI;Выбор при неравных n и разных дисперсиях;n₁=10, s₁=5. n₂=50, s₂=15. Данные нормальны. Какой тест: Стьюдент или Уэлч? Почему это важно?;Дисперсии разные (15²=225 vs 5²=25). n неравны, причём меньшая группа имеет МЕНЬШУЮ дисперсию. В этой ситуации классический t-тест будет КОНСЕРВАТИВЕН (α занижен, мощность ниже). Уэлч корректнее. Важно: если бы меньшая группа имела БОЛЬШУЮ дисперсию — классический t-test давал бы завышенный α;"Не проверяют дисперсии; не понимают как соотношение n и дисперсий влияет на ошибку";2026-07-16 00:00:00
BANK_STAT_213;statistics;two_independent_test_selection;Parametric Analysis;Two Independent Samples;3;AI;Выбор между параметрикой и непараметрикой;Две независимые группы, n₁=n₂=20. Данные — количество жалоб (0, 1, 2, 3...), распределение явно ненормально (много нулей, длинный хвост). Какой тест?;t-тест не подходит (ненормальность, дискретные данные). Mann-Whitney — возможен, но для счётных данных с избытком нулей может быть неоптимален. Варианты: 1) трансформация (log(x+1)) + t-test, 2) Пуассоновская/отрицательная биномиальная регрессия, 3) бутстреп. Mann-Whitney — приемлемый простой вариант;"Применяют t-тест ""потому что n>15""; не учитывают что ЦПТ плохо работает для счётных данных с избытком нулей";2026-07-16 00:00:00
BANK_STAT_214;statistics;paired_test_selection;Parametric Analysis;Paired Samples;1;AI;Парный t-test или двухвыборочный;Измерили давление у 15 пациентов до и после лечения. Какой тест выбрать: парный или двухвыборочный?;"Парный t-тест. Данные ЗАВИСИМЫ (одни и те же пациенты). Парный тест анализирует разности ""после - до"", исключая межиндивидуальную вариабельность. Двухвыборочный был бы некорректен и менее мощным";"Применяют двухвыборочный ""потому что две группы чисел""; игнорируют зависимость";2026-07-16 00:00:00
BANK_STAT_215;statistics;paired_test_selection;Parametric Analysis;Paired Samples;2;AI;Выбор: парный t-test или Wilcoxon;"Разности ""после-до"" для 10 пациентов. QQ-plot разностей показывает сильное отклонение от нормальности (один пациент с огромным улучшением). Какой тест?";Ненормальность разностей → парный t-тест некорректен (особенно при n=10). Выбор: парный критерий Уилкоксона. Он использует ранги модулей разностей, робастен к выбросам. Если бы n>50 — t-тест был бы приемлем из-за ЦПТ;"Применяют t-тест несмотря на ненормальность; не проверяют разности а только исходные данные";2026-07-16 00:00:00
BANK_STAT_216;statistics;paired_test_selection;Parametric Analysis;Paired Samples;3;AI;Выбор между Wilcoxon и sign test;"Разности ""после-до"" для 12 пациентов. Распределение разностей асимметрично. Какой тест: Уилкоксон или знаковый?";Уилкоксон предполагает СИММЕТРИЧНОСТЬ распределения разностей. При асимметрии — знаковый тест (sign test). Он не требует симметричности, использует только знак разности. Менее мощный, но более надёжный при нарушении предположений Уилкоксона;"Применяют Уилкоксон не проверив симметричность; не знают это ключевое предположение";2026-07-16 00:00:00
BANK_STAT_217;statistics;multiple_independent_test_selection;Parametric Analysis;Multiple Independent Groups;1;AI;Выбор: ANOVA или Краскел-Уоллис;Три независимые группы, n≈30 в каждой. Гистограммы показывают умеренную скошенность в двух группах. Какой тест?;При n≈30 ANOVA робастен к умеренной скошенности (ЦПТ). Но нужно проверить нормальность формально (Shapiro-Wilk) и дисперсии (Levene). Если p>0.05 по обоим → ANOVA. Если нормальность нарушена сильно → Kruskal-Wallis. При пограничной ситуации — Kruskal-Wallis для надёжности;"Выбирают ANOVA ""потому что три группы""; не проверяют предпосылки";2026-07-16 00:00:00
BANK_STAT_218;statistics;multiple_independent_test_selection;Parametric Analysis;Multiple Independent Groups;2;AI;Выбор между ANOVA и Welch ANOVA;Четыре группы, n от 15 до 40, нормальность подтверждена. Тест Левена дал p=0.01. Какой тест?;Дисперсии значимо различаются → классический ANOVA неприменим. Выбор: Welch ANOVA (не требует равных дисперсий) или Alexander-Govern test. Оба корректны. Welch ANOVA доступен в большинстве пакетов;"Продолжают с классическим ANOVA; не знают про Welch ANOVA";2026-07-16 00:00:00
BANK_STAT_219;statistics;multiple_independent_test_selection;Parametric Analysis;Multiple Independent Groups;3;AI;Выбор при нарушении всех предпосылок;Пять групп, n от 8 до 12. Данные сильно скошены, есть выбросы. Тесты на нормальность дают p<0.01. Дисперсии различаются. Какой тест?;Параметрические тесты неприменимы. Выбор: Kruskal-Wallis (непараметрический ANOVA). Он не требует нормальности, робастен к выбросам. Но: предполагает одинаковую форму распределений. При разных формах — осторожная интерпретация (различие может быть из-за разной формы, а не медиан). Альтернатива: бутстреп ANOVA;"Применяют ANOVA ""потому что так привыкли""; игнорируют нарушения предпосылок";2026-07-16 00:00:00
BANK_STAT_220;statistics;multiple_paired_test_selection;Parametric Analysis;Multiple Paired Groups;1;AI;Выбор: RM ANOVA или Фридман;Измерили время реакции у 20 человек в 4 условиях (повторные измерения). Данные нормальны. Какой тест?;Repeated measures ANOVA (RM ANOVA). Параметрический тест для 3+ зависимых групп. Учитывает корреляцию между повторными измерениями. Требует сферичности (проверить тестом Мочли);"Применяют обычный ANOVA для независимых групп; не учитывают что данные зависимы";2026-07-16 00:00:00
BANK_STAT_221;statistics;multiple_paired_test_selection;Parametric Analysis;Multiple Paired Groups;2;AI;Нарушение сферичности в RM ANOVA;RM ANOVA: тест Мочли дал p=0.003 (сферичность нарушена). Что делать?;При нарушении сферичности использовать корректировки степеней свободы: Greenhouse-Geisser (консервативная, GGe ε) или Huynh-Feldt (менее консервативная, HFe ε). Большинство пакетов выводят скорректированные p-value автоматически. Если GGe ε < 0.75 — использовать Greenhouse-Geisser, если >0.75 — Huynh-Feldt;"Игнорируют нарушение сферичности; используют нескорректированные p-value";2026-07-16 00:00:00
BANK_STAT_222;statistics;multiple_paired_test_selection;Parametric Analysis;Multiple Paired Groups;3;AI;Выбор между RM ANOVA и смешанной моделью;Повторные измерения 4 раза, n=30. Есть пропуски: у 5 человек нет 3-го измерения. RM ANOVA или mixed model?;RM ANOVA использует listwise deletion — удалит ВСЕ данные этих 5 человек (потеря информации). Mixed model (linear mixed effects) использует все доступные данные, не требует полных наблюдений. При пропусках mixed model предпочтительнее. Также mixed model гибче в моделировании ковариационной структуры;"Применяют RM ANOVA к данным с пропусками; теряют наблюдения и мощность";2026-07-16 00:00:00
BANK_STAT_223;statistics;nonparametric_two_independent_selection;Nonparametric Analysis;Two Independent Samples;1;AI;Когда Mann-Whitney вместо t-test;Назови три ситуации когда Mann-Whitney предпочтительнее t-теста.;1) Данные не нормально распределены (особенно при малых n). 2) Переменная измерена в порядковой шкале (например, удовлетворённость 1-5). 3) В данных есть выбросы, которые нельзя удалить. Mann-Whitney основан на рангах, поэтому робастен к нарушениям нормальности и выбросам;"Применяют Mann-Whitney для любых данных; не знают что при нормальности он менее мощный";2026-07-16 00:00:00
BANK_STAT_224;statistics;nonparametric_two_independent_selection;Nonparametric Analysis;Two Independent Samples;2;AI;Mann-Whitney или трансформация + t-test;Данные о доходах в двух группах. Сильная положительная асимметрия. Что выбрать: Mann-Whitney или log-трансформация + t-test?;Оба варианта приемлемы. Log-трансформация + t-test: если трансформация делает данные нормальными, t-test мощнее и даёт интерпретируемые оценки (среднее log-дохода). Mann-Whitney: проще, не требует подбора трансформации, робастен. Выбор: если log-трансформация хорошо нормализует — t-test, если нет — Mann-Whitney;"Применяют t-тест к сырым данным; не проверяют эффективность трансформации";2026-07-16 00:00:00
BANK_STAT_225;statistics;nonparametric_two_independent_selection;Nonparametric Analysis;Two Independent Samples;3;AI;Mann-Whitney vs бутстреп;Малые выборки: n₁=12, n₂=10. Данные асимметричны. Mann-Whitney или бутстреп для разницы средних?;Mann-Whitney: непараметрический, не требует нормальности, работает с малыми выборками. Бутстреп: непараметрический, сохраняет интерпретацию в терминах средних, но при очень малых n может быть нестабилен. Для n~10-12 оба подходят, но Mann-Whitney проще и стандартнее. Бутстреп — если важно оценить именно разницу средних с ДИ;"Думают что бутстреп всегда лучше; не учитывают что при малых n бутстреп может быть нерепрезентативен";2026-07-16 00:00:00
BANK_STAT_226;statistics;nonparametric_paired_selection;Nonparametric Analysis;Paired Samples;1;AI;Выбор: Wilcoxon или sign test;Две зависимые группы (до/после), n=15. Разности явно несимметричны. Какой тест?;Знаковый тест (sign test). Уилкоксон предполагает симметричность распределения разностей. При явной асимметрии Уилкоксон некорректен. Sign test использует только знак разности, не требует симметричности;"Применяют Уилкоксон не проверяя симметричность; думают что Уилкоксон полностью свободен от предположений";2026-07-16 00:00:00
BANK_STAT_227;statistics;nonparametric_paired_selection;Nonparametric Analysis;Paired Samples;2;AI;Сравнение мощности Wilcoxon и sign test;В каком случае мощность Уилкоксона существенно выше знакового теста? В каком они близки?;Уилкоксон мощнее когда разности распределены симметрично и есть вариация в их величине (использует ранги). Sign test теряет информацию о величине. При больших разностях (много ненулевых, разной величины) преимущество Уилкоксона велико. При малых разностях (много нулевых, остальные ±1) — тесты близки;"Всегда выбирают Уилкоксон; не оценивают структуру разностей";2026-07-16 00:00:00
BANK_STAT_228;statistics;nonparametric_paired_selection;Nonparametric Analysis;Paired Samples;3;AI;Выбор для малых n;Парные данные, n=8. Разности примерно симметричны. Уилкоксон или sign test? Почему это важно?;При n=8 Уилкоксон имеет ограничения: минимальное достижимое p-value (двустороннее) = 2×(1/2⁸) = 0.0078 для знакового теста. Для Уилкоксона p-value может быть меньше. Но при n<10 оба теста имеют низкую мощность. Лучше: увеличить выборку. Если невозможно — Уилкоксон (мощнее при симметрии). Осторожно с выводами;"Делают уверенные выводы при n=8; не осознают ограничения малых выборок";2026-07-16 00:00:00
BANK_STAT_229;statistics;nonparametric_multiple_independent_selection;Nonparametric Analysis;Multiple Independent Groups;1;AI;Когда Kruskal-Wallis вместо ANOVA;Три группы, n=12 в каждой. Данные — баллы удовлетворённости (порядковая шкала 1-7). Какой тест?;Kruskal-Wallis. Причина: 1) порядковая шкала (интервалы между баллами не обязательно равны), 2) малые выборки (нормальность трудно проверить). ANOVA предполагает количественную шкалу и нормальность;"Применяют ANOVA к порядковым данным; не задумываются о природе шкалы";2026-07-16 00:00:00
BANK_STAT_230;statistics;nonparametric_multiple_independent_selection;Nonparametric Analysis;Multiple Independent Groups;2;AI;Kruskal-Wallis или трансформация + ANOVA;Четыре группы, n≈25. Данные о времени выполнения задачи (положительная асимметрия). Log-трансформация практически нормализовала данные. Какой тест?;Если log-трансформация успешно нормализовала данные и дисперсии равны → ANOVA на трансформированных данных. Это мощнее Kruskal-Wallis. Но интерпретировать результаты нужно на log-шкале. Kruskal-Wallis — проще, не требует подбора трансформации, вывод о стохастическом доминировании;"Применяют ANOVA к сырым данным; или наоборот используют Kruskal-Wallis игнорируя возможность трансформации";2026-07-16 00:00:00
BANK_STAT_231;statistics;nonparametric_multiple_independent_selection;Nonparametric Analysis;Multiple Independent Groups;3;AI;Kruskal-Wallis при разных формах распределений;Kruskal-Wallis дал p=0.04. Но box-plot показывают что группы имеют разную форму распределения (разный разброс, разная асимметрия). Можно ли доверять результату?;"Kruskal-Wallis предполагает что группы имеют ОДИНАКОВУЮ форму распределения при верной H₀. Если формы разные, значимый результат может быть вызван различием в дисперсии или асимметрии, а не в медианах. Вывод ""медианы различаются"" будет некорректен. Лучше: интерпретировать как ""распределения различаются"", указать на ограничение";"Интерпретируют только как разницу медиан; не проверяют одинаковость форм";2026-07-16 00:00:00
BANK_STAT_232;statistics;nonparametric_multiple_paired_selection;Nonparametric Analysis;Multiple Paired Groups;1;AI;Когда Фридман вместо RM ANOVA;Повторные измерения (3 момента времени), n=20. Данные — оценка боли по шкале 0-10 (порядковая). Какой тест?;Фридман (Friedman test). Причина: порядковая шкала, возможная ненормальность. Фридман — непараметрический аналог RM ANOVA. Работает с рангами внутри каждого испытуемого;"Применяют RM ANOVA к порядковым данным; не знают про Фридмана";2026-07-16 00:00:00
BANK_STAT_233;statistics;nonparametric_multiple_paired_selection;Nonparametric Analysis;Multiple Paired Groups;2;AI;Фридман при нарушении сферичности;RM ANOVA: данные нормальны но сферичность нарушена. Можно ли использовать Фридмана как альтернативу?;Фридман не требует сферичности, это преимущество. Но: Фридман менее мощный чем RM ANOVA с корректировкой (GGe). Если данные нормальны — лучше RM ANOVA + корректировка. Если есть сомнения в нормальности — Фридман безопаснее;"Автоматически переходят на Фридмана при нарушении сферичности; не знают про корректировки";2026-07-16 00:00:00
BANK_STAT_234;statistics;nonparametric_multiple_paired_selection;Nonparametric Analysis;Multiple Paired Groups;3;AI;Сравнение Фридмана и смешанной модели;Множество повторных измерений (10 моментов), n=40. Данные — счётные (количество событий). Фридман или смешанная Пуассоновская модель?;Фридман работает с рангами, теряет информацию о величине. Для счётных данных лучше специальная модель: обобщённая линейная смешанная модель (GLMM) с Пуассоновским распределением. Сохраняет информацию о распределении, моделирует индивидуальные эффекты. Фридман — простой, но грубый для таких данных;"Применяют Фридман для любых данных с повторными измерениями; не рассматривают современные альтернативы";2026-07-16 00:00:00
BANK_STAT_235;statistics;independence_categorical_selection;Categorical Analysis;Independence Tests;1;AI;Выбор: χ² или Фишер;Таблица 2×2, всего 30 наблюдений, ожидаемая частота в одной ячейке = 3. Какой тест?;Точный тест Фишера. Критерий: ожидаемая частота < 5 хотя бы в одной ячейке → χ² неприменим (асимптотика не работает). При малых выборках всегда Фишер;"Применяют χ² без проверки ожидаемых частот; не знают правило ""хотя бы одна <5""";2026-07-16 00:00:00
BANK_STAT_236;statistics;independence_categorical_selection;Categorical Analysis;Independence Tests;2;AI;Выбор для таблицы 3×3;Таблица 3×3, n=150. Все ожидаемые частоты >5. Какой тест: χ² или точный?;χ²-тест независимости. Ожидаемые частоты >5 во всех ячейках → асимптотика работает хорошо. Точный тест Фишера для 3×3 (Фишер-Фриман-Холтон) вычислительно сложен и при n=150 избыточен;"Применяют точный тест для больших таблиц; тратят вычислительные ресурсы без необходимости";2026-07-16 00:00:00
BANK_STAT_237;statistics;independence_categorical_selection;Categorical Analysis;Independence Tests;3;AI;χ² с поправкой Йейтса;Для таблицы 2×2 иногда применяют поправку Йейтса на непрерывность. Нужна ли она? Когда?;Поправка Йейтса делает χ² более консервативным (уменьшает статистику), приближая к точному тесту Фишера. Исторически применялась для таблиц 2×2 с малыми частотами. Современная рекомендация: не использовать. Либо χ² без поправки (если частоты достаточны), либо точный тест Фишера (если малы);"Применяют поправку Йейтса всегда; не знают что современные рекомендации против";2026-07-16 00:00:00
BANK_STAT_238;statistics;goodness_of_fit_selection;Categorical Analysis;Goodness of Fit;1;AI;Когда χ² согласия;Игральную кость бросили 120 раз. Нужно проверить, честная ли она. Какой тест?;χ²-тест согласия (goodness of fit). H₀: вероятности всех граней = 1/6. Сравнивает наблюдаемые частоты с ожидаемыми при равномерном распределении. df = 6-1 = 5;"Путают с χ² независимости; формулируют неправильные гипотезы";2026-07-16 00:00:00
BANK_STAT_239;statistics;goodness_of_fit_selection;Categorical Analysis;Goodness of Fit;2;AI;Goodness of fit или независимости;Данные: распределение ответов на вопрос (A/B/C) в одной группе. Нужно сравнить с известным распределением 50%/30%/20%. Какой тест?;χ²-тест согласия. Одна категориальная переменная, сравнивается с фиксированными ожидаемыми вероятностями. df = 3-1 = 2. Если бы сравнивали распределение ответов в двух группах — был бы тест независимости;"Путают когда одна переменная а когда две; применяют неправильный тест";2026-07-16 00:00:00
BANK_STAT_240;statistics;goodness_of_fit_selection;Categorical Analysis;Goodness of Fit;3;AI;Выбор: χ² или G-тест;Для проверки согласия иногда используют G-тест (log-likelihood ratio test) вместо χ². В чём разница? Когда G-тест предпочтительнее?;G = 2 × Σ O×ln(O/E). Асимптотически эквивалентен χ². G-тест: 1) аддитивен (можно разложить на компоненты), 2) лучше для вложенных моделей, 3) предпочтительнее при проверке сложных гипотез. На практике для простого согласия разница невелика. При малых выборках оба требуют осторожности;"Не знают про G-тест; всегда используют χ²";2026-07-16 00:00:00
BANK_STAT_241;statistics;paired_categorical_selection;Categorical Analysis;Paired Categorical;1;AI;Выбор: McNemar или χ² независимости;До и после кампании опросили 100 человек: знают бренд или нет. Те же люди. Какой тест?;МакНимар (McNemar). Данные ЗАВИСИМЫ (одни и те же люди), бинарный исход. Анализирует discordant pairs (те кто изменил ответ). Обычный χ² независимости был бы некорректен (предполагает независимые группы);"Применяют χ² независимости к зависимым данным; игнорируют парный дизайн";2026-07-16 00:00:00
BANK_STAT_242;statistics;paired_categorical_selection;Categorical Analysis;Paired Categorical;2;AI;Выбор: McNemar или Cochran's Q;Три момента времени: до, сразу после, через 6 месяцев. Бинарный исход (курит/нет). n=50. Какой тест?;Q-тест Кохрена (Cochran's Q). Расширение МакНимара на 3+ зависимых бинарных измерений. H₀: доля курящих одинакова во все три момента;"Применяют три теста МакНимара попарно; не корректируют на множественность; не знают про Cochran's Q";2026-07-16 00:00:00
BANK_STAT_243;statistics;paired_categorical_selection;Categorical Analysis;Paired Categorical;3;AI;МакНимар с поправкой на множественность;Провели 4 опроса (одни и те же люди, бинарный ответ). Сравнили попарно МакНимаром, получили 6 p-value. Какая нужна корректировка?;Нужна поправка на множественные сравнения для 6 тестов: Бонферрони (α/6) или Холм. Альтернатива: сразу использовать Cochran's Q для общего теста (4 группы), и только при значимости делать post-hoc с корректировкой. Cochran's Q + post-hoc МакНимар с поправкой — правильный подход;"Делают 6 тестов без поправки; раздувают FWER";2026-07-16 00:00:00
BANK_STAT_244;statistics;z_test_one_proportion;Parametric Analysis;One Sample Tests;1;AI;Формула z-теста для одной доли;Напиши формулу z-статистики для проверки гипотезы об одной доле. Когда применима нормальная аппроксимация?;z = (p̂ - π₀) / √(π₀(1-π₀)/n). Условия: n×π₀ ≥ 5 и n×(1-π₀) ≥ 5 (или n×p̂≥5 и n×(1-p̂)≥5). При меньших частотах — точный биномиальный тест;"Используют p̂ в знаменателе вместо π₀; не проверяют условия применимости";2026-07-16 00:00:00
BANK_STAT_245;statistics;z_test_one_proportion;Parametric Analysis;One Sample Tests;2;AI;Расчёт z-теста для доли;Утверждается что доля брака не превышает 5%. Выборка n=400, брак обнаружен в 28 случаях (7%). Проверь H₀: π=0.05 против H₁: π>0.05 на α=0.05.;z = (0.07-0.05) / √(0.05×0.95/400) = 0.02 / √(0.0475/400) = 0.02 / √0.00011875 = 0.02 / 0.0109 = 1.835. zкрит=1.645. 1.835 > 1.645 → отвергаем H₀. Доля брака значимо выше 5%;"Используют двусторонний тест; путают π₀ и p̂ в знаменателе";2026-07-16 00:00:00
BANK_STAT_246;statistics;z_test_one_proportion;Parametric Analysis;One Sample Tests;3;AI;Доверительный интервал для доли;По данным предыдущей задачи построй 95% ДИ для истинной доли брака. Какой метод использовать?;"Метод Уилсона (Wilson score interval) предпочтительнее стандартного Вальда. Вальд: p̂ ± z × √(p̂(1-p̂)/n) = 0.07 ± 1.96 × 0.0128 = [0.045; 0.095]. Уилсон даёт более точные границы при долях близких к 0 или 1 и при малых выборках. Формула Уилсона сложнее, но реализована в большинстве пакетов";"Используют только метод Вальда; не знают что он может давать границы <0 или >1";2026-07-16 00:00:00
BANK_STAT_247;statistics;z_test_two_proportions;Parametric Analysis;Two Independent Samples;1;AI;Формула для сравнения двух долей;Напиши формулу z-статистики для сравнения двух независимых долей. Что такое pooled proportion?;z = (p̂₁-p̂₂) / √(p̂_pool×(1-p̂_pool)×(1/n₁+1/n₂)), где p̂_pool = (x₁+x₂)/(n₁+n₂) — объединённая оценка доли при H₀ (доли равны). Для доверительного интервала используют separate proportions без pooling;"Путают pooled и separate; используют pooled для ДИ";2026-07-16 00:00:00
BANK_STAT_248;statistics;z_test_two_proportions;Parametric Analysis;Two Independent Samples;2;AI;Расчёт z-теста для двух конверсий;A/B-тест: контроль n=1000, конверсия 12%. Тест n=800, конверсия 15%. Проверь H₀: π₁=π₂ против H₁: π₁≠π₂.;p̂₁=0.12, p̂₂=0.15. p̂_pool = (120+120)/(1000+800) = 240/1800 ≈ 0.1333. SE = √(0.1333×0.8667×(1/1000+1/800)) = √(0.1156×0.00225) = √0.00026 = 0.01612. z = (0.12-0.15)/0.01612 = -1.86. |z|=1.86 < 1.96 → не отвергаем H₀ на α=0.05;"Используют separate proportions для теста; не проверяют условия применимости";2026-07-16 00:00:00
BANK_STAT_249;statistics;z_test_two_proportions;Parametric Analysis;Two Independent Samples;3;AI;Z-тест или χ² для таблицы 2×2;Сравниваются две доли. Можно использовать z-тест или χ²-тест независимости. Как они связаны? Какой выбрать?;Для таблицы 2×2: z² = χ². Они математически эквивалентны, дают одинаковый p-value (при двустороннем z-тесте). z удобнее для односторонних гипотез и ДИ для разницы долей. χ² — для общей проверки связи. Вывод: для направленной гипотезы — z-тест, для общей — любой из них;"Не знают об эквивалентности; думают что это принципиально разные тесты";2026-07-16 00:00:00
BANK_STAT_250;statistics;correlation_test_selection;Correlation;Correlation Mesuares;1;AI;Выбор: Пирсон или Спирмен;Две количественные переменные. Как выбрать между корреляцией Пирсона и Спирмена?;Пирсон: для ЛИНЕЙНОЙ связи, требует нормальности (особенно для малых выборок), чувствителен к выбросам. Спирмен: для МОНОТОННОЙ связи, не требует нормальности, работает с порядковыми данными, робастен к выбросам. Выбор: проверить нормальность и линейность (scatter plot) → если да → Пирсон, если нет → Спирмен;"Выбирают Пирсон ""по умолчанию""; не смотрят на scatter plot";2026-07-16 00:00:00
BANK_STAT_251;statistics;correlation_test_selection;Correlation;Correlation Mesuares;2;AI;Выбор: Спирмен или Кендалл;Спирмен и Кендалл — оба ранговые корреляции. Когда предпочесть Кендалла?;Кендалл предпочтительнее: 1) при малых выборках (n<20) — более точная аппроксимация p-value, 2) при большом количестве совпадающих рангов (ties), 3) интерпретация как вероятность конкордантности более интуитивна. Спирмен: быстрее вычисляется, более распространён, лучше для больших выборок без ties;"Всегда используют Спирмена; не знают преимуществ Кендалла";2026-07-16 00:00:00
BANK_STAT_252;statistics;correlation_test_selection;Correlation;Correlation Mesuares;3;AI;Выбор при нелинейной связи;Scatter plot показывает явную U-образную зависимость (y сначала падает, потом растёт с ростом x). Какой коэффициент корреляции использовать?;Ни Пирсон, ни Спирмен, ни Кендалл не подходят: они меряют монотонную связь, а U-образная связь НЕ монотонна. Все три могут показать r≈0 несмотря на сильную связь. Нужно: 1) использовать нелинейные меры (distance correlation, MIC), 2) подогнать квадратичную модель и посмотреть на R², 3) разбить на два участка;"Применяют корреляцию к нелинейным связям; получают r≈0 и делают вывод ""связи нет""";2026-07-16 00:00:00
BANK_STAT_253;statistics;parametric_post_hoc_test_selection;Parametric Analysis;Post-hoc Tests;1;AI;Выбор post-hoc после ANOVA;Проведён ANOVA для 5 групп, p=0.002. Нужны попарные сравнения. Какой post-hoc тест выбрать по умолчанию?;Тьюки HSD (Honestly Significant Difference). Специально разработан для всех попарных сравнений после ANOVA. Контролирует FWER для полного множества попарных сравнений. Оптимален по мощности для этой задачи;"Выбирают Бонферрони ""потому что проще""; теряют мощность";2026-07-16 00:00:00
BANK_STAT_254;statistics;parametric_post_hoc_test_selection;Parametric Analysis;Post-hoc Tests;2;AI;Выбор: Тьюки или Даннетт;После ANOVA сравниваются 4 группы. Группа A — контрольная, B, C, D — экспериментальные. Какой post-hoc?;Даннетт. Сравнивает каждую группу только с контрольной (3 сравнения), а не все попарно (6 сравнений). Меньше сравнений → менее строгая корректировка → большая мощность для обнаружения отличий от контроля;"Выбирают Тьюки и делают лишние сравнения; теряют мощность";2026-07-16 00:00:00
BANK_STAT_255;statistics;parametric_post_hoc_test_selection;Parametric Analysis;Post-hoc Tests;3;AI;Выбор: Тьюки или Шеффе;После ANOVA нужно сравнить не только попарно, но и сложные контрасты (например, среднее групп A,B vs среднее C,D). Какой тест?;Шеффе (Scheffé). Он позволяет тестировать ЛЮБЫЕ линейные контрасты с контролем FWER. Тьюки — только для попарных сравнений. Минус Шеффе: для попарных сравнений он консервативнее (менее мощный) чем Тьюки. Если нужны и попарные, и сложные — Шеффе;"Пытаются использовать Тьюки для сложных контрастов; не знают что это некорректно";2026-07-16 00:00:00
BANK_STAT_256;statistics;nonparametric_post_hoc_test_selection;Nonparametric Analysis;Post-hoc Tests;1;AI;Post-hoc после Kruskal-Wallis;Проведён Kruskal-Wallis для 4 групп, p=0.01. Какой post-hoc тест использовать?;Тест Данна (Dunn test). Непараметрический post-hoc для попарных сравнений после KW. Использует ранги из KW и корректировку на множественные сравнения (обычно Бонферрони или Холм);"Применяют обычный Mann-Whitney для всех пар без корректировки; не знают про Данна";2026-07-16 00:00:00
BANK_STAT_257;statistics;nonparametric_post_hoc_test_selection;Nonparametric Analysis;Post-hoc Tests;2;AI;Данн с поправкой Бонферрони или Холм;Тест Данна: 6 попарных сравнений после KW. Какую поправку выбрать: Бонферрони или Холм?;Холм (Holm-Bonferroni) предпочтительнее. Она мощнее классической Бонферрони при том же контроле FWER. Процедура: упорядочить p-value, сравнивать с α/(k-i+1). Обе поправки допустимы, Холм — улучшенный вариант;"Всегда используют Бонферрони; не знают что Холм мощнее";2026-07-16 00:00:00
BANK_STAT_258;statistics;nonparametric_post_hoc_test_selection;Nonparametric Analysis;Post-hoc Tests;3;AI;Выбор между Данном и парным Уилкоксоном;После KW можно использовать тест Данна или попарные Уилкоксоны с поправкой. Какой подход корректнее?;Тест Данна корректнее: он использует ОБЩУЮ ранговую структуру из KW (ранги по всем группам) и общую оценку дисперсии. Попарные Уилкоксоны на подвыборках теряют информацию о других группах, могут дать несогласованные результаты. Стандартная рекомендация: Данн после KW;"Используют Уилкоксон ""потому что знакомо""; не понимают почему Данн лучше";2026-07-16 00:00:00
BANK_PROB_259;theory;z_score;Distributions;Normal Distribution;1;AI;Формула Z-оценки;Стандартизируй значение X=85 при среднем μ=70 и стандартном отклонении σ=10. Чему равен Z-score?;Z = (X - μ) / σ = (85 - 70) / 10 = 15 / 10 = 1.5. Значение на 1.5 стандартных отклонений выше среднего;"Путают формулу: делят на дисперсию вместо σ; вычитают не в том порядке";2026-07-16 00:00:00
BANK_PROB_260;theory;z_score;Distributions;Normal Distribution;2;AI;Вероятность по Z-таблице;Z=1.5. Найди вероятность P(Z < 1.5) и P(Z > 1.5) для стандартного нормального распределения.;По таблице: P(Z < 1.5) ≈ 0.9332. P(Z > 1.5) = 1 - 0.9332 = 0.0668. Около 6.7% значений лежат выше 1.5σ от среднего;"Путают левый и правый хвост; не учитывают что таблица может давать разные варианты (от -∞ до z или от 0 до z)";2026-07-16 00:00:00
BANK_PROB_261;theory;z_score;Distributions;Normal Distribution;3;AI;Z-score и правило трёх сигм;Свяжи Z-score с правилом трёх сигм. Какая доля наблюдений нормального распределения имеет |Z| < 1, |Z| < 2, |Z| < 3?;По правилу трёх сигм: |Z|<1 → 68.27%, |Z|<2 → 95.45%, |Z|<3 → 99.73%. Z-score = 2 означает что наблюдение превышает ~97.7% значений. Z-score широко используется для обнаружения выбросов (|Z|>3 как критерий) и стандартизации переменных перед анализом;"Путают проценты (68-95-99.7); используют точные значения таблицы а не приближённые";2026-07-16 00:00:00
BANK_PROB_262;theory;variance;Expectation & Variance;Variance;1;AI;Определение дисперсии;Дай определение дисперсии случайной величины. Напиши формулу для дискретного и непрерывного случаев.;Дисперсия — мера разброса значений относительно математического ожидания. Дискретная: Var(X) = Σ(xi - E(X))² × P(X=xi). Непрерывная: Var(X) = ∫(x - μ)² f(x)dx. Также: Var(X) = E(X²) - [E(X)]²;"Путают со стандартным отклонением; забывают что дисперсия в квадратных единицах";2026-07-16 00:00:00
BANK_PROB_263;theory;variance;Expectation & Variance;Variance;2;AI;Расчёт дисперсии через E(X²);Случайная величина X принимает значения 0, 1, 2 с вероятностями 0.2, 0.5, 0.3. Найди Var(X) через формулу E(X²) - [E(X)]².;E(X) = 0×0.2 + 1×0.5 + 2×0.3 = 0 + 0.5 + 0.6 = 1.1. E(X²) = 0×0.2 + 1×0.5 + 4×0.3 = 0 + 0.5 + 1.2 = 1.7. Var(X) = 1.7 - 1.1² = 1.7 - 1.21 = 0.49;"Забывают возвести в квадрат E(X); путают E(X²) и [E(X)]²";2026-07-16 00:00:00
BANK_PROB_264;theory;variance;Expectation & Variance;Variance;3;AI;Свойства дисперсии;Докажи что Var(aX + b) = a²Var(X). Почему прибавление константы b не меняет дисперсию?;Var(aX+b) = E[(aX+b - E(aX+b))²] = E[(aX+b - aE(X)-b)²] = E[a²(X-E(X))²] = a²E[(X-E(X))²] = a²Var(X). Константа b вычитается: b - b = 0, поэтому сдвиг не меняет разброс. Дисперсия измеряет разброс, а не положение;"Думают что Var(aX+b) = aVar(X) + b; не понимают что дисперсия инвариантна к сдвигу";2026-07-16 00:00:00
BANK_SQL_175;sql;aggregation;SQL Core;Aggregation;2;DataLemur;Вторая по величине зарплата;Дана таблица employee(employee_id, name, salary, department_id, manager_id). Найдите вторую по величине зарплату среди всех сотрудников. Если несколько сотрудников получают одинаковую вторую по величине зарплату, выведите её только один раз. Если второй по величине зарплаты не существует, результат должен содержать NULL.;"SELECT MAX(salary) AS second_highest_salary FROM employee WHERE salary < (SELECT MAX(salary) FROM employee);";Использовать ORDER BY ... LIMIT 1 OFFSET 1, не учитывая одинаковые зарплаты.;2026-07-16 00:00:00
BANK_SQL_176;sql;conditional_aggregation;SQL Core;Aggregation;2;DataLemur;Кандидаты со всеми необходимыми навыками;Дана таблица candidates(candidate_id, skill). Каждый кандидат может иметь несколько навыков, по одной записи на каждый навык. Найдите кандидатов, которые одновременно владеют Python, Tableau и PostgreSQL. Выведите candidate_id. Результат отсортируйте по candidate_id по возрастанию.;Отфильтровать нужные навыки → сгруппировать по candidate_id → использовать HAVING COUNT(DISTINCT skill)=3.;Использовать COUNT(*) вместо COUNT(DISTINCT skill) или не ограничить список навыков перед агрегацией.;2026-07-16 00:00:00
BANK_STAT_265;statistics;p_value;Hypothesis Testing;Foundations;2;DataLemur;Проверка честности монеты;Монету подбросили 10 раз и наблюдали только один орёл. Проверьте гипотезу о том, что монета является симметричной (вероятность выпадения орла равна 0.5). 1. Сформулируйте нулевую и альтернативную гипотезы. 2. Выберите подходящий статистический тест. 3. Вычислите p-value. 4. Сделайте вывод на уровне значимости α = 0.05.;Сформулировать H₀: p=0.5 и H₁: p≠0.5 (или p<0.5, если используется односторонняя проверка). Рассмотреть число орлов как биномиальную случайную величину Bin(n=10, p=0.5). Вычислить p-value как вероятность получить столь же экстремальный или более экстремальный результат при условии H₀. Сравнить p-value с α и сделать вывод.;"Использовать нормальное приближение вместо биномиального распределения при маленькой выборке; неправильно выбрать односторонний или двусторонний тест; путать вероятность наблюдения данных с вероятностью истинности H₀; неверно вычислять p-value.";2026-07-16 00:00:00
BANK_PROB_258;theory;bayes;Probability;Bayes;3;DataLemur;;"В онлайн-киносервисе: 80% пользователей оценивают понравившиеся фильмы положительно с вероятностью 0.6, а отрицательно — с вероятностью 0.4; остальные 20% пользователей всегда ставят положительную оценку независимо от фильма. Случайный пользователь поставил положительную оценку трём фильмам подряд. Какова вероятность того, что этот пользователь относится ко второй группе (""всегда ставит положительные оценки"")?";Определить две гипотезы: пользователь относится к обычной группе или к группе, всегда ставящей положительные оценки. Для каждой группы вычислить вероятность трёх положительных оценок подряд. Затем применить формулу Байеса, используя априорные вероятности групп и полученные условные вероятности.;"Забывать учитывать априорные вероятности групп; использовать вероятность одного положительного отзыва вместо трёх подряд; перепутать условную вероятность с искомой вероятностью по формуле Байеса; не нормировать знаменатель.";2026-07-16 00:00:00
BANK_SQL_177;sql;join;SQL Core;Joins;2;AI;LEFT JOIN с WHERE по правой таблице;Дан запрос: SELECT * FROM customers c LEFT JOIN orders o ON c.id = o.customer_id WHERE o.amount > 100. Объясни, почему этот запрос фактически работает как INNER JOIN. Как исправить, чтобы получить ВСЕХ клиентов, даже без заказов?;WHERE фильтрует NULL (нет заказа → amount IS NULL → NULL > 100 → FALSE → строка исключается). Решение: перенести условие в ON: LEFT JOIN ... ON c.id = o.customer_id AND o.amount > 100. Или WHERE (o.amount > 100 OR o.id IS NULL);"Ставят условие в WHERE вместо ON; не понимают что NULL > 100 даёт NULL (не TRUE)";2026-07-16 00:00:00
BANK_SQL_178;sql;anti_join;SQL Core;Joins;2;AI;NOT IN с NULL в подзапросе;Запрос: SELECT id FROM customers WHERE id NOT IN (SELECT customer_id FROM orders). В таблице orders есть customer_id = NULL. Объясни, почему запрос вернёт пустой результат. Предложи корректную альтернативу.;NOT IN с NULL: id NOT IN (1, 2, NULL) эквивалентно id <> 1 AND id <> 2 AND id <> NULL. id <> NULL → NULL (не TRUE и не FALSE) → всё выражение NULL → строка не выбирается. Решение: NOT EXISTS или WHERE customer_id IS NOT NULL в подзапросе;"Используют NOT IN не подозревая о NULL; не понимают трёхзначную логику";2026-07-16 00:00:00
BANK_SQL_179;sql;window_functions;SQL Core;Window Functions;1;AI;ROW_NUMBER vs RANK при одинаковых значениях;Даны зарплаты: 100, 100, 90, 80. Какие номера присвоят ROW_NUMBER(), RANK() и DENSE_RANK() при ORDER BY salary DESC? Покажи на конкретных значениях.;ROW_NUMBER: 100→1, 100→2, 90→3, 80→4 (произвольный порядок среди равных). RANK: 100→1, 100→1, 90→3, 80→4 (пропуск 2). DENSE_RANK: 100→1, 100→1, 90→2, 80→3 (без пропусков);"Путают RANK и DENSE_RANK; думают что ROW_NUMBER гарантирует определённый порядок среди равных";2026-07-16 00:00:00
BANK_SQL_180;sql;aggregation;SQL Core;Aggregation;1;AI;AVG и SUM с NULL;Таблица: scores (student_id, score). У некоторых студентов score IS NULL. Что вернут: AVG(score), SUM(score), COUNT(score), COUNT(*)? Объясни различия.;AVG игнорирует NULL: сумма NOT NULL / количество NOT NULL. SUM игнорирует NULL: сумма NOT NULL. COUNT(score) считает только NOT NULL. COUNT(*) считает все строки включая NULL. Если все score NULL: AVG→NULL, SUM→NULL, COUNT(score)→0, COUNT(*)→N;"Думают что AVG учитывает NULL как 0; путают COUNT(*) и COUNT(column)";2026-07-16 00:00:00
BANK_SQL_181;sql;having;SQL Core;Aggregation;1;AI;Алиас в HAVING;Можно ли использовать алиас колонки из SELECT в HAVING? Напиши запрос и проверь логику.;В PostgreSQL: нельзя (алиас создаётся после HAVING в порядке выполнения). SELECT ... COUNT(*) AS cnt ... HAVING cnt > 5 → ошибка. Нужно повторить: HAVING COUNT(*) > 5. В MySQL/MariaDB — работает (расширение стандарта). По стандарту SQL — нельзя;"Используют алиас в HAVING; не знают порядок выполнения SQL";2026-07-16 00:00:00
BANK_SQL_182;sql;union_union_all;Data Handling;Set Operations;1;AI;Имена колонок в UNION;Первый SELECT: SELECT id, name AS full_name FROM users. Второй: SELECT user_id AS id, login AS full_name FROM accounts. Какие имена колонок будут в результате UNION?;Имена берутся из ПЕРВОГО SELECT: id, full_name. Алиасы второго SELECT игнорируются. UNION сопоставляет колонки по позиции, а не по имени;"Думают что UNION сопоставляет по именам; удивляются что имена из второго SELECT не применяются";2026-07-16 00:00:00
BANK_SQL_183;sql;null_handling;SQL Theory;NULL Handling;1;AI;NULL в сравнениях и JOIN;Объясни почему: NULL = NULL → NULL, NULL <> NULL → NULL. Как это влияет на JOIN? Будут ли соединены строки где оба ключа NULL?;NULL = NULL даёт NULL (не TRUE) → строки НЕ соединятся. JOIN требует TRUE для соединения. Два NULL не считаются равными. Для соединения NULL с NULL нужен специальный подход: ON a.key IS NOT DISTINCT FROM b.key или COALESCE-заглушки;"Думают что NULL = NULL это TRUE; удивляются что строки с NULL не джойнятся";2026-07-16 00:00:00
BANK_SQL_184;sql;rolling_window;SQL Core;Time Series;2;AI;ROWS vs RANGE при дубликатах дат;Таблица: orders (order_date, amount). 2024-01-01: 100, 2024-01-01: 200, 2024-01-02: 300. Посчитай SUM() OVER (ORDER BY order_date ROWS BETWEEN 1 PRECEDING AND CURRENT ROW) и то же с RANGE. Объясни разницу.;ROWS (физические строки): стр1=100(только тек), стр2=100+200=300(пред+тек), стр3=200+300=500. RANGE (по значениям): для 01-01 обе строки имеют одно значение → обе включат друг друга: стр1=100+200=300, стр2=100+200=300, стр3=100+200+300=600. RANGE группирует все строки с одинаковым ORDER BY;"Путают ROWS и RANGE; не понимают что RANGE включает все строки с одинаковым значением";2026-07-16 00:00:00
BANK_SQL_185;sql;string_parsing;Data Handling;Strings;2;AI;UNNEST с STRING_TO_ARRAY;Поле tags содержит значения через запятую: 'sql, python, статистика'. Как разбить на отдельные строки и посчитать частоту каждого тега?;SELECT TRIM(UNNEST(STRING_TO_ARRAY(tags, ','))) AS tag, COUNT(*) FROM posts GROUP BY tag ORDER BY COUNT(*) DESC. STRING_TO_ARRAY создаёт массив, UNNEST разворачивает в строки, TRIM убирает лишние пробелы;"Забывают TRIM (остаются пробелы); не знают про UNNEST для массивов";2026-07-16 00:00:00
BANK_SQL_186;sql;gaps_islands;SQL Core;Window Functions;2;AI;Gaps: найти пропущенные даты;Таблица: user_visits (user_id, visit_date). Для user_id=1 есть записи за 1,2,3,7,8,9,15 января. Найди ВСЕ пропущенные даты между минимальной и максимальной (не острова, а gaps).;WITH all_dates AS (SELECT generate_series(MIN(visit_date), MAX(visit_date), '1 day') AS dt FROM user_visits WHERE user_id=1) SELECT dt FROM all_dates WHERE dt NOT IN (SELECT visit_date FROM user_visits WHERE user_id=1) ORDER BY dt;"Ищут только острова (непрерывные периоды) вместо пропусков; путают задачу gaps и islands";2026-07-16 00:00:00
BANK_STAT_266;statistics;p_value;Hypothesis Testing;Foundations;2;AI;Непрерывность p-value и дихотомия;"Получены p=0.049 и p=0.051 в двух похожих экспериментах. Означает ли это что первый результат ""значим"", а второй ""нет""? В чём проблема такой дихотомии?";Разница незначительна. p-value — непрерывная мера. Жёсткий порог 0.05 создаёт ложную дихотомию. Оба результата показывают примерно одинаковую силу свидетельства против H₀. Проблема: p-hacking, selective reporting, кризис воспроизводимости. Лучше сообщать точное p-value, effect size и доверительный интервал;"Говорят ""первый значим, второй нет""; делают принципиально разные выводы на основе порога";2026-07-16 00:00:00
BANK_STAT_267;statistics;interval_estimation;Estimation;Confidence Intervals;1;AI;ДИ не интервал для данных;95% ДИ для среднего: [10, 20]. Означает ли это что 95% наблюдений лежит в [10, 20]? Объясни ошибку.;"Нет. ДИ — интервал для ПАРАМЕТРА (среднего генеральной совокупности), а не для данных. Интервал для 95% данных — это prediction interval, и он значительно шире ДИ для среднего. ДИ говорит: ""с 95% уверенностью среднее популяции лежит в [10,20]"", а не ""95% значений""";"Путают confidence interval и prediction interval; думают что ДИ описывает разброс данных";2026-07-16 00:00:00
BANK_STAT_268;statistics;type1_type2;Hypothesis Testing;Decision Making;1;AI;Ожидаемое число ложных отклонений;Провели 20 независимых тестов на данных где H₀ всегда верна (симуляция), α=0.05. Сколько значимых результатов ОЖИДАЕТСЯ? Это ошибка какого рода?;Ожидается 20 × 0.05 = 1 значимый результат (ошибка I рода). Это не гарантированно 1, а математическое ожидание. При большом числе тестов без корректировки FWER растёт: P(хотя бы одна ошибка) = 1 - 0.95²⁰ ≈ 64%;"Удивляются что есть значимые результаты на случайных данных; не понимают что α — это ожидаемая доля ошибок";2026-07-16 00:00:00
BANK_STAT_269;statistics;anova;Parametric Analysis;Multiple Independent Groups;2;AI;ANOVA значима, Тьюки не находит различий;ANOVA для 4 групп дала p=0.03. Тест Тьюки не показал ни одной значимой пары (все p>0.05). Объясни, как такое возможно и что делать.;ANOVA и Тьюки — разные процедуры с разной мощностью. ANOVA проверяет общую гипотезу (все средние равны), Тьюки — конкретные попарные сравнения с корректировкой на множественность. Возможно: 1) различия малы и post-hoc менее мощный, 2) сложный контраст (не попарный) дал значимость ANOVA, 3) Тьюки слишком консервативен для данного числа групп. Действие: сообщить оба результата, проверить Шеффе для сложных контрастов;"Говорят ""ANOVA ошиблась"" или ""Тьюки ошибся""; не понимают разницу в гипотезах";2026-07-16 00:00:00
BANK_STAT_270;statistics;mann_whitney_test;Nonparametric Analysis;Two Independent Samples;2;AI;MW значим при равных медианах;Критерий Манна-Уитни дал p=0.02, но медианы в группах равны (обе = 10). Объясни, как такое возможно. О чём на самом деле говорит MW?;MW проверяет стохастическое доминирование, а не строго равенство медиан. При равных медианах но разной форме распределения (разная дисперсия, асимметрия) MW может быть значим. Например: гр.А: 8,9,10,11,12 (медиана 10), гр.Б: 1,2,10,18,19 (медиана 10). Распределения разные → MW это обнаруживает;"Интерпретируют MW как тест на равенство медиан; не проверяют одинаковость формы распределений";2026-07-16 00:00:00
BANK_STAT_271;statistics;pearson_correlation;Correlation;Correlation Mesuares;2;AI;R=0 при функциональной связи;Две переменные связаны функционально: y = x² для x от -10 до 10. Коэффициент Пирсона r ≈ 0. Объясни почему и какой метод использовать.;Пирсон меряет ЛИНЕЙНУЮ связь. Парабола симметрична → линейная компонента ≈ 0. Но связь есть (нелинейная). Решение: 1) посмотреть на scatter plot (видно U-форму), 2) использовать Спирмена (тоже не подойдёт — не монотонна), 3) distance correlation, 4) подогнать квадратичную модель и оценить R²;"Применяют Пирсона не глядя на график; делают вывод ""связи нет""";2026-07-16 00:00:00
BANK_STAT_272;statistics;central_limit_theorem;Hypothesis Testing;Foundations;2;AI;ЦПТ для малых выборок;Выборка n=5 из экспоненциального распределения (сильная асимметрия). Будет ли распределение выборочного среднего нормальным? Можно ли применять t-тест?;При n=5 ЦПТ ещё не работает для сильно асимметричных распределений. Распределение среднего останется асимметричным. t-тест предполагает нормальность ДАННЫХ (не среднего) при малых n. При n=5 и сильной асимметрии t-тест некорректен. Нужен непараметрический тест или бутстреп;"Слепо верят что n≥30 всегда достаточно; не учитывают что для экспоненциального распределения может потребоваться n>50";2026-07-16 00:00:00
BANK_STAT_273;statistics;effect_size;Hypothesis Testing;Decision Making;2;AI;Мизерный p-value, ничтожный эффект;p<0.001 при n=100000, но Cohen's d=0.05. Практически значим ли результат? Стоит ли внедрять изменение?;"Статистически значим — да (эффект существует). Практически — скорее нет: d=0.05 это очень малый эффект (меньше чем ""малый"" по Cohen = 0.2). При n=100000 даже крошечный эффект даст p<0.001. Решение о внедрении должно основываться на business impact, а не на p-value. Оценить: затраты на внедрение vs ожидаемая выгода от эффекта 0.05σ";"Внедряют только из-за p-value; не считают экономический эффект";2026-07-16 00:00:00
BANK_STAT_274;statistics;outliers;Descriptive Statistics;Z-score For Outliers;2;AI;Стратегии обработки выбросов;Обнаружены выбросы в данных о времени выполнения заказа: несколько заказов по 30+ дней при медиане 2 дня. Опиши три стратегии обработки и когда каждая уместна.;1) Удаление: если выбросы — явные ошибки (заказы в будущем, тестовые данные). 2) Винсоризация (замена на 95-й перцентиль): если выбросы реальны, но хотим уменьшить их влияние, сохранив наблюдения. 3) Трансформация (log): если данные мультипликативны, приближаем к нормальности. 4) Отдельный анализ: если выбросы — отдельный сегмент (VIP-клиенты со сложными заказами);"Всегда удаляют выбросы; не анализируют природу; не знают про винсоризацию";2026-07-16 00:00:00
BANK_STAT_275;statistics;multiple_testing_correction;Hypothesis Testing;Advanced Topics;2;AI;Одна метрика значима среди многих;В A/B-тесте проверялось 20 метрик. Только одна дала p=0.004. Значима ли она после поправки Бонферрони? А если метрик было 100?;При 20 метриках: скорректированное α = 0.05/20 = 0.0025. p=0.004 > 0.0025 → не значимо. При 100 метриках: α = 0.0005 → тем более не значимо. Вывод: одна значимая метрика из 20 — скорее всего false positive. Нужна поправка на множественность ИЛИ разделение на primary/secondary метрики заранее;"Не корректируют на множественность; радостно докладывают о ""значимом улучшении""";2026-07-16 00:00:00
BANK_SQL_187;sql;aggregation;SQL Core;Aggregation;2;DataLemur;Вторая по величине зарплата;Дана таблица employee(employee_id, name, salary, department_id, manager_id). Найдите вторую по величине зарплату среди всех сотрудников. Если несколько сотрудников получают одинаковую вторую по величине зарплату, выведите её только один раз. Если второй по величине зарплаты не существует, результат должен содержать NULL.;Найти максимальную зарплату, меньшую глобального максимума, с помощью MAX и подзапроса.;"Использовать OFFSET/LIMIT без учёта одинаковых зарплат; возвращать несколько одинаковых значений.";2026-07-16 00:00:00
BANK_SQL_188;sql;relational_division;SQL Core;Joins;2;DataLemur;Кандидаты со всеми необходимыми навыками;Дана таблица candidates(candidate_id, skill). Найдите кандидатов, которые одновременно владеют Python, Tableau и PostgreSQL. Выведите candidate_id, отсортируйте по возрастанию.;Отфильтровать нужные навыки → GROUP BY candidate_id → HAVING COUNT(DISTINCT skill)=3.;"Использовать COUNT(*) вместо COUNT(DISTINCT); забыть отфильтровать только требуемые навыки.";2026-07-16 00:00:00
BANK_SQL_189;sql;percentile_functions;SQL Core;Window Functions;2;AI;Медианная зарплата;Дана таблица employee(employee_id, salary). Найдите медианную зарплату сотрудников. Если число сотрудников чётное, медиана определяется как среднее двух центральных значений.;Использовать PERCENTILE_CONT(0.5) либо оконные функции в зависимости от СУБД.;"Пытаться использовать AVG всех зарплат; неверно обрабатывать чётное количество строк.";2026-07-16 00:00:00
BANK_SQL_190;sql;running_aggregates;SQL Core;Window Functions;2;AI;Накопительная выручка;Дана таблица daily_sales(sale_date, revenue). Для каждого дня вычислите накопительную выручку с начала периода.;Использовать SUM(revenue) OVER (ORDER BY sale_date).;"Использовать GROUP BY вместо оконной функции; потерять детализацию по дням.";2026-07-16 00:00:00
BANK_SQL_191;sql;forward_fill;SQL Core;Window Functions;3;AI;Заполнение пропусков;В таблице prices(price_date, price) некоторые значения price отсутствуют. Заполните пропуски последним известным значением цены.;Использовать оконные функции или специализированные возможности СУБД для переноса последнего ненулевого значения вперёд.;"Заполнять все NULL одним значением; использовать LAG без обработки нескольких подряд идущих пропусков.";2026-07-16 00:00:00
BANK_THEORY_126;theory;bayes;Probability;Bayes;3;AI;Спам-фильтр;95% входящих писем являются обычными, 5% — спамом. Фильтр обнаруживает 98% спама и ошибочно помечает как спам 2% обычных писем. Письмо помечено как спам. Какова вероятность, что оно действительно является спамом?;Записать априорные вероятности → вычислить вероятность срабатывания фильтра → применить формулу Байеса.;"Путать P(A|B) и P(B|A); игнорировать базовую долю спама.";2026-07-16 00:00:00
BANK_THEORY_127;theory;bayes;Probability;Bayes;3;AI;Медицинский тест;Распространённость заболевания составляет 1%. Тест имеет чувствительность 99% и специфичность 95%. Пациент получил положительный результат. Какова вероятность, что он действительно болен?;Использовать формулу Байеса с учётом распространённости заболевания.;"Игнорировать базовую вероятность заболевания; считать чувствительность искомой вероятностью.";2026-07-16 00:00:00
BANK_STAT_276;statistics;test_selection;Hypothesis Testing;Test Selection;3;AI;Выбор статистического критерия;Аналитик хочет сравнить средний чек двух независимых групп пользователей. Данные имеют выраженную асимметрию, объём выборок небольшой. Определите, какой статистический критерий следует использовать, и обоснуйте выбор.;Последовательно определить тип переменной, число групп, зависимость выборок, выполнение предпосылок и выбрать критерий.;"Сразу выбирать t-тест без проверки предпосылок; игнорировать распределение данных.";2026-07-16 00:00:00
BANK_STAT_277;statistics;correlation_test_selection;Correlation;Correlation Mesuares;2;AI;Выбор коэффициента корреляции;Для каждой ситуации определите, какой коэффициент корреляции следует использовать: Пирсона, Спирмена или Кендалла. Обоснуйте выбор с учётом типа данных, распределения, выбросов и характера связи.;Для каждого сценария оценить тип переменных и предпосылки, затем выбрать подходящий коэффициент корреляции.;"Использовать Пирсона для порядковых данных или при сильных выбросах; путать монотонную и линейную зависимость.";2026-07-16 00:00:00
BANK_STAT_278;statistics;effect_size;Hypothesis Testing;Decision Making;3;AI;Значимый результат без практической пользы;В A/B-тесте получено p-value = 0.0002 при размере выборки 2 млн пользователей. Прирост конверсии составил 0.02%. Сделайте статистический и бизнес-вывод, используя понятия статистической значимости и размера эффекта.;"Отдельно оценить статистическую значимость и практическую значимость эффекта; объяснить, почему они не всегда совпадают.";"Делать бизнес-вывод только по p-value; игнорировать размер эффекта и масштаб изменений.";2026-07-16 00:00:00
BANK_SQL_192;sql;rank_dense_rank;SQL Core;Window Functions;2;LeetCode;Ранжирование результатов;Дана таблица Scores(id, score). Найдите ранг каждого результата. Результаты должны ранжироваться от наибольшего к наименьшему. Если несколько игроков имеют одинаковый результат, им присваивается одинаковый ранг. После одинаковых результатов следующий ранг должен быть последовательным (без пропусков). Выведите score и rank. Отсортируйте результат по score по убыванию.;Использовать DENSE_RANK() OVER (ORDER BY score DESC).;"Использовать RANK() вместо DENSE_RANK(); сортировать по id вместо score; путать направление сортировки.";2026-07-16 00:00:00
BANK_SQL_193;sql;rank_dense_rank;SQL Core;Window Functions;3;LeetCode;N-я максимальная уникальная зарплата;Дана таблица Employee(id, salary). Напишите функцию, которая возвращает N-ю по величине уникальную зарплату. Если существует меньше N различных зарплат, функция должна вернуть NULL.;Использовать DENSE_RANK() по зарплате, затем выбрать запись с нужным рангом.;"Использовать ROW_NUMBER() или RANK(); не учитывать повторяющиеся зарплаты; возвращать произвольную зарплату вместо NULL.";2026-07-16 00:00:00
BANK_SQL_194;sql;conditional_aggregation;SQL Core;Aggregation;3;LeetCode;Доля отменённых поездок;Даны таблицы Trips и Users. Для каждого дня с 2013-10-01 по 2013-10-03 вычислите долю отменённых поездок среди поездок, в которых и клиент, и водитель не заблокированы. Отменёнными считаются статусы cancelled_by_driver и cancelled_by_client. Выведите Day и Cancellation Rate, округлив показатель до двух знаков.;Отфильтровать незаблокированных клиентов и водителей → сгруппировать по дате → вычислить отношение отменённых поездок к общему количеству через условную агрегацию.;"Не фильтровать заблокированных пользователей; делить на число отменённых поездок вместо общего количества; забывать округление.";2026-07-16 00:00:00
BANK_SQL_195;sql;self_join;SQL Core;Joins;3;AI;Пользователи с общими решёнными задачами;Даны таблицы codesubmit(id, user_id, problem_id, is_false) и users(id, username). Найдите пары пользователей, которые успешно решили (is_false = false) хотя бы три одинаковые задачи. Выведите username_1, username_2, common_problems. Отсортируйте по common_problems по убыванию.;Выполнить self join по успешно решённым задачам, исключить одинаковых пользователей и дубли пар, затем сгруппировать и использовать HAVING COUNT(DISTINCT problem_id) >= 3.;"Не исключать пары (A,B)/(B,A); считать все отправки вместо уникальных задач; учитывать неуспешные решения.";2026-07-16 00:00:00
BANK_SQL_196;sql;forward_fill;SQL Core;Window Functions;3;AI;Курсы валют по каждому дню;Дана таблица exchange_rates(currency, date, rate), где курс записывается только в дни изменения. Для валют USD, EUR и GBP постройте таблицу курсов на каждый день января 2024 (01.01–31.01). Для отсутствующих дней используйте последний известный курс. Выведите currency, date, rate. Отсортируйте по currency, затем по date.;Построить календарь января → выполнить CROSS JOIN с валютами → LEFT JOIN с курсами → заполнить пропуски последним известным значением с помощью оконных функций.;"Не создавать календарь; использовать только LAG, который не работает для нескольких подряд пропусков; заполнять одним значением все строки.";2026-07-16 00:00:00
BANK_SQL_197;sql;aggregation;SQL Core;Aggregation;3;AI;Метрики A/B-теста;Даны таблицы ab_test_users(user_id, variant) и purchases(user_id, purchase_date, amount). Для каждой группы (A и B) вычислите: total_users, buyers, conversion_rate (доля пользователей, совершивших хотя бы одну покупку, округлить до двух знаков) и avg_check (средняя сумма покупки среди покупателей, округлить до одного знака). Выведите variant, total_users, buyers, conversion_rate, avg_check. Отсортируйте по variant.;Соединить пользователей с покупками → определить покупателей → выполнить условную агрегацию по вариантам → вычислить конверсию и средний чек.;"Считать количество покупок вместо количества покупателей; считать средний чек по всем пользователям; неверно вычислять конверсию; забывать округление.";2026-07-16 00:00:00
BANK_STAT_279;statistics;binomial_test;Parametric Analysis;One Sample Tests;1;AI;Честная монета: односторонний тест;Монетку подбросили 10 раз, орёл выпал 1 раз. Проверь гипотезу, что монетка честная (π=0.5) против H₁: π<0.5 на α=0.05. Используй точный биномиальный тест.;H₀: π=0.5, H₁: π<0.5. P(X≤1 | n=10, π=0.5) = P(X=0) + P(X=1) = C(10,0)×0.5¹⁰ + C(10,1)×0.5¹⁰ = (1+10)/1024 = 11/1024 ≈ 0.0107. p=0.0107 < 0.05 → отвергаем H₀. Монетка нечестная, смещена в сторону решки;"Используют двусторонний тест; применяют z-тест для малой выборки; путают P(X≤1) и P(X=1)";2026-07-16 00:00:00
BANK_STAT_280;statistics;binomial_test;Parametric Analysis;One Sample Tests;2;AI;Доля брака при малой выборке;Производитель утверждает что доля брака не превышает 5%. Проверили 20 изделий, обнаружили 3 бракованных. Проверь H₀: π≤0.05 против H₁: π>0.05 на α=0.05. Используй точный биномиальный тест.;H₀: π=0.05 (наихудший случай), H₁: π>0.05. P(X≥3 | n=20, π=0.05) = 1 - P(X≤2) = 1 - [P(0)+P(1)+P(2)]. P(0)=0.95²⁰≈0.358, P(1)=20×0.05×0.95¹⁹≈0.377, P(2)=190×0.0025×0.95¹⁸≈0.189. P(X≤2)≈0.924. p≈1-0.924=0.076 > 0.05 → не отвергаем H₀. Недостаточно доказательств что брак >5%;"Забывают что H₀ с ≤ проверяется в граничной точке π=0.05; используют нормальную аппроксимацию без проверки условий";2026-07-16 00:00:00
BANK_STAT_281;statistics;binomial_test;Parametric Analysis;One Sample Tests;3;AI;Двусторонний тест и сравнение с z-тестом;Из 12 пациентов, принимавших новое лекарство, выздоровели 11. Проверь H₀: π=0.6 (эффективность старого лекарства) против H₁: π≠0.6 на α=0.05. Найди p-value точным биномиальным методом. Сравни результат с z-тестом для одной доли. Какой метод корректнее и почему?;Точный биномиальный: P(X≥11)=P(11)+P(12)=12×0.6¹¹×0.4 + 1×0.6¹² ≈ 12×0.00363×0.4 + 0.00218 ≈ 0.0174+0.0022=0.0196. Двусторонний: ищем значения с вероятностью ≤ P(11) в другом хвосте. P(0)≈0.4¹²<0.00002, P(1)≈12×0.6×0.4¹¹≈0.0003... Суммируем: p≈0.0196+0.0003≈0.020. z-тест: z=(0.917-0.6)/√(0.6×0.4/12)≈0.317/0.141≈2.24, p≈0.025. При n=12 биномиальный тест точнее: z-тест полагается на аппроксимацию, условия n×π₀≥5 и n×(1-π₀)≥5 выполняются (7.2 и 4.8), но граница — лучше точный;"Применяют z-тест не проверяя условия; не знают как считать двусторонний p-value для биномиального теста; просто удваивают односторонний (некорректно при несимметричном распределении)";2026-07-16 00:00:00
BANK_SQL_198;sql;self_join;SQL Core;Joins;2;LeetCode;Определение типа узла дерева;"Дана таблица Tree(id, p_id). Для каждого узла определите его тип: Root — если p_id IS NULL; Leaf — если узел не является родителем ни для одного другого узла; Inner — если узел имеет родителя и одновременно является родителем хотя бы одного узла. Выведите id и type. Результат можно вернуть в любом порядке.";Использовать CASE WHEN совместно с проверкой p_id IS NULL и EXISTS (или LEFT JOIN) для определения наличия дочерних узлов.;"Неверно определять листья; проверять только p_id; не учитывать, что Root тоже может иметь потомков.";
BANK_SQL_199;sql;gaps_islands;SQL Core;Window Functions;3;LeetCode;Последовательные дни высокой посещаемости;Дана таблица Stadium(id, visit_date, people). Найдите все записи, входящие в последовательности из трёх и более подряд идущих id, где количество посетителей people >= 100. Выведите все строки из таких последовательностей. Отсортируйте результат по visit_date по возрастанию.;Отфильтровать записи с people >= 100, выделить острова последовательных id с помощью оконных функций (ROW_NUMBER или разности id и номера строки), оставить группы длиной не менее трёх.;"Искать последовательные даты вместо последовательных id; выводить только первые три строки; не возвращать все записи найденного острова.";
BANK_SQL_200;sql;data_modification;Data Handling;Data Modification;1;LeetCode;Смена пола сотрудников;Дана таблица Salary(id, name, sex, salary). Одним оператором UPDATE поменяйте значения пола: 'm' заменить на 'f', а 'f' — на 'm'. Использование временных таблиц запрещено.;Использовать один UPDATE с выражением CASE WHEN для изменения значений столбца sex.;"Использовать несколько UPDATE; применять временную таблицу; изменять только одно из значений.";
BANK_SQL_201;sql;gaps_islands;SQL Core;Window Functions;1;AI;Самый длинный период без активности;Дана таблица user_activity(user_id, activity_date). Для каждого пользователя найдите максимальный промежуток между двумя соседними днями активности. Выведите user_id и max_gap_days (количество дней без активности между посещениями). Отсортируйте результат по max_gap_days по убыванию.;Использовать LAG(activity_date) для предыдущей даты активности, вычислить разницу между датами и найти максимальное значение для каждого пользователя.;"Не использовать разбиение по пользователю; считать разницу между датами без вычитания одного дня; не сортировать активности перед применением LAG.";
BANK_SQL_202;sql;funnel;Product Analytics;Funnel Analysis;2;AI;Конверсия по шагам воронки;Даны таблицы userentry(id, user_id, entry_at, page_id) и page(id, path, name). Воронка состоит из страниц /login → /catalog → /checkout. Для каждого шага вычислите количество уникальных пользователей (unique_visitors) и конверсию относительно предыдущего шага (conversion_from_previous). Для первого шага конверсия считается равной 100%. Выведите page_name, unique_visitors, conversion_from_previous (округлить до одного знака). Отсортируйте результат в порядке шагов воронки.;Определить пользователей, посетивших каждый шаг, посчитать COUNT(DISTINCT user_id) по каждому этапу, затем вычислить отношение числа пользователей текущего шага к предыдущему.;"Считать количество посещений вместо уникальных пользователей; вычислять конверсию относительно общего числа пользователей; не фиксировать порядок шагов воронки; забывать округление.";
BANK_SQL_203;sql;exists;SQL Core;Subqueries / CTE;2;LeetCode;Товары с продажами за период;Даны таблицы Product(product_id, product_name, unit_price) и Sales(seller_id, product_id, buyer_id, sale_date, quantity, price). Найдите товары, которые продавались только в первом квартале 2019 года. Выведите product_id и product_name.;Использовать NOT EXISTS с коррелированным подзапросом для проверки отсутствия подходящих записей в таблице Sales.;"Использовать NOT IN, не учитывая возможные NULL; забывать корреляцию по product_id; фильтровать после соединения вместо подзапроса.";
BANK_SQL_204;sql;join;SQL Core;Joins;2;LeetCode;Покупки пользователей в 2019 году;Даны таблицы Users(user_id, join_date, favorite_brand), Orders(order_id, order_date, item_id, buyer_id, seller_id) и Items(item_id, item_brand). Для каждого пользователя выведите дату регистрации (join_date) и количество заказов, которые он совершил как покупатель в 2019 году. Пользователи без заказов также должны присутствовать в результате. Результат можно вернуть в любом порядке.;Использовать LEFT JOIN между Users и Orders, ограничить заказы 2019 года и выполнить агрегирование по пользователю.;"Использовать INNER JOIN и потерять пользователей без заказов; фильтровать по году в WHERE вместо условия соединения; считать все заказы независимо от года.";
BANK_SQL_205;sql;pivot_unpivot;Data Handling;Data Reshaping;2;LeetCode;Выручка по месяцам;Дана таблица Department(id, revenue, month), содержащая выручку подразделений по месяцам. Преобразуйте данные так, чтобы каждая строка соответствовала подразделению, а для каждого месяца была отдельная колонка (Jan_Revenue, Feb_Revenue, ..., Dec_Revenue). Верните результат в любом порядке.;Использовать PIVOT или условную агрегацию (SUM(CASE WHEN month='Jan' THEN revenue END) и т.д.).;"Использовать GROUP BY month; не создавать отдельные столбцы; перепутать PIVOT и UNPIVOT.";
BANK_SQL_206;sql;aggregation;SQL Core;Aggregation;2;LeetCode;Общая пройденная дистанция пользователей;Даны таблицы Users(id, name) и Rides(id, user_id, distance). Для каждого пользователя вычислите суммарную пройденную дистанцию. Пользователи без поездок должны иметь значение 0. Выведите name и travelled_distance. Отсортируйте результат по travelled_distance по убыванию, а при равенстве — по name по возрастанию.;"Выполнить LEFT JOIN таблиц Users и Rides, агрегировать SUM(distance), заменить NULL на 0 с помощью COALESCE, затем отсортировать результат. Пример решения:SELECT u.name, COALESCE(SUM(r.distance), 0) AS travelled_distanceFROM users uLEFT JOIN rides r ON u.id = r.user_idGROUP BY u.id, u.nameORDER BY travelled_distance DESC, name;";"Использовать INNER JOIN; не применять COALESCE; забывать агрегирование или сортировку; не включать пользователей без поездок.";
BANK_SQL_207;sql;union_vs_union_all;SQL Theory;Set Operations;1;AI;UNION vs UNION ALL: дубликаты;Таблица orders_2023 (order_id, amount) содержит 500 строк, таблица orders_2024 — 600 строк, из них 50 заказов есть в обеих таблицах (переходящие). Сколько строк вернёт UNION и сколько UNION ALL?;UNION удаляет дубликаты: 500+600-50 = 1050 строк. UNION ALL сохраняет все: 500+600 = 1100 строк. UNION выполняет дополнительную сортировку/хеширование для удаления дубликатов → медленнее;"Думают что UNION всегда даёт 500+600; не учитывают пересечение; не знают про разницу в производительности";
BANK_SQL_208;sql;union_vs_union_all;SQL Theory;Set Operations;2;AI;Производительность UNION;Запрос с UNION на больших таблицах работает значительно медленнее, чем UNION ALL. Объясни, почему. В каком случае можно безопасно заменить UNION на UNION ALL?;UNION выполняет удаление дубликатов: сортировка или хеш-агрегация всего результирующего набора — O(n log n). UNION ALL просто конкатенирует результаты — O(n). Заменить можно если: 1) таблицы гарантированно не пересекаются, 2) дубликаты допустимы по логике задачи, 3) есть уникальный ключ, исключающий пересечение;"Используют UNION ""на всякий случай""; не анализируют могут ли быть дубликаты; жертвуют производительностью";
BANK_SQL_209;sql;union_vs_union_all;SQL Theory;Set Operations;3;AI;Порядок выполнения UNION и сортировка;Запрос: (SELECT * FROM A ORDER BY col1) UNION ALL (SELECT * FROM B ORDER BY col2) ORDER BY col3. Объясни, как работает сортировка: сработают ли ORDER BY внутри подзапросов? Какой ORDER BY влияет на итоговый результат?;ORDER BY внутри отдельных SELECT в UNION игнорируется (синтаксически разрешён, но не гарантирует порядок в итоге). Итоговый порядок определяет только ORDER BY в конце всего UNION. ORDER BY внутри подзапроса может сработать только с LIMIT. Без LIMIT оптимизатор вправе игнорировать внутреннюю сортировку;"Ставят ORDER BY в каждом SELECT и думают что итог будет отсортирован частями; не знают про LIMIT-трюк";
BANK_SQL_210;sql;cte_subquery;SQL Theory;Query Structure;1;AI;CTE vs подзапрос: читаемость;Перепиши запрос с вложенным подзапросом на CTE: SELECT * FROM orders WHERE customer_id IN (SELECT customer_id FROM (SELECT customer_id, SUM(amount) FROM orders GROUP BY customer_id HAVING SUM(amount) > 1000) AS vip).;WITH vip AS (SELECT customer_id FROM orders GROUP BY customer_id HAVING SUM(amount) > 1000) SELECT * FROM orders WHERE customer_id IN (SELECT customer_id FROM vip). CTE улучшает читаемость, позволяет переиспользовать результат в нескольких местах запроса;"Пишут CTE но всё равно вкладывают подзапросы; не используют CTE для повторного использования";
BANK_SQL_211;sql;cte_subquery;SQL Theory;Query Structure;2;AI;CTE vs подзапрос: производительность;Объясни разницу в поведении CTE и подзапроса в PostgreSQL с точки зрения оптимизатора. В каком случае CTE может замедлить запрос?;В PostgreSQL CTE по умолчанию материализуется (optimization fence) — выполняется один раз, результат сохраняется. Подзапрос встраивается в основной запрос и оптимизируется совместно. CTE может замедлить если: 1) основная часть запроса могла бы использовать индексы и фильтры (CTE лишает этой возможности), 2) CTE возвращает много строк. С PostgreSQL 12+ можно указать MATERIALIZED / NOT MATERIALIZED;"Думают что CTE всегда быстрее; не знают про optimization fence";
BANK_SQL_212;sql;cte_subquery;SQL Theory;Query Structure;3;AI;Коррелированный подзапрос: когда уместен;"Сравни коррелированный подзапрос и CTE с JOIN для задачи: ""найти заказы с суммой выше средней по своему городу"". Когда коррелированный подзапрос предпочтительнее?";Коррелированный: SELECT * FROM orders o WHERE amount > (SELECT AVG(amount) FROM orders WHERE city = o.city). Выполняется для каждой строки внешнего запроса. CTE+JOIN: WITH avg AS (SELECT city, AVG(amount) FROM orders GROUP BY city) SELECT o.* FROM orders o JOIN avg ON o.city=avg.city AND o.amount>avg.avg. Коррелированный подзапрос предпочтительнее при малом числе строк внешнего запроса и индексе по city. При большом числе строк — JOIN эффективнее;"Всегда избегают коррелированных подзапросов; не анализируют план выполнения";
BANK_SQL_213;sql;funnel;Product Analytics;Funnel Analysis;1;AI;Простая воронка: три шага;Таблица events (user_id, event_name, event_time). Посчитай, сколько уникальных пользователей совершили события 'page_view', 'add_to_cart' и 'purchase'. Выведи: event_name, user_count.;SELECT event_name, COUNT(DISTINCT user_id) AS user_count FROM events WHERE event_name IN ('page_view', 'add_to_cart', 'purchase') GROUP BY event_name ORDER BY FIELD(event_name, 'page_view', 'add_to_cart', 'purchase');"Считают общее количество событий а не уникальных пользователей; не сортируют по порядку воронки";
BANK_SQL_214;sql;funnel;Product Analytics;Funnel Analysis;2;AI;Воронка с конверсией между шагами;"На основе предыдущей задачи посчитай конверсию: от page_view к add_to_cart и от add_to_cart к purchase. Сколько пользователей ""потерялось"" на каждом шаге?";WITH counts AS (SELECT event_name, COUNT(DISTINCT user_id) AS users FROM events WHERE event_name IN ('page_view', 'add_to_cart', 'purchase') GROUP BY event_name) SELECT 'page_view' AS step, users FROM counts UNION ALL SELECT 'add_to_cart', users, ROUND(100.0*users/prev,1) ... Использовать LAG для расчёта конверсии. page_view→add_to_cart: users_add/users_view×100%. Потери: users_view - users_add;"Забывают что воронка идёт по пользователям а не по событиям; считают конверсию как отношение к общему числу а не к предыдущему шагу";
BANK_SQL_215;sql;funnel;Product Analytics;Funnel Analysis;3;AI;Последовательная воронка с условием порядка;Таблица events (user_id, event_name, event_time). Построй воронку: пользователь должен пройти шаги СТРОГО ПОСЛЕДОВАТЕЛЬНО (page_view → add_to_cart → purchase). Учитывай только тех, кто совершил шаги в правильном порядке (add_to_cart ПОСЛЕ page_view, purchase ПОСЛЕ add_to_cart).;WITH ordered AS (SELECT user_id, event_name, event_time, ROW_NUMBER() OVER (PARTITION BY user_id ORDER BY event_time) AS rn FROM events WHERE event_name IN ('page_view','add_to_cart','purchase')), funnel AS (SELECT user_id, STRING_AGG(event_name ORDER BY event_time) AS path FROM events WHERE event_name IN ('page_view','add_to_cart','purchase') GROUP BY user_id) SELECT COUNT(*) FILTER (WHERE path LIKE '%page_view%add_to_cart%purchase%') AS full_funnel, COUNT(*) FILTER (WHERE path LIKE '%page_view%add_to_cart%') AS to_cart, COUNT(*) FILTER (WHERE path LIKE '%page_view%') AS to_view FROM funnel;"Считают события без учёта порядка; пользователь мог добавить в корзину до просмотра страницы — это невалидный шаг";
BANK_SQL_216;sql;data_modification;Data Handling;Data Modification;1;AI;Обновление по условию;Таблица products (product_id, price, category_id). Увеличь цену на 10% для всех товаров категории 5. Напиши запрос.;UPDATE products SET price = price * 1.10 WHERE category_id = 5. Для проверки: SELECT product_id, price FROM products WHERE category_id = 5 — сравнить до и после;"Забывают WHERE и обновляют всю таблицу; не используют транзакцию для проверки перед COMMIT";
BANK_SQL_217;sql;data_modification;Data Handling;Data Modification;2;AI;Массовое обновление с подзапросом;Таблицы: products (product_id, price, category_id), discounts (category_id, discount_pct). Примени скидку из таблицы discounts к ценам в products. Для категорий без скидки цена не меняется.;UPDATE products p SET price = price * (1 - d.discount_pct / 100.0) FROM discounts d WHERE p.category_id = d.category_id. Для проверки: SELECT p.*, d.discount_pct FROM products p LEFT JOIN discounts d ON p.category_id = d.category_id;"Используют подзапрос вместо FROM/JOIN; забывают что категории без скидки не должны обновиться (не WHERE, а FROM с JOIN)";
BANK_SQL_218;sql;data_modification;Data Handling;Data Modification;3;AI;Удаление дублей с сохранением;Таблица users содержит дубли по email. Удали дубликаты, оставив запись с максимальным user_id. Напиши DELETE-запрос.;DELETE FROM users WHERE user_id NOT IN (SELECT MAX(user_id) FROM users GROUP BY email). Или через CTE: WITH ranked AS (SELECT user_id, ROW_NUMBER() OVER (PARTITION BY email ORDER BY user_id DESC) AS rn FROM users) DELETE FROM users WHERE user_id IN (SELECT user_id FROM ranked WHERE rn > 1). В PostgreSQL лучше через USING с подзапросом;"Удаляют через NOT IN без учёта NULL; не проверяют что осталась ровно одна запись на email";
BANK_SQL_219;sql;database_normalization;SQL Theory;Data Modeling;1;AI;Пример нарушения 1NF;Таблица students: student_id, name, phone_numbers ('8903-111-22-33, 8916-444-55-66'). Какая нормальная форма нарушена? Как исправить?;Нарушена 1NF: в ячейке хранится список значений (не атомарно). Решение: вынести телефоны в отдельную таблицу student_phones (student_id, phone_number) с составным ключом или отдельным id. Один студент → много телефонов;"Думают что 1NF нарушается только если есть повторяющиеся группы колонок; не замечают множественные значения в одной ячейке";
BANK_SQL_220;sql;database_normalization;SQL Theory;Data Modeling;2;AI;Нарушение 2NF: частичная зависимость;Таблица order_items: order_id, product_id, product_name, category_id, quantity, price. Ключ: (order_id, product_id). Какая нормальная форма нарушена? Как исправить?;Нарушена 2NF: product_name и category_id зависят только от product_id (часть ключа), а не от всего составного ключа. Решение: вынести product_name и category_id в таблицу products (product_id, product_name, category_id). В order_items оставить order_id, product_id, quantity, price;"Путают 2NF и 3NF; не понимают что частичная зависимость — это зависимость от ЧАСТИ ключа";
BANK_SQL_221;sql;database_normalization;SQL Theory;Data Modeling;3;AI;Нарушение 3NF: транзитивная зависимость;Таблица employees: emp_id (PK), name, dept_id, dept_name, dept_location. Какая нормальная форма нарушена? Какая аномалия может возникнуть? Как исправить?;Нарушена 3NF: dept_name и dept_location зависят от dept_id, который не является ключом (транзитивная зависимость: emp_id → dept_id → dept_name). Аномалия: при удалении последнего сотрудника отдела теряем информацию об отделе. Решение: вынести dept_name, dept_location в таблицу departments (dept_id PK, dept_name, dept_location);"Путают транзитивную и частичную зависимость; не видят аномалии удаления";
BANK_SQL_222;sql;transactions_acid;SQL Theory;Transactions;1;AI;Атомарность транзакции;Объясни на примере банковского перевода, что такое атомарность. Что произойдёт при сбое между списанием и зачислением?;"Атомарность: транзакция либо выполняется полностью, либо не выполняется вообще. Пример: перевод 1000₽ со счёта A на счёт B. Списание с A и зачисление на B — в одной транзакции. При сбое после списания но до зачисления — ROLLBACK, деньги возвращаются на A. Без атомарности деньги бы ""исчезли""";"Думают что каждая операция фиксируется отдельно; не понимают что BEGIN...COMMIT делает группу операций атомарной";
BANK_SQL_223;sql;transactions_acid;SQL Theory;Transactions;2;AI;Уровни изоляции и грязное чтение;Объясни, что такое грязное чтение (dirty read). Какой уровень изоляции его предотвращает? Приведи пример сценария.;"Грязное чтение: транзакция A читает незакоммиченные изменения транзакции B. Если B откатится, A прочитала данные которых ""не существует"". Предотвращается уровнем READ COMMITTED (и выше). Пример: B обновила баланс с 100 на 50, но не закоммитила. A прочитала 50. B откатилась. A приняла решение на основе некорректных данных";"Путают грязное чтение и неповторяющееся чтение; думают что READ COMMITTED предотвращает всё";
BANK_SQL_224;sql;transactions_acid;SQL Theory;Transactions;3;AI;Deadlock и способы решения;Две транзакции пытаются обновить одни и те же строки в разном порядке. Объясни, что такое deadlock и как его избежать. Приведи пример.;Deadlock: транзакция A блокирует строку 1, хочет строку 2. Транзакция B блокирует строку 2, хочет строку 1. Обе ждут друг друга бесконечно. Решения: 1) всегда блокировать строки в одном порядке (по id), 2) использовать таймауты, 3) уменьшить длительность транзакций, 4) использовать SELECT FOR UPDATE с NOWAIT. PostgreSQL автоматически обнаруживает deadlock и откатывает одну из транзакций;"Думают что deadlock это просто долгое ожидание; не понимают цикличности; не знают что СУБД умеет разруливать";
