task_code;domain;pattern;pattern_group;pattern_subgroup;difficulty;title;prompt;loaded_to_db_at
PROB_2005_01;theory;conditional_probability;Probability;Conditional;2;Кубики — хотя бы один = 6;условие меняет пространство исходов;2026-07-16 00:00:00
PROB_2005_04;theory;conditional_probability;Probability;Conditional;2;Карты — хотя бы один туз;условие меняет пространство исходов;2026-07-16 00:00:00
PROB_2005_02;theory;bayes;Probability;Bayes;2;Болезнь + тест;наблюдение → восстановить причину;2026-07-16 00:00:00
PROB_2005_03;theory;multistage_probability;Probability;Bayes;2;Перекладывание шаров;Перекладывание шаров;2026-07-16 00:00:00
PROB_2005_05;theory;combinatorics;Probability;Basics;1;Комитеты;Комитеты;2026-07-16 00:00:00
PROB_2005_06;theory;binomial;Distributions;Discrete;1;Биномиальное распределение;Биномиальное распределение;2026-07-16 00:00:00
PROB_2005_07;theory;geometric;Distributions;Discrete;1;Геометрическое распределение;Геометрическое распределение;2026-07-16 00:00:00
PROB_2005_08;theory;poisson;Distributions;Discrete;1;Пуассон;Пуассон;2026-07-16 00:00:00
SQL_2005_08;sql;join;SQL Core;Joins;1;JOIN база;объединение таблиц;2026-07-16 00:00:00
SQL_2005_01;sql;window_functions;SQL Core;Window Functions;2;Window functions;сравнение внутри группы;2026-07-16 00:00:00
SQL_2205_01;sql;gaps_islands;SQL Core;Window Functions;3;Longest streak;непрерывные серии событий;2026-07-16 00:00:00
SQL_2005_04;sql;as_of_join;SQL Core;Joins;3;Цена на момент покупки;объединение таблиц;2026-07-16 00:00:00
SQL_2005_06;sql;rolling_window;SQL Core;Time Series;2;Rolling 7 days;окно по календарным дням;2026-07-16 00:00:00
SQL_2005_07;sql;window_functions;SQL Core;Window Functions;2;Window functions;сравнение внутри группы;2026-07-16 00:00:00
SQL_2105_01;sql;retention;Product Analytics;User Lifecycle;2;Day1 / Day7 retention;регистрация → активность → удержание;2026-07-16 00:00:00
SQL_2005_02;sql;anti_join;SQL Core;Joins;2;Пользователи без покупок;объединение таблиц;2026-07-16 00:00:00
PROB_1905_01;theory;conditional_probability;Probability;Conditional;2;Кубики — хотя бы один = 4;условие меняет пространство исходов;2026-07-16 00:00:00
PROB_1905_02;theory;bayes;Probability;Bayes;2;Болезнь + тест (2%, 95%, 3%);наблюдение → восстановить причину;2026-07-16 00:00:00
PROB_1905_03;theory;multistage_probability;Probability;Bayes;2;Перекладывание шаров;Перекладывание шаров;2026-07-16 00:00:00
PROB_1905_04;theory;conditional_probability;Probability;Conditional;2;Карты — хотя бы один король;условие меняет пространство исходов;2026-07-16 00:00:00
PROB_1905_05;theory;combinatorics;Probability;Basics;1;Пароли длины 4;Пароли длины 4;2026-07-16 00:00:00
PROB_1905_06;theory;binomial;Distributions;Discrete;1;Ровно 3 орла из 7;Ровно 3 орла из 7;2026-07-16 00:00:00
PROB_1905_07;theory;geometric;Distributions;Discrete;1;Первый успех на 4 попытке;Первый успех на 4 попытке;2026-07-16 00:00:00
PROB_1905_08;theory;poisson;Distributions;Discrete;1;Ровно 2 сообщения;Ровно 2 сообщения;2026-07-16 00:00:00
PROB_1905_09;theory;classical_probability;Probability;Basics;1;3 ребёнка — хотя бы один мальчик;3 ребёнка — хотя бы один мальчик;2026-07-16 00:00:00
STAT_1905_01;statistics;p_value;Hypothesis Testing;Foundations;2;Конверсия выросла 10% → 11%, p=0.2;Конверсия выросла 10% → 11%, p=0.2;2026-07-16 00:00:00
STAT_1905_02;statistics;central_limit_theorem;Hypothesis Testing;Foundations;1;Изменение выборки → изменение SE;Изменение выборки → изменение SE;2026-07-16 00:00:00
STAT_1905_03;statistics;statistical_power;Hypothesis Testing;Decision Making;2;Фиксированный эффект → SE → t → p-value;Фиксированный эффект → SE → t → p-value;2026-07-16 00:00:00
STAT_1905_04;statistics;effect_size;Hypothesis Testing;Decision Making;2;Значимо ≠ полезно;Значимо ≠ полезно;2026-07-16 00:00:00
STAT_1905_05;statistics;one_sample_test_selection;Parametric Analysis;One Sample Tests;2;Выбор статистического теста;Выбор статистического теста;2026-07-16 00:00:00
STAT_1905_06;statistics;type1_type2;Hypothesis Testing;Decision Making;1;Ошибки 1 и 2 рода;Ошибки 1 и 2 рода;2026-07-16 00:00:00
STAT_1905_07;statistics;p_value;Hypothesis Testing;Foundations;2;Ловушки формулировок p-value;Ловушки формулировок p-value;2026-07-16 00:00:00
STAT_2005_01;statistics;ecdf;Descriptive Statistics;ECDF;2;ЭФР — интерпретация;ЭФР — интерпретация;2026-07-16 00:00:00
STAT_2005_02;statistics;ecdf;Descriptive Statistics;ECDF;2;ЭФР — построение руками;ЭФР — построение руками;2026-07-16 00:00:00
STAT_2005_03;statistics;central_limit_theorem;Hypothesis Testing;Foundations;2;Можно ли применять ЦПТ;Можно ли применять ЦПТ;2026-07-16 00:00:00
STAT_2005_04;statistics;central_limit_theorem;Hypothesis Testing;Foundations;2;Рост n → SE → стабильность;Рост n → SE → стабильность;2026-07-16 00:00:00
PROB_2005_09;theory;density_interpretation;Distributions;Distribution Functions;2;ЭФР vs теоретическая ФР;ЭФР vs теоретическая ФР;2026-07-16 00:00:00
STAT_2005_06;statistics;central_limit_theorem;Hypothesis Testing;Foundations;2;Почему ЦПТ помогает t-тесту;Почему ЦПТ помогает t-тесту;2026-07-16 00:00:00
STAT_2005_07;statistics;central_limit_theorem;Hypothesis Testing;Foundations;2;p-value + ЦПТ;p-value + ЦПТ;2026-07-16 00:00:00
SQL_2105_02;sql;basic_string_functions;Data Handling;Strings;1;фильтрация строк;фильтрация строк;2026-07-16 00:00:00
SQL_2105_03;sql;retention;Product Analytics;User Lifecycle;2;дни с первой транзакции + флаг нового клиента;дни с первой транзакции + флаг нового клиента;2026-07-16 00:00:00
SQL_2105_04;sql;pivot_unpivot;Data Handling;Data Reshaping;2;long → wide;преобразование строк и столбцов;2026-07-16 00:00:00
STAT_2105_01;statistics;point_estimation;Estimation;Point Estimation;2;Выборочное среднее как оценка;Выборочное среднее как оценка;2026-07-16 00:00:00
STAT_2105_02;statistics;interval_estimation;Estimation;Confidence Intervals;2;Интервал и его смысл;Интервал и его смысл;2026-07-16 00:00:00
STAT_2105_03;statistics;parameter_vs_statistic;Estimation;Estimation Concepts;1;Отличить параметр от статистики;Отличить параметр от статистики;2026-07-16 00:00:00
STAT_2105_04;statistics;point_estimation;Estimation;Point Estimation;2;Что именно оцениваем;Что именно оцениваем;2026-07-16 00:00:00
STAT_2105_05;statistics;parameter_vs_statistic;Estimation;Estimation Concepts;2;Почему оценка лучше числа;Почему оценка лучше числа;2026-07-16 00:00:00
STAT_2105_06;statistics;parameter_vs_statistic;Estimation;Estimation Concepts;2;Свойства оценок;Свойства оценок;2026-07-16 00:00:00
STAT_2105_07;statistics;parameter_vs_statistic;Estimation;Estimation Concepts;1;Связать оценку + статистику + параметр;Связать оценку + статистику + параметр;2026-07-16 00:00:00
STAT_2105_08;statistics;sampling_design;Experimental Design;Sampling;1;Почему используем выборки;Почему используем выборки;2026-07-16 00:00:00
PROB_2105_09;theory;expectation;Expectation & Variance;Expectation;1;Математическое ожидание;ожидаемое значение;2026-07-16 00:00:00
PROB_2105_10;theory;variance;Expectation & Variance;Variance;2;Дисперсия случайной величины;оценить разброс;2026-07-16 00:00:00
PROB_2105_11;theory;binomial;Distributions;Discrete;1;Биномиальное распределение — реальные данные;Биномиальное распределение — реальные данные;2026-07-16 00:00:00
PROB_2105_12;theory;geometric;Distributions;Discrete;1;Ожидание до первого успеха;ожидаемое значение;2026-07-16 00:00:00
PROB_2105_13;theory;poisson;Distributions;Discrete;1;Пуассон → матожидание и дисперсия;Пуассон → матожидание и дисперсия;2026-07-16 00:00:00
STAT_2105_14;statistics;mean_vs_median;Descriptive Statistics;Central Tendency;1;Среднее vs медиана;Среднее vs медиана;2026-07-16 00:00:00
STAT_2105_15;statistics;outliers;Descriptive Statistics;Z-score For Outliers;1;Влияние выбросов;Влияние выбросов;2026-07-16 00:00:00
PROB_2105_16;theory;expectation;Expectation & Variance;Expectation;1;Линейность матожидания;ожидаемое значение;2026-07-16 00:00:00
PROB_2105_17;theory;variance;Expectation & Variance;Variance;2;Интерпретация дисперсии;оценить разброс;2026-07-16 00:00:00
PROB_2105_18;theory;z_score;Distributions;Normal Distribution;1;Интерпретация z-score;Интерпретация z-score;2026-07-16 00:00:00
PROB_2105_01;theory;expectation;Expectation & Variance;Expectation;2;Матожидание для принятия решения;ожидаемое значение;2026-07-16 00:00:00
SQL_2205_02;sql;cross_join;SQL Core;Joins;2;Все комбинации без продаж;объединение таблиц;2026-07-16 00:00:00
SQL_2205_03;sql;date_functions;Data Handling;Dates;1;Работа с месяцами;Работа с месяцами;2026-07-16 00:00:00
STAT_2205_01;statistics;mean_vs_median;Descriptive Statistics;Central Tendency;1;Среднее vs медиана → выбросы;Среднее vs медиана → выбросы;2026-07-16 00:00:00
PROB_2205_02;theory;z_score;Distributions;Normal Distribution;1;Z-score + интерпретация;Z-score + интерпретация;2026-07-16 00:00:00
STAT_2205_03;statistics;statistical_power;Hypothesis Testing;Decision Making;2;Можно ли выкатывать B;Можно ли выкатывать B;2026-07-16 00:00:00
PROB_2205_05;theory;expectation;Expectation & Variance;Expectation;1;Ожидаемое число событий;ожидаемое значение;2026-07-16 00:00:00
PROB_2205_06;theory;correlation_interpretation;Dependence;Covariance;1;Корреляция ≠ причинность;Корреляция ≠ причинность;2026-07-16 00:00:00
STAT_2205_08;statistics;hypothesis_formulation;Hypothesis Testing;Foundations;1;H0/H1;H0/H1;2026-07-16 00:00:00
PROB_2205_01;theory;expectation_variance;Expectation & Variance;Variance;2;E(X)+Var(X);ожидаемое значение;2026-07-16 00:00:00
PROB_2205_07;theory;expectation;Expectation & Variance;Expectation;1;Ожидаемое число кликов;ожидаемое значение;2026-07-16 00:00:00
STAT_2205_09;statistics;p_value;Hypothesis Testing;Foundations;2;p-value и выкатка;p-value и выкатка;2026-07-16 00:00:00
STAT_2205_10;statistics;one_sample_test_selection;Parametric Analysis;One Sample Tests;3;Как выбрать модель;Как выбрать модель;2026-07-16 00:00:00
SQL_2305_01;sql;retention;Product Analytics;User Lifecycle;2;Вернулся хотя бы один раз после дня N;регистрация → активность → удержание;2026-07-16 00:00:00
SQL_2305_02;sql;regex;Data Handling;Strings;2;Выделение домена из email;извлечение и очистка строк через regex;2026-07-16 00:00:00
SQL_2305_03;sql;aggregation;SQL Core;Aggregation;1;Найти минимум по группе;Найти минимум по группе;2026-07-16 00:00:00
SQL_2305_04;sql;aggregation;SQL Core;Aggregation;2;Сумма + среднее + последний заказ;Сумма + среднее + последний заказ;2026-07-16 00:00:00
SQL_2305_05;sql;conditional_aggregation;SQL Core;Aggregation;2;Процент дозвона;агрегаты с CASE/FILTER для расчета долей и метрик;2026-07-16 00:00:00
SQL_2505_01;sql;anti_join;SQL Core;Joins;2;Нет заказов 60 дней;Нет заказов 60 дней;2026-07-16 00:00:00
SQL_2505_02;sql;topn_per_group;SQL Core;Window Functions;1;Top-N по агрегату;сравнение внутри группы;2026-07-16 00:00:00
SQL_2505_03;sql;rank_dense_rank;SQL Core;Window Functions;3;Среднее → rank;Среднее → rank;2026-07-16 00:00:00
SQL_2505_04;sql;row_number;SQL Core;Window Functions;2;Второй заказ;найти дату и сумму второго события;2026-07-16 00:00:00
SQL_2505_05;sql;having;SQL Core;Aggregation;1;count + sum + last event;count + sum + last event;2026-07-16 00:00:00
SQL_2505_06;sql;running_aggregates;SQL Core;Window Functions;2;Баланс нарастающим итогом;Баланс нарастающим итогом;2026-07-16 00:00:00
SQL_2605_01;sql;percentile_functions;SQL Core;Window Functions;2;percentile_cont vs disc;percentile_cont vs disc;2026-07-16 00:00:00
SQL_2605_02;sql;string_concat;Data Handling;Strings;1;ФИО;ФИО;2026-07-16 00:00:00
SQL_2605_03;sql;aggregation;SQL Core;Aggregation;2;Уроки + агрегаты;Уроки + агрегаты;2026-07-16 00:00:00
SQL_2605_04;sql;retention;Product Analytics;User Lifecycle;2;Первые 30 дней;сравнение внутри группы;2026-07-16 00:00:00
SQL_2605_05;sql;row_number;SQL Core;Window Functions;3;Последний фильм;Последний фильм;2026-07-16 00:00:00
SQL_2705_01;sql;aggregation;SQL Core;Aggregation;1;Все попытки неправильные;;2026-07-16 00:00:00
SQL_2705_02;sql;running_aggregates;SQL Core;Window Functions;3;Баланс начисления − списания;;2026-07-16 00:00:00
SQL_2705_03;sql;conditional_aggregation;SQL Core;Aggregation;2;Начали → ответили;начали vs ответили хотя бы один раз;2026-07-16 00:00:00
SQL_2705_04;sql;weighted_average;SQL Core;Aggregation;2;Взвешенное среднее;;2026-07-16 00:00:00
SQL_2705_05;sql;conditional_aggregation;SQL Core;Aggregation;2;Доля успешных отправок;success rate через CASE внутри aggregate;2026-07-16 00:00:00
SQL_2705_06;sql;row_number;SQL Core;Window Functions;3;Первая транзакция;найти первый event пользователя;2026-07-16 00:00:00
SQL_2705_07;sql;percentile_functions;SQL Core;Window Functions;2;Медианное время;медиана интервала между событиями;2026-07-16 00:00:00
SQL_2805_01;sql;topn_per_group;SQL Core;Window Functions;1;Самый дорогой заказ;top-1 внутри группы через row_number;2026-07-16 00:00:00
SQL_2805_02;sql;retention;Product Analytics;User Lifecycle;2;Когорты покупок;первая покупка → diff по месяцам;2026-07-16 00:00:00
SQL_2805_03;sql;rank_dense_rank;SQL Core;Window Functions;2;Вторая зарплата;найти второе максимальное значение;2026-07-16 00:00:00
PROB_2805_01;theory;independence;Probability;Conditional;1;Независимость событий;проверить независимость через P(A∩B)=P(A)P(B);2026-07-16 00:00:00
PROB_2805_02;theory;conditional_probability;Probability;Conditional;2;Красная карта;известно условие → пересчитать пространство исходов;2026-07-16 00:00:00
PROB_2805_03;theory;bayes;Probability;Bayes;2;Болезнь и тест;положительный тест → вероятность болезни;2026-07-16 00:00:00
PROB_2805_04;theory;bayes;Probability;Bayes;2;Шулерская кость;наблюдение обновляет вероятность гипотезы;2026-07-16 00:00:00
SQL_2905_01;sql;aggregation;SQL Core;Aggregation;3;Спящие киты;высокий LTV и нет активности N дней;2026-07-16 00:00:00
SQL_2905_02;sql;row_number;SQL Core;Window Functions;3;Последний статус;взять последнюю запись пользователя;2026-07-16 00:00:00
SQL_2905_03;sql;deduplication;Data Modeling;Data Quality;2;Удаление дублей;оставить последнюю запись по ключу;2026-07-16 00:00:00
PROB_0106_01;theory;distribution_properties;Distributions;Distribution Concepts;1;Определение распределений;по сюжету определить распределение;2026-07-16 00:00:00
PROB_0106_02;theory;poisson;Distributions;Discrete;1;Пуассон;вероятность числа событий;2026-07-16 00:00:00
PROB_0106_03;theory;uniform_distribution;Distributions;Continuous;1;Равномерное распределение;среднее и вероятность интервала;2026-07-16 00:00:00
PROB_0106_04;theory;geometric;Distributions;Discrete;1;Геометрическое ожидание;среднее число попыток;2026-07-16 00:00:00
PROB_0106_05;theory;exponential_distribution;Distributions;Continuous;2;Экспоненциальное распределение;λ и вероятности ожидания;2026-07-16 00:00:00
PROB_0106_07;theory;normal_distribution;Distributions;Continuous;1;Нормальное распределение;z-score и вероятности;2026-07-16 00:00:00
PROB_0106_06;theory;distribution_concept;Distributions;Distribution Concepts;1;Пуассон ↔ экспонента;связь числа событий и времени;2026-07-16 00:00:00
PROB_0106_08;theory;sigma_rule;Distributions;Normal Distribution;1;Правило сигм;интервалы и хвосты;2026-07-16 00:00:00
PROB_0106_09;theory;distribution_properties;Distributions;Distribution Concepts;1;Связи распределений;Бернулли → биномиальное и др.;2026-07-16 00:00:00
STAT_0106_01;statistics;variable_types;Descriptive Statistics;Data Types;1;Типы переменных;определить тип переменной;2026-07-16 00:00:00
STAT_0106_02;statistics;sampling_design;Experimental Design;Sampling;1;Выборка;выбрать способ формирования выборки;2026-07-16 00:00:00
PROB_0106_10;theory;classical_probability;Probability;Basics;1;Хотя бы один успех;вероятность через дополнение;2026-07-16 00:00:00
PROB_0106_11;theory;bayes;Probability;Bayes;2;Руководитель и пол;причина по наблюдению;2026-07-16 00:00:00
PROB_0106_12;theory;distribution_properties;Distributions;Distribution Concepts;1;Подбор распределения;сопоставить ситуацию и распределение;2026-07-16 00:00:00
STAT_0106_07;statistics;mean_vs_median;Descriptive Statistics;Central Tendency;1;Среднее, медиана, мода;анализ распределения данных;2026-07-16 00:00:00
SQL_0106_01;sql;row_number;SQL Core;Window Functions;3;Первый статус;взять первую запись пользователя;2026-07-16 00:00:00
SQL_0106_02;sql;conditional_aggregation;SQL Core;Aggregation;2;Начал → ответил → завершил;построить этапы прохождения теста;2026-07-16 00:00:00
SQL_0106_03;sql;aggregation;SQL Core;Aggregation;2;Пользователи по темам;агрегировать уникальные сущности;2026-07-16 00:00:00
SQL_0106_04;sql;gaps_islands;SQL Core;Window Functions;3;Самая длинная серия;максимальный streak пользователя;2026-07-16 00:00:00
SQL_0106_05;sql;rolling_window;SQL Core;Time Series;2;Rolling 30 дней;окно по календарному интервалу;2026-07-16 00:00:00
SQL_0106_06;sql;anti_join;SQL Core;Joins;2;Нет событий в периоде;найти отсутствующие продажи;2026-07-16 00:00:00
SQL_0106_07;sql;aggregation;SQL Core;Aggregation;1;Среднемесячный показатель;агрегировать по месяцам;2026-07-16 00:00:00
SQL_0106_08;sql;simple_filtering;SQL Core;Basics;1;Фильтрация диапазона;отбор по условию;2026-07-16 00:00:00
SQL_0106_09;sql;date_functions;Data Handling;Dates;1;Фильтрация дат;отбор по периоду;2026-07-16 00:00:00
SQL_0106_10;sql;conditional_aggregation;SQL Core;Aggregation;2;Quality и percentage;агрегаты по условиям;2026-07-16 00:00:00
SQL_0106_11;sql;conditional_aggregation;SQL Core;Aggregation;2;Approved transactions;условные агрегаты и NULL;2026-07-16 00:00:00
PROB_0306_01;theory;uniform_distribution;Distributions;Continuous;1;Равномерное распределение;плотность, функция распределения и вероятности;2026-07-16 00:00:00
PROB_0306_02;theory;uniform_distribution;Distributions;Continuous;1;Свойства Uniform;матожидание, дисперсия, вероятности;2026-07-16 00:00:00
PROB_0306_03;theory;exponential_distribution;Distributions;Continuous;2;Экспоненциальное распределение;λ, среднее время и вероятности;2026-07-16 00:00:00
PROB_0306_04;theory;exponential_distribution;Distributions;Continuous;2;Свойства Exponential;связь среднего и интенсивности;2026-07-16 00:00:00
STAT_0306_05;statistics;variable_types;Descriptive Statistics;Data Types;1;Типы переменных (аэропорт);определить типы данных;2026-07-16 00:00:00
STAT_0306_06;statistics;sampling_design;Experimental Design;Sampling;1;Дизайн выборки;спроектировать репрезентативную выборку;2026-07-16 00:00:00
STAT_0306_01;statistics;mean_vs_median;Descriptive Statistics;Central Tendency;1;Среднее, медиана, выбросы;анализ распределения данных;2026-07-16 00:00:00
PROB_0306_07;theory;independence;Probability;Conditional;2;Вероятность отсутствия сбоев;вероятность за несколько независимых периодов;2026-07-16 00:00:00
PROB_0306_08;theory;bayes;Probability;Bayes;2;Редкое заболевание;применение формулы Байеса;2026-07-16 00:00:00
PROB_0306_09;theory;distribution_properties;Distributions;Distribution Concepts;1;Соотнесение распределений;распознать распределение по описанию;2026-07-16 00:00:00
PROB_0306_10;theory;uniform_distribution;Distributions;Continuous;1;Равномерное распределение;плотность, функция распределения и вероятности;2026-07-16 00:00:00
PROB_0306_11;theory;uniform_distribution;Distributions;Continuous;1;Свойства Uniform;матожидание, дисперсия, вероятности;2026-07-16 00:00:00
PROB_0306_12;theory;exponential_distribution;Distributions;Continuous;2;Экспоненциальное распределение;λ, среднее время и вероятности;2026-07-16 00:00:00
PROB_0306_13;theory;exponential_distribution;Distributions;Continuous;2;Свойства Exponential;связь среднего и интенсивности;2026-07-16 00:00:00
PROB_0406_01;theory;covariance;Dependence;Covariance;2;Ковариация и корреляция;вычислить E(X), E(Y), Cov, Corr;2026-07-16 00:00:00
PROB_0406_02;theory;correlation;Dependence;Covariance;2;Формулы ковариации и корреляции;Corr и Var(X+Y);2026-07-16 00:00:00
PROB_0406_03;theory;correlation_interpretation;Dependence;Covariance;1;Корреляция ≠ независимость;понимание ограничений корреляции;2026-07-16 00:00:00
PROB_0406_04;theory;expectation_variance;Expectation & Variance;Variance;2;Матожидание и дисперсия;вычисление через закон распределения;2026-07-16 00:00:00
PROB_0406_05;theory;conditional_probability;Probability;Conditional;2;Карты и условная вероятность;вероятность после получения информации;2026-07-16 00:00:00
PROB_0406_06;theory;bayes;Probability;Bayes;2;Байес с шулерской костью;обновление вероятностей;2026-07-16 00:00:00
PROB_0406_07;theory;poisson;Distributions;Discrete;1;Пуассон;вероятность хотя бы одного события;2026-07-16 00:00:00
PROB_0406_08;theory;exponential_distribution;Distributions;Continuous;2;Экспоненциальное распределение;λ и вероятности;2026-07-16 00:00:00
PROB_0406_09;theory;normal_distribution;Distributions;Continuous;1;Нормальное распределение;правило сигм и z-score;2026-07-16 00:00:00
STAT_0406_01;statistics;variable_types;Descriptive Statistics;Data Types;1;Типы переменных (кинотеатр);определить типы данных;2026-07-16 00:00:00
STAT_0406_02;statistics;sampling_design;Experimental Design;Sampling;1;Выборка сотрудников;спроектировать выборку;2026-07-16 00:00:00
STAT_0406_04;statistics;summary_statistics;Descriptive Statistics;Summary Statistics;1;Среднее, медиана, IQR;анализ зарплат и выбросов;2026-07-16 00:00:00
PROB_0406_10;theory;classical_probability;Probability;Basics;1;Сумма двух кубиков;вероятность суммы 7;2026-07-16 00:00:00
PROB_0406_11;theory;bayes;Probability;Bayes;2;Спам-фильтр;Байес для классификации;2026-07-16 00:00:00
PROB_0406_12;theory;distribution_properties;Distributions;Distribution Concepts;1;Распределения (новый набор);распознать распределение по описанию;2026-07-16 00:00:00
STAT_0406_05;statistics;mean_vs_median;Descriptive Statistics;Central Tendency;2;Среднее vs медиана;интерпретировать различие между средним и медианой;2026-07-16 00:00:00
PROB_0406_13;theory;variance;Expectation & Variance;Variance;1;Интерпретация стандартного отклонения;объяснить разброс без формул;2026-07-16 00:00:00
STAT_0406_07;statistics;summary_statistics;Descriptive Statistics;Summary Statistics;3;Интерпретация boxplot в A/B тесте;оценить стабильность результата;2026-07-16 00:00:00
SQL_0406_01;sql;sql_reading;SQL Core;Basics;1;Второй заказ пользователя;прочитать запрос и объяснить логику;2026-07-16 00:00:00
SQL_0406_02;sql;grain_analysis;Data Modeling;Grain & Relationships;2;Дублирование выручки после join;найти логическую ошибку агрегации;2026-07-16 00:00:00
SQL_0406_03;sql;retention;Product Analytics;User Lifecycle;2;Подготовка когортной таблицы;рассчитать month_number;2026-07-16 00:00:00
SQL_0406_04;sql;as_of_join;SQL Core;Joins;3;Цена на момент заказа;выбрать способ реализации as-of join;2026-07-16 00:00:00
SQL_0406_05;sql;churn;Product Analytics;User Lifecycle;2;Поиск ушедших пользователей;определить churn через последнюю активность;2026-07-16 00:00:00
SQL_0406_06;sql;pivot_unpivot;Data Handling;Data Reshaping;2;Long → Wide (5 атрибутов);pivot через conditional aggregation;2026-07-16 00:00:00
SQL_0406_07;sql;grain_analysis;Data Modeling;Grain & Relationships;2;Grain после нескольких join;анализ уровня детализации;2026-07-16 00:00:00
SQL_0406_08;sql;aggregation_concepts;SQL Theory;Aggregation;1;COUNT(*) vs COUNT(column);интерпретация агрегатов;2026-07-16 00:00:00
SQL_0406_09;sql;anti_join;SQL Core;Joins;2;NOT EXISTS vs NOT IN;сравнение подходов;2026-07-16 00:00:00
SQL_0406_10;sql;join_concepts;SQL Theory;Joins;2;DISTINCT после JOIN;когда оправдан, а когда нет;2026-07-16 00:00:00
SQL_0506_01;sql;sql_reading;SQL Core;Basics;1;Первая покупка пользователя;прочитать запрос и объяснить результат;2026-07-16 00:00:00
SQL_0506_02;sql;sql_reading;SQL Core;Basics;1;WHERE после LEFT JOIN;найти логическую ошибку;2026-07-16 00:00:00
SQL_0506_03;sql;date_functions;Data Handling;Dates;1;Первый и последний день месяца;работа с датами;2026-07-16 00:00:00
SQL_0506_04;sql;date_functions;Data Handling;Dates;1;Days Since Registration;расчёт разницы между датами;2026-07-16 00:00:00
SQL_0506_05;sql;as_of_join;SQL Core;Joins;3;Price At Sale;цена на момент продажи;2026-07-16 00:00:00
SQL_0506_06;sql;churn;Product Analytics;User Lifecycle;2;Churn Users;пользователи без активности более 30 дней;2026-07-16 00:00:00
SQL_0506_07;sql;running_aggregates;SQL Core;Window Functions;2;Running Average;накопительное среднее пользователя;2026-07-16 00:00:00
SQL_0606_01;sql;sql_reading;SQL Core;Basics;1;Средний интервал между заказами;чтение запроса с LAG;2026-07-16 00:00:00
SQL_0606_02;sql;grain_analysis;Data Modeling;Grain & Relationships;2;Размножение заказов через order_items;анализ ошибки агрегации;2026-07-16 00:00:00
SQL_0606_03;sql;date_functions;Data Handling;Dates;1;Начало и конец недели;работа с датами;2026-07-16 00:00:00
SQL_0606_04;sql;date_functions;Data Handling;Dates;1;Заказы в первые 30 дней;фильтрация по интервалу;2026-07-16 00:00:00
SQL_0606_05;sql;as_of_join;SQL Core;Joins;3;Статус карты на момент транзакции;as-of join;2026-07-16 00:00:00
SQL_0606_06;sql;row_number;SQL Core;Window Functions;3;Первый заказ после регистрации;first event after;2026-07-16 00:00:00
SQL_0606_07;sql;grain_analysis;Data Modeling;Grain & Relationships;2;Средний чек клиента;анализ grain после join;2026-07-16 00:00:00
SQL_0606_08;sql;window_function_concepts;SQL Theory;Window Functions;2;LAG vs LEAD;отличие оконных функций;2026-07-16 00:00:00
SQL_0606_09;sql;sql_reading;SQL Core;Basics;2;COUNT DISTINCT;почему работает медленнее;2026-07-16 00:00:00
SQL_0606_10;sql;grain_analysis;Data Modeling;Grain & Relationships;2;Grain после JOIN;когда нужно задуматься о grain;2026-07-16 00:00:00
SQL_2605_06;sql;aggregation;SQL Core;Aggregation;2;Абитуриенты и уроки;;2026-07-16 00:00:00
SQL_2605_07;sql;retention;Product Analytics;User Lifecycle;2;Транзакции первого месяца;;2026-07-16 00:00:00
SQL_2605_08;sql;row_number;SQL Core;Window Functions;1;Последний купленный фильм;;2026-07-16 00:00:00
SQL_0806_01;sql;sql_reading;SQL Core;Basics;1;Order Frequency Segments;Определить, что считает запрос сегментации пользователей по количеству заказов и какой бизнес-вопрос он решает;2026-07-16 00:00:00
SQL_0806_02;sql;grain_analysis;Data Modeling;Grain & Relationships;2;Revenue By Country Join Debugging;Найти логическую проблему в расчёте выручки по странам после join customers и orders;2026-07-16 00:00:00
SQL_0806_03;sql;date_functions;Data Handling;Dates;1;Date Parts Extraction;Из даты заказа получить год, квартал, месяц и неделю;2026-07-16 00:00:00
SQL_0806_04;sql;date_functions;Data Handling;Dates;1;Account Age Calculation;Рассчитать возраст аккаунта в днях относительно current_date;2026-07-16 00:00:00
SQL_0806_05;sql;conditional_aggregation;SQL Core;Aggregation;2;Signup Verification Purchase Funnel;Посчитать пользователей на этапах signup → verification → purchase с учётом последовательности;2026-07-16 00:00:00
SQL_0806_06;sql;conditional_aggregation;SQL Core;Aggregation;2;Paid vs Cancelled Amount;Рассчитать суммы оплаченных и отменённых заказов по пользователям;2026-07-16 00:00:00
SQL_0806_07;sql;aggregation;SQL Core;Aggregation;2;Users With 2+ Orders;Найти пользователей, совершивших два и более заказа, через агрегирование и окно;2026-07-16 00:00:00
SQL_0806_08;sql;lag_lead;SQL Core;Window Functions;2;Increasing Purchases;Найти пользователей, у которых каждая следующая покупка строго больше предыдущей;2026-07-16 00:00:00
SQL_0806_09;sql;conditional_aggregation;SQL Core;Aggregation;2;Lowest Success Problems;Найти задачи с самой низкой долей успешных отправок среди популярных задач;2026-07-16 00:00:00
SQL_0806_10;sql;conditional_aggregation;SQL Core;Aggregation;2;Test Completion Funnel;Рассчитать started, answered и finished пользователей по тестам;2026-07-16 00:00:00
SQL_0806_11;sql;anti_join;SQL Core;Joins;2;Users Without Successful Submissions;Найти пользователей с более чем 10 отправками и без единой успешной проверки;2026-07-16 00:00:00
SQL_0806_12;sql;aggregation;SQL Core;Aggregation;1;Cities Above Global Average Check;Найти города, где средний чек выше глобального среднего;2026-07-16 00:00:00
SQL_0806_13;sql;lag_lead;SQL Core;Window Functions;2;Salary Change Detection;Найти последнее изменение зарплаты сотрудника относительно предыдущего значения;2026-07-16 00:00:00
SQL_0806_14;sql;aggregation;SQL Core;Aggregation;1;Unique Subjects Per Teacher;Посчитать количество уникальных предметов у каждого преподавателя;2026-07-16 00:00:00
SQL_0806_15;sql;date_functions;Data Handling;Dates;1;Daily Active Users;Рассчитать DAU за последние 30 дней;2026-07-16 00:00:00
SQL_0806_16;sql;aggregation;SQL Core;Aggregation;2;First Year Product Sales;Найти продажи, совершённые в первый год существования продукта;2026-07-16 00:00:00
SQL_0806_17;sql;having;SQL Core;Aggregation;1;Classes With Five Students;Найти классы, в которых обучается не менее пяти студентов;2026-07-16 00:00:00
SQL_1006_01;sql;sql_reading;SQL Core;Basics;1;Average Activity Gap;Определить смысл CTE user_activity и activity_gaps, а также что считает средний интервал между днями активности;2026-07-16 00:00:00
SQL_1006_02;sql;sql_reading;SQL Core;Basics;1;Paid Orders Left Join Bug;Найти ошибку фильтрации после LEFT JOIN при подсчёте заказов пользователей;2026-07-16 00:00:00
SQL_1006_03;sql;date_functions;Data Handling;Dates;1;Month Boundaries;Получить начало месяца, конец месяца и количество дней до конца месяца;2026-07-16 00:00:00
SQL_1006_04;sql;retention;Product Analytics;User Lifecycle;3;Cohort Base Table;Построить базовую таблицу когорт с cohort_month и month_number;2026-07-16 00:00:00
SQL_1006_05;sql;conditional_aggregation;SQL Core;Aggregation;2;Order Status Counts;Посчитать количество заказов каждого статуса по пользователям;2026-07-16 00:00:00
SQL_1006_07;sql;grain_analysis;Data Modeling;Grain & Relationships;2;Users Orders Payments Grain;Определить grain после join users → orders → payments;2026-07-16 00:00:00
SQL_1006_08;sql;aggregation_concepts;SQL Theory;Aggregation;2;Count vs Sum Case;Объяснить различия между count(case when) и sum(case when);2026-07-16 00:00:00
SQL_1006_09;sql;aggregation_concepts;SQL Theory;Aggregation;1;Where vs Filter;Объяснить различие между WHERE и FILTER;2026-07-16 00:00:00
SQL_1006_10;sql;pattern_recognition;SQL Core;Basics;1;Pattern Recognition;Назвать паттерны, узнаваемые по условию задачи;2026-07-16 00:00:00
SQL_1006_11;sql;rolling_window;SQL Core;Time Series;2;Rolling Sum Previous 7 Days;Посчитать сумму заказов за предыдущие 7 дней без текущего заказа;2026-07-16 00:00:00
SQL_1006_12;sql;running_aggregates;SQL Core;Window Functions;3;Income Greater Than Expense;Найти пользователей, у которых в каждом месяце доходы превышали расходы;2026-07-16 00:00:00
SQL_1006_13;sql;having;SQL Core;Aggregation;2;Patients In Three Hospitals;Найти пациентов, посетивших минимум три больницы;2026-07-16 00:00:00
SQL_1006_14;sql;topn_per_group;SQL Core;Window Functions;1;Top Languages Per User;Найти топ-3 языка программирования для каждого пользователя;2026-07-16 00:00:00
SQL_1006_15;sql;gaps_islands;SQL Core;Window Functions;3;Seven Day Streak;Найти пользователей с серией визитов не менее 7 дней;2026-07-16 00:00:00
SQL_1006_16;sql;as_of_join;SQL Core;Joins;3;Salary Above Historical Average;Сравнить текущую зарплату сотрудника со средней зарплатой компании на дату найма;2026-07-16 00:00:00
SQL_1006_17;sql;forward_fill;SQL Core;Window Functions;3;Fill Forward Status;Заполнить NULL-статусы последним известным статусом пользователя;2026-07-16 00:00:00
SQL_1006_18;sql;aggregation;SQL Core;Aggregation;1;Followers Count;Посчитать количество подписчиков каждого пользователя;2026-07-16 00:00:00
SQL_1006_19;sql;having;SQL Core;Aggregation;1;Largest Single Number;Найти максимальное число, встречающееся ровно один раз;2026-07-16 00:00:00
SQL_1006_20;sql;relational_division;SQL Core;Joins;3;Customers Bought All Products;Найти клиентов, купивших все продукты из справочника;2026-07-16 00:00:00
STAT_1006_01;statistics;central_limit_theorem;Hypothesis Testing;Foundations;1;CLT In Plain Language;Объяснить центральную предельную теорему человеку без математического бэкграунда;2026-07-16 00:00:00
STAT_1006_02;statistics;standard_error;Estimation;Estimation Concepts;1;Standard Deviation vs Standard Error;Рассчитать стандартную ошибку и объяснить её смысл;2026-07-16 00:00:00
STAT_1006_03;statistics;interval_estimation;Estimation;Confidence Intervals;2;Confidence Interval For Mean Check;Построить 95% доверительный интервал для среднего чека;2026-07-16 00:00:00
STAT_1006_04;statistics;interval_interpretation;Estimation;Confidence Intervals;2;Confidence Interval Interpretation;Объяснить корректную интерпретацию доверительного интервала;2026-07-16 00:00:00
STAT_1006_05;statistics;one_sample_test_selection;Parametric Analysis;One Sample Tests;2;Z vs T Distribution;Выбрать между z и t для малого размера выборки;2026-07-16 00:00:00
STAT_1006_06;statistics;interval_interpretation;Estimation;Confidence Intervals;2;Confidence Interval Width;Объяснить влияние размера выборки, уровня доверия и разброса на ширину интервала;2026-07-16 00:00:00
STAT_1006_07;statistics;interval_estimation;Estimation;Confidence Intervals;2;Confidence Interval For Conversion;Построить доверительный интервал для конверсии;2026-07-16 00:00:00
STAT_1106_01;statistics;interval_estimation;Estimation;Confidence Intervals;2;Confidence Interval 95 Percent;Построить 95% доверительный интервал для среднего при известном σ;2026-07-16 00:00:00
STAT_1106_02;statistics;interval_estimation;Estimation;Confidence Intervals;2;Confidence Interval 99 Percent;Построить 99% доверительный интервал для среднего при известном σ;2026-07-16 00:00:00
STAT_1106_03;statistics;interval_estimation;Estimation;Confidence Intervals;2;Confidence Interval 90 Percent;Построить 90% доверительный интервал для среднего веса упаковок;2026-07-16 00:00:00
STAT_1106_04;statistics;interval_estimation;Estimation;Confidence Intervals;2;Confidence Interval Width Check;Проверить корректность ширины доверительного интервала;2026-07-16 00:00:00
STAT_1106_05;statistics;interval_estimation;Estimation;Confidence Intervals;2;Confidence Interval Comparison;Сравнить интервалы при разных размерах выборки;2026-07-16 00:00:00
STAT_1106_06;statistics;interval_estimation;Estimation;Confidence Intervals;1;Confidence Level 94 Percent;Найти критическое значение z и построить интервал;2026-07-16 00:00:00
STAT_1106_07;statistics;interval_estimation;Estimation;Confidence Intervals;1;Confidence Level 98 Percent;Найти критическое значение z и построить интервал;2026-07-16 00:00:00
STAT_1106_08;statistics;interval_estimation;Estimation;Confidence Intervals;1;Recover Confidence Level;Восстановить уровень доверия по готовому интервалу;2026-07-16 00:00:00
STAT_1106_09;statistics;interval_estimation;Estimation;Confidence Intervals;1;Confidence Level 96 Percent;Найти ближайшее z по таблице и построить интервал;2026-07-16 00:00:00
STAT_1106_10;statistics;ecdf;Descriptive Statistics;ECDF;2;ECDF By Hand;Построить эмпирическую функцию распределения вручную;2026-07-16 00:00:00
STAT_1106_11;statistics;ecdf;Descriptive Statistics;ECDF;2;ECDF Interpretation;Интерпретировать значение ЭФР для зарплат;2026-07-16 00:00:00
STAT_1106_12;statistics;summary_statistics;Descriptive Statistics;Summary Statistics;1;Histogram vs Boxplot;Сравнить пользу гистограммы и boxplot при асимметричном распределении;2026-07-16 00:00:00
PROB_1106_13;theory;distribution_identification;Distributions;Distribution Concepts;1;Distribution Selection;Определить подходящее распределение по виду гистограммы;2026-07-16 00:00:00
STAT_1106_14;statistics;interval_interpretation;Estimation;Confidence Intervals;2;ECDF vs Confidence Interval;Объяснить различие между доверительным интервалом и ЭФР;2026-07-16 00:00:00
SQL_1206_01;sql;sql_reading;SQL Core;Basics;1;User Segmentation CTE Chain;Разобрать цепочку CTE для сегментации пользователей по количеству заказов;2026-07-16 00:00:00
SQL_1206_02;sql;grain_analysis;Data Modeling;Grain & Relationships;2;count(*) Left Join Bug;Найти ошибку при подсчёте заказов пользователей через count(*) после left join;2026-07-16 00:00:00
SQL_1206_03;sql;date_functions;Data Handling;Dates;1;Registration Date Features;Получить начало месяца, конец месяца, квартал и возраст аккаунта;2026-07-16 00:00:00
SQL_1206_04;sql;retention;Product Analytics;User Lifecycle;3;Cohort Month Number;Построить cohort_month и month_number для активности пользователей;2026-07-16 00:00:00
SQL_1206_05;sql;forward_fill;SQL Core;Window Functions;3;Forward Fill Logic;Объяснить логику forward fill через построение групп и заполнение статусов;2026-07-16 00:00:00
SQL_1206_06;sql;conditional_aggregation;SQL Core;Aggregation;2;Order Status Metrics;Посчитать количество и суммы заказов по статусам;2026-07-16 00:00:00
SQL_1206_07;sql;rolling_self_join;SQL Core;Time Series;3;Rolling Revenue Self Join;Построить rolling revenue через self join без окон;2026-07-16 00:00:00
SQL_1206_08;sql;grain_analysis;Data Modeling;Grain & Relationships;2;Grain Theory Review;Объяснить grain для users, orders и payments;2026-07-16 00:00:00
SQL_1206_09;sql;aggregation_concepts;SQL Theory;Aggregation;1;COUNT(*) vs COUNT(column);Объяснить различие count(*) и count(column);2026-07-16 00:00:00
SQL_1206_10;sql;pattern_recognition;SQL Core;Basics;1;SQL Pattern Recognition;Назвать паттерны SQL, узнаваемые по условию;2026-07-16 00:00:00
SQL_1206_12;sql;self_join;SQL Core;Joins;3;Managers And Reports;Найти менеджеров, количество подчинённых и их средний возраст;2026-07-16 00:00:00
SQL_1206_13;sql;join;SQL Core;Joins;2;Primary Department Selection;Найти основной департамент сотрудника;2026-07-16 00:00:00
SQL_1206_14;sql;gaps_islands;SQL Core;Window Functions;2;Three Consecutive Values;Найти значения, встречающиеся минимум три раза подряд;2026-07-16 00:00:00
SQL_1206_15;sql;topn_per_group;SQL Core;Window Functions;1;Top Languages Per User Repeat;Повтор задачи про топ-3 языка пользователя;2026-07-16 00:00:00
SQL_1206_16;sql;as_of_join;SQL Core;Joins;3;Salary Above Hire Average Repeat;Сравнить текущую зарплату со средней зарплатой на момент найма;2026-07-16 00:00:00
SQL_1206_17;sql;anti_join;SQL Core;Joins;2;Started But Never Answered;Найти пользователей, начавших тест и не давших ни одного ответа;2026-07-16 00:00:00
SQL_1206_18;sql;topn_per_group;SQL Core;Window Functions;1;Best Sales Day;Найти лучший день продаж для каждого товара;2026-07-16 00:00:00
SQL_1206_19;sql;gaps_islands;SQL Core;Window Functions;2;Active All Six Months;Найти пользователей с транзакциями в каждом из последних шести месяцев;2026-07-16 00:00:00
SQL_1206_20;sql;as_of_join;SQL Core;Joins;3;Product Price On Date;Найти цену товара на конкретную дату по истории изменений;2026-07-16 00:00:00
STAT_1306_01;statistics;hypothesis_formulation;Hypothesis Testing;Foundations;1;Null And Alternative Hypothesis;Объяснить смысл H₀ и H₁ и привести собственный пример;2026-07-16 00:00:00
STAT_1306_02;statistics;type1_type2;Hypothesis Testing;Decision Making;1;Type I Error Intuition;Объяснить ошибку первого рода на бытовом примере;2026-07-16 00:00:00
STAT_1306_03;statistics;hypothesis_formulation;Hypothesis Testing;Foundations;2;One-Sided Or Two-Sided Alternative;Выбрать тип альтернативной гипотезы для сравнения зарплат;2026-07-16 00:00:00
STAT_1306_04;statistics;significance_level;Hypothesis Testing;Foundations;1;Alpha Interpretation;Объяснить смысл уровня значимости α и случаи выбора 0.01;2026-07-16 00:00:00
STAT_1306_05;statistics;hypothesis_formulation;Hypothesis Testing;Foundations;1;Streaming Trailer Experiment;Сформулировать H₀ и H₁ для эксперимента с трейлерами;2026-07-16 00:00:00
STAT_1306_06;statistics;type1_type2;Hypothesis Testing;Decision Making;1;Classification Errors;Описать ошибки первого и второго рода для модели покупки подписки;2026-07-16 00:00:00
STAT_1306_07;statistics;significance_level;Hypothesis Testing;Foundations;1;Credit Scoring Alpha Choice;Выбрать уровень значимости для кредитного скоринга;2026-07-16 00:00:00
STAT_1306_08;statistics;p_value;Hypothesis Testing;Foundations;1;AB Test Decision;Сделать вывод по p-value = 0.03 при α = 0.05;2026-07-16 00:00:00
STAT_1306_09;statistics;central_limit_theorem;Hypothesis Testing;Foundations;1;CLT And Hypothesis Testing;Объяснить роль ЦПТ в проверке гипотез;2026-07-16 00:00:00
STAT_1306_10;statistics;p_value;Hypothesis Testing;Foundations;1;Very Small P Value;Интерпретировать p-value = 0.001;2026-07-16 00:00:00
STAT_1306_11;statistics;p_value;Hypothesis Testing;Foundations;1;Large P Value;Интерпретировать p-value = 0.8;2026-07-16 00:00:00
STAT_1306_12;statistics;significance_level;Hypothesis Testing;Foundations;1;Drug Trial Significance Level;Выбрать α для тестирования лекарства и интерпретировать p-value;2026-07-16 00:00:00
SQL_1306_01;sql;aggregation;SQL Core;Aggregation;1;Salary Above Department Average;Найти сотрудников с зарплатой выше средней по департаменту;2026-07-16 00:00:00
SQL_1306_02;sql;gaps_islands;SQL Core;Window Functions;2;Exactly Two Consecutive Values;Найти значения, встречающиеся ровно два раза подряд;2026-07-16 00:00:00
SQL_1306_03;sql;date_functions;Data Handling;Dates;1;First Last Order Difference;Найти разницу между первым и последним заказом клиента;2026-07-16 00:00:00
SQL_1306_04;sql;rank_dense_rank;SQL Core;Window Functions;2;Second Highest Salary;Найти вторую уникальную зарплату или вернуть NULL;2026-07-16 00:00:00
SQL_1306_05;sql;lag_lead;SQL Core;Window Functions;2;Transaction Growth Detection;Найти клиентов с ростом суммы транзакции относительно предыдущей;2026-07-16 00:00:00
SQL_1306_06;sql;sql_reading;SQL Core;Basics;1;Monthly Orders Average;Разобрать запрос со средним количеством заказов по месяцам;2026-07-16 00:00:00
SQL_1306_07;sql;sql_reading;SQL Core;Basics;1;Paid Orders Revenue Bug;Найти ошибку фильтрации после LEFT JOIN;2026-07-16 00:00:00
SQL_1306_08;sql;date_functions;Data Handling;Dates;1;Registration Age Features;Посчитать дни, недели и месяцы с момента регистрации;2026-07-16 00:00:00
SQL_1306_09;sql;retention;Product Analytics;User Lifecycle;2;Day Retention Base Table;Построить базовую таблицу day retention;2026-07-16 00:00:00
SQL_1306_10;sql;rolling_generate_series;SQL Core;Time Series;3;Rolling Revenue Calendar;Построить rolling revenue через generate_series;2026-07-16 00:00:00
SQL_1306_11;sql;forward_fill;SQL Core;Window Functions;3;Forward Fill Groups;Объяснить роль count(status) over() в forward fill;2026-07-16 00:00:00
SQL_1306_12;sql;rank_dense_rank;SQL Core;Window Functions;2;Third Highest Salary;Найти третью уникальную зарплату;2026-07-16 00:00:00
SQL_1306_13;sql;rank_dense_rank;SQL Core;Window Functions;1;Rank vs Dense Rank;Объяснить отличие rank и dense_rank;2026-07-16 00:00:00
SQL_1306_14;sql;cardinality;SQL Theory;Data Modeling;2;Cardinality Concept;Объяснить cardinality на примерах;2026-07-16 00:00:00
SQL_1306_15;sql;dimensional_modeling;Data Modeling;Grain & Relationships;3;Fact And Dimension;Объяснить факт и измерение для интернет-магазина;2026-07-16 00:00:00
SQL_1306_16;sql;join_concepts;SQL Theory;Joins;2;Distinct After Join;Объяснить когда distinct после join оправдан;2026-07-16 00:00:00
STAT_1506_01;statistics;one_sample_test_selection;Parametric Analysis;One Sample Tests;2;Select Hypothesis Test;Выбрать подходящий статистический тест для разных типов гипотез;2026-07-16 00:00:00
STAT_1506_02;statistics;one_sample_test_selection;Parametric Analysis;One Sample Tests;2;Calculate Test Statistics;Вычислить t, z и χ² статистики для различных задач;2026-07-16 00:00:00
STAT_1506_03;statistics;hypothesis_decision;Hypothesis Testing;Decision Making;2;Decision Using Critical Values;Принять решение по гипотезе на основе критических значений;2026-07-16 00:00:00
STAT_1506_04;statistics;p_value;Hypothesis Testing;Foundations;1;P Value Logic;Интерпретировать p-value без вычислений;2026-07-16 00:00:00
PROB_1506_05;theory;distribution_concept;Distributions;Distribution Concepts;2;Distribution Intuition;Объяснить понятие распределения своими словами;2026-07-16 00:00:00
PROB_1506_06;theory;density_interpretation;Distributions;Distribution Functions;2;ECDF And Density;Построить ЭФР и сравнить её с плотностью;2026-07-16 00:00:00
PROB_1506_07;theory;distribution_concept;Distributions;Distribution Concepts;2;Density Versus Probability;Объяснить различие между плотностью и вероятностью;2026-07-16 00:00:00
PROB_1506_08;theory;cdf_interpretation;Distributions;Distribution Functions;1;Distribution Function Interpretation;Интерпретировать свойства функции распределения F(x);2026-07-16 00:00:00
PROB_1506_09;theory;distribution_identification;Distributions;Distribution Concepts;1;Choose Distribution;Подобрать распределение под реальные ситуации;2026-07-16 00:00:00
STAT_1506_10;statistics;central_limit_theorem;Hypothesis Testing;Foundations;1;Why Z Test For Proportion;Объяснить связь биномиального распределения и z-теста для доли;2026-07-16 00:00:00
SQL_1506_01;sql;sql_reading;SQL Core;Basics;1;Average Orders Of Repeat Users;Разобрать запрос со средним количеством заказов пользователей с 2+ заказами;2026-07-16 00:00:00
SQL_1506_02;sql;having;SQL Core;Aggregation;1;HAVING Misuse;Найти ошибку использования HAVING с неагрегированным полем;2026-07-16 00:00:00
SQL_1506_03;sql;date_functions;Data Handling;Dates;1;Registration Age Extended;Посчитать дни, недели, месяцы и годы с момента регистрации;2026-07-16 00:00:00
SQL_1506_04;sql;retention;Product Analytics;User Lifecycle;2;Day Retention Cohort Table;Построить базовую таблицу day retention;2026-07-16 00:00:00
SQL_1506_05;sql;forward_fill;SQL Core;Window Functions;3;Forward Fill Counter Logic;Интерпретировать результат count(status) over();2026-07-16 00:00:00
SQL_1506_06;sql;window_function_concepts;SQL Theory;Window Functions;2;Row Number Rank Dense Rank;Сравнить row_number, rank и dense_rank;2026-07-16 00:00:00
SQL_1506_07;sql;gaps_islands;SQL Core;Window Functions;2;Consecutive Numbers Logic;Определить числа с сериями повторений;2026-07-16 00:00:00
SQL_1506_08;sql;cardinality;SQL Theory;Data Modeling;2;Cardinality Theory;Объяснить cardinality на примере Users ↔ Orders;2026-07-16 00:00:00
SQL_1506_09;sql;dimensional_modeling;Data Modeling;Grain & Relationships;3;Facts And Dimensions;Объяснить факт и измерение на примере интернет-магазина;2026-07-16 00:00:00
SQL_1506_10;sql;join_concepts;SQL Theory;Joins;2;Distinct After Join Usage;Привести пример корректного использования DISTINCT после JOIN;2026-07-16 00:00:00
SQL_1506_11;sql;grain_analysis;Data Modeling;Grain & Relationships;2;Average Check Grain Trap;Объяснить проблему среднего чека после JOIN order_items;2026-07-16 00:00:00
SQL_1606_01;sql;retention;Product Analytics;User Lifecycle;2;Monthly Retention Cohorts;Построить месячный retention по когортам регистрации;2026-07-16 00:00:00
SQL_1606_02;sql;grain_analysis;Data Modeling;Grain & Relationships;3;Average Check Debugging;Найти ошибки в расчёте среднего чека и определить grain таблиц;2026-07-16 00:00:00
SQL_1606_03;sql;forward_fill;SQL Core;Window Functions;3;Forward Fill Balances;Заполнить пропущенные балансы пользователей по дням;2026-07-16 00:00:00
SQL_1606_04;sql;regex;Data Handling;Strings;2;Email Validation And Phone Checks;Проверить email и телефоны на корректность;2026-07-16 00:00:00
SQL_1606_05;sql;string_cleanup;Data Handling;Strings;2;Employee Name Normalization;Очистить и нормализовать имена сотрудников;2026-07-16 00:00:00
SQL_1606_06;sql;retention;Product Analytics;User Lifecycle;2;Daily Retention Validation;Построить дневной retention с самопроверкой grain;2026-07-16 00:00:00
SQL_1606_07;sql;retention;Product Analytics;User Lifecycle;3;Retention Query Debugging;Найти ошибки в запросе расчёта retention;2026-07-16 00:00:00
SQL_1606_08;sql;regex;Data Handling;Strings;1;Email Validation Rules;Построить флаг валидности email;2026-07-16 00:00:00
SQL_1606_09;sql;string_parsing;Data Handling;Strings;2;Top Email Domains;Посчитать статистику по почтовым доменам;2026-07-16 00:00:00
SQL_1606_10;sql;retention;Product Analytics;User Lifecycle;2;Daily Retention Three Steps;Построить day retention через шаблон из трёх шагов;2026-07-16 00:00:00
SQL_1606_11;sql;anti_join;SQL Core;Joins;2;Solved But Never Submitted Problem 1;Найти пользователей с успешными решениями, которые никогда не отправляли problem_id = 1;2026-07-16 00:00:00
SQL_1606_12;sql;row_number;SQL Core;Window Functions;2;First And Second Purchase Gap;Найти разницу между первой и второй покупкой пользователя;2026-07-16 00:00:00
SQL_1606_13;sql;aggregation;SQL Core;Aggregation;1;Department Above Global Average;Найти департаменты со средней зарплатой выше общей средней;2026-07-16 00:00:00
SQL_1606_14;sql;as_of_join;SQL Core;Joins;3;Product Price On Date;Найти цену товара на заданную дату по истории изменений;2026-07-16 00:00:00
SQL_1606_15;sql;running_aggregates;SQL Core;Window Functions;2;Last Passenger On Bus;Найти последнего пассажира, который помещается по ограничению веса;2026-07-16 00:00:00
SQL_1606_16;sql;conditional_aggregation;SQL Core;Aggregation;2;Salary Categories;Посчитать количество аккаунтов по категориям дохода;2026-07-16 00:00:00
SQL_1606_17;sql;anti_join;SQL Core;Joins;2;Employees With Missing Managers;Найти сотрудников с зарплатой <30000 и отсутствующим менеджером;2026-07-16 00:00:00
SQL_1606_18;sql;running_aggregates;SQL Core;Window Functions;3;Seat Swap;Поменять местами соседние места студентов;2026-07-16 00:00:00
SQL_1606_19;sql;rank_dense_rank;SQL Core;Window Functions;3;Movie Ratings Leaderboard;Найти самого активного пользователя и лучший фильм месяца;2026-07-16 00:00:00
PROB_1606_01;theory;density_interpretation;Distributions;Distribution Functions;2;ECDF And Density Interpretation;Построить ЭФР и интерпретировать накопленные доли и плотность;2026-07-16 00:00:00
STAT_1606_02;statistics;one_sample_test_selection;Parametric Analysis;One Sample Tests;2;Statistical Test Selection And Statistic;Выбрать тест, записать формулу и вычислить статистику;2026-07-16 00:00:00
STAT_1606_03;statistics;hypothesis_decision;Hypothesis Testing;Decision Making;2;Critical Values And P Value;Принять решение по гипотезе через критические значения и p-value;2026-07-16 00:00:00
STAT_1606_04;statistics;interval_estimation;Estimation;Confidence Intervals;2;Confidence Interval For Proportion;Построить доверительный интервал для доли и проверить гипотезу;2026-07-16 00:00:00
SQL_1806_01;sql;date_functions;Data Handling;Dates;1;Calendar Generation;Сгенерировать календарь месяца с атрибутами дат;2026-07-16 00:00:00
SQL_1806_02;sql;date_functions;Data Handling;Dates;1;Registration Time Metrics;Посчитать дни, месяцы, квартал и день недели регистрации;2026-07-16 00:00:00
SQL_1806_03;sql;rolling_window;SQL Core;Time Series;2;Monthly Reporting Metrics;Running total, MoM изменения и скользящее среднее;2026-07-16 00:00:00
SQL_1806_04;sql;gaps_islands;SQL Core;Window Functions;3;Consecutive Order Streaks;Найти серии заказов длиной 5+ дней;2026-07-16 00:00:00
SQL_1806_05;sql;retention;Product Analytics;User Lifecycle;2;Monthly Retention Correct Month Diff;Построить retention с корректным month_diff;2026-07-16 00:00:00
SQL_1806_06;sql;anti_join;SQL Core;Joins;2;Successful Users Without Problem 1;Пользователи с успешными решениями без отправок problem_id=1;2026-07-16 00:00:00
SQL_1806_07;sql;aggregation;SQL Core;Aggregation;1;Departments Above Overall Average;Средняя зарплата департамента против общей;2026-07-16 00:00:00
SQL_1806_08;sql;row_number;SQL Core;Window Functions;2;Last Salary Increase;Последнее повышение зарплаты сотрудника;2026-07-16 00:00:00
SQL_1806_09;sql;rolling_window;SQL Core;Time Series;2;Seven Day Moving Average;Скользящее среднее за 7 дней;2026-07-16 00:00:00
SQL_1806_10;sql;self_join;SQL Core;Joins;1;Most Friends;Найти пользователя с максимальным числом друзей;2026-07-16 00:00:00
SQL_1806_11;sql;conditional_aggregation;SQL Core;Aggregation;3;Insurance Unique Location Logic;Сумма инвестиций при комбинированных условиях;2026-07-16 00:00:00
PROB_1806_01;theory;covariance;Dependence;Covariance;2;Covariance From Correlation;Найти ковариацию по корреляции и стандартным отклонениям;2026-07-16 00:00:00
PROB_1806_02;theory;portfolio_variance;Expectation & Variance;Applications;2;Portfolio Variance With Covariance;Дисперсия портфеля и оптимальный вес;2026-07-16 00:00:00
PROB_1806_03;theory;portfolio_variance;Expectation & Variance;Applications;2;Negative Correlation Portfolio;Влияние отрицательной корреляции на риск;2026-07-16 00:00:00
PROB_1806_04;theory;binomial;Distributions;Discrete;1;Coin Tosses;Вероятность ровно двух орлов;2026-07-16 00:00:00
PROB_1806_05;theory;classical_probability;Probability;Basics;1;Dice Sum;Вероятность суммы 8 на двух кубиках;2026-07-16 00:00:00
PROB_1806_06;theory;conditional_probability;Probability;Conditional;2;Red Card King;Условная вероятность для красной карты;2026-07-16 00:00:00
PROB_1806_07;theory;bayes;Probability;Bayes;2;Medical Test;Формула Байеса для диагностики;2026-07-16 00:00:00
PROB_1806_08;theory;bayes;Probability;Bayes;2;Boxes And Balls;Байес для выбора коробки;2026-07-16 00:00:00
PROB_1806_09;theory;independence;Probability;Conditional;2;Events A and B;Объединение, условные вероятности и независимость;2026-07-16 00:00:00
PROB_1806_10;theory;multistage_probability;Probability;Bayes;2;Urn Without Replacement;Вероятности при извлечении шаров без возвращения;2026-07-16 00:00:00
STAT_1806_10;statistics;anova;Parametric Analysis;Multiple Independent Groups;2;ANOVA Basics;Выбор ANOVA и интерпретация результатов;2026-07-16 00:00:00
STAT_1806_11;statistics;one_sample_test_selection;Parametric Analysis;One Sample Tests;2;Statistical Test Selection;Выбор подходящего теста для разных сценариев;2026-07-16 00:00:00
STAT_1806_12;statistics;type1_type2;Hypothesis Testing;Decision Making;1;Drug Testing Errors;Ошибки I и II рода на примере лекарства;2026-07-16 00:00:00
STAT_1806_13;statistics;interval_interpretation;Estimation;Confidence Intervals;2;Confidence Interval Logic;Доверительные интервалы и проверка гипотез;2026-07-16 00:00:00
STAT_1806_14;statistics;p_value;Hypothesis Testing;Foundations;2;P-value Interpretation;Интерпретация p-value;2026-07-16 00:00:00
STAT_1806_15;statistics;mean_vs_median;Descriptive Statistics;Central Tendency;1;Mean vs Median;Выбор метрики при выбросах;2026-07-16 00:00:00
STAT_1806_16;statistics;central_limit_theorem;Hypothesis Testing;Foundations;2;CLT Review;Центральная предельная теорема;2026-07-16 00:00:00
STAT_1806_17;statistics;standard_error;Estimation;Estimation Concepts;1;Standard Error Review;Стандартная ошибка среднего;2026-07-16 00:00:00
STAT_1806_18;statistics;variable_types;Descriptive Statistics;Data Types;1;Variable Types Review;Типы переменных;2026-07-16 00:00:00
PROB_1806_19;theory;chi_square_distribution;Distributions;Continuous;2;Chi-Square Properties;Свойства распределения χ²;2026-07-16 00:00:00
PROB_1806_20;theory;exponential_distribution;Distributions;Continuous;2;Time Between Events;Экспоненциальное распределение;2026-07-16 00:00:00
PROB_2106_01;theory;distribution_identification;Distributions;Distribution Concepts;1;Узнавание распределений по ситуациям;определить распределение и параметры по описанию случайной величины;2026-07-16 00:00:00
PROB_2106_02;theory;distribution_properties;Distributions;Distribution Concepts;1;Формулы E[X] и Var(X) для распределений;вспомнить матожидание и дисперсию биномиального, пуассона, геометрического, равномерного, экспоненциального и нормального распределений;2026-07-16 00:00:00
PROB_2106_03;theory;distribution_concept;Distributions;Distribution Concepts;1;Связь Пуассона и экспоненциального;объяснить, что описывают распределения Пуассона и экспоненциальное и какой у них общий параметр;2026-07-16 00:00:00
PROB_2106_04;theory;distribution_concept;Distributions;Distribution Concepts;1;Связь биномиального и Пуассона;объяснить, когда биномиальное распределение приближается распределением Пуассона;2026-07-16 00:00:00
PROB_2106_05;theory;distribution_concept;Distributions;Distribution Concepts;1;Формулы вероятностей для распределений;записать формулы вероятности для биномиального, пуассона, геометрического и экспоненциального распределений;2026-07-16 00:00:00
PROB_2106_06;theory;sigma_rule;Distributions;Normal Distribution;1;Правило трёх сигм;вспомнить интервалы 68–95–99.7 для нормального распределения;2026-07-16 00:00:00
PROB_2106_07;theory;binomial;Distributions;Discrete;1;Биномиальное: ровно 2 продажи;посчитать вероятность ровно k успехов в биномиальном распределении;2026-07-16 00:00:00
PROB_2106_08;theory;poisson;Distributions;Discrete;1;Пуассон: нет опечаток;посчитать вероятность события для распределения Пуассона;2026-07-16 00:00:00
PROB_2106_09;theory;poisson;Distributions;Discrete;1;Пуассон: ровно 1 посетитель за 30 минут;посчитать вероятность события для распределения Пуассона с пересчётом интенсивности на другой интервал;2026-07-16 00:00:00
PROB_2106_10;theory;geometric;Distributions;Discrete;1;Геометрическое: ожидание и вероятность второго успеха;считать матожидание и вероятность в геометрическом распределении;2026-07-16 00:00:00
PROB_2106_11;theory;uniform_distribution;Distributions;Continuous;1;Равномерное распределение: E, Var и вероятности;считать матожидание, дисперсию и вероятности для равномерного распределения;2026-07-16 00:00:00
PROB_2106_12;theory;exponential_distribution;Distributions;Continuous;1;Экспоненциальное: среднее время 4 минуты;найти λ и вероятности для экспоненциального распределения;2026-07-16 00:00:00
PROB_2106_13;theory;exponential_distribution;Distributions;Continuous;1;Экспоненциальное: интенсивность 0.5 в час;считать среднее время и вероятности для экспоненциального распределения;2026-07-16 00:00:00
PROB_2106_14;theory;normal_distribution;Distributions;Continuous;1;Нормальное: рост, хвосты и интервал 68%;использовать правило сигм для вероятностей и интервалов в нормальном распределении;2026-07-16 00:00:00
PROB_2106_15;theory;normal_distribution;Distributions;Continuous;1;Нормальное: вес упаковок;использовать правило сигм для интервалов и хвостовых вероятностей;2026-07-16 00:00:00
PROB_2106_16;theory;expectation_variance;Expectation & Variance;Variance;2;Матожидание и дисперсия по дискретному закону;считать E[X], E[X²] и Var(X) по таблице распределения;2026-07-16 00:00:00
PROB_2106_17;theory;covariance;Dependence;Covariance;2;Ковариация и корреляция по совместному распределению;считать E[X], E[Y], E[XY], Cov(X,Y) и определять наличие корреляции;2026-07-16 00:00:00
PROB_2106_18;theory;conditional_expectation;Expectation & Variance;Expectation;2;Условное распределение и условное ожидание;находить условное распределение и считать E[Y|X];2026-07-16 00:00:00
PROB_2106_19;theory;conditional_expectation;Expectation & Variance;Expectation;2;Закон полного матожидания;проверять закон полного матожидания через условные ожидания;2026-07-16 00:00:00
PROB_2106_20;theory;variance_properties;Expectation & Variance;Variance;2;Дисперсия суммы, разности и корреляция;использовать Var(X±Y), Cov(X,Y) и Corr(X,Y);2026-07-16 00:00:00
PROB_2106_21;theory;variance_properties;Expectation & Variance;Variance;2;Дисперсия линейных комбинаций независимых величин;считать Var(aX+bY) при независимости;2026-07-16 00:00:00
PROB_2106_22;theory;portfolio_variance;Expectation & Variance;Applications;2;Портфель: ковариация и вес минимальной дисперсии;считать ковариацию активов, дисперсию портфеля и оптимальный вес;2026-07-16 00:00:00
PROB_2106_23;theory;portfolio_variance;Expectation & Variance;Applications;2;Портфель: минимальная дисперсия по Var и Cov;считать дисперсию портфеля, оптимальный вес и минимальную дисперсию;2026-07-16 00:00:00
STAT_2106_01;statistics;variable_types;Descriptive Statistics;Data Types;1;Температура в °C: интервальная или относительная шкала;определить тип шкалы и объяснить наличие/отсутствие истинного нуля;2026-07-16 00:00:00
STAT_2106_02;statistics;variable_types;Descriptive Statistics;Data Types;1;Количество детей: дискретная или непрерывная;определить тип переменной;2026-07-16 00:00:00
STAT_2106_03;statistics;variable_types;Descriptive Statistics;Data Types;1;Марка автомобиля: номинальная или порядковая;определить тип категориальной переменной;2026-07-16 00:00:00
STAT_2106_04;statistics;sampling_design;Experimental Design;Sampling;1;Дизайн стратифицированной выборки для ЕГЭ;описать, как построить стратифицированную выборку и какие страты выбрать;2026-07-16 00:00:00
STAT_2106_05;statistics;sampling_design;Experimental Design;Sampling;1;Стратифицированная vs кластерная выборка;объяснить разницу между стратифицированной и кластерной выборкой и привести пример;2026-07-16 00:00:00
STAT_2106_06;statistics;mean_vs_median;Descriptive Statistics;Central Tendency;1;Среднее или медиана для зарплат с выбросом;выбрать устойчивую меру центра и объяснить влияние выброса;2026-07-16 00:00:00
STAT_2106_07;statistics;summary_statistics;Descriptive Statistics;Summary Statistics;1;IQR vs range;объяснить, что показывает межквартильный размах и чем он лучше обычного размаха;2026-07-16 00:00:00
PROB_2106_24;theory;distribution_identification;Distributions;Distribution Concepts;1;Узнавание распределений: сайт, рост, монетка;сопоставить ситуации с распределениями Бернулли, Пуассона и нормальным;2026-07-16 00:00:00
PROB_2106_25;theory;chi_square_distribution;Distributions;Continuous;2;Почему хи-квадрат несимметричен;объяснить форму распределения хи-квадрат;2026-07-16 00:00:00
PROB_2106_26;theory;t_distribution;Distributions;Continuous;2;Чем t-распределение отличается от нормального;объяснить свойства t-распределения и когда его используют;2026-07-16 00:00:00
STAT_2106_11;statistics;central_limit_theorem;Hypothesis Testing;Foundations;1;Объяснить ЦПТ в двух предложениях;кратко объяснить центральную предельную теорему;2026-07-16 00:00:00
STAT_2106_12;statistics;central_limit_theorem;Hypothesis Testing;Foundations;1;Что будет со стандартной ошибкой при росте выборки в 4 раза;объяснить зависимость стандартной ошибки от размера выборки;2026-07-16 00:00:00
STAT_2106_13;statistics;interval_interpretation;Estimation;Confidence Intervals;2;Доверительный интервал и решение по H0;использовать доверительный интервал для решения, отвергается ли гипотеза;2026-07-16 00:00:00
STAT_2106_14;statistics;type1_type2;Hypothesis Testing;Decision Making;1;Ошибки I и II рода для подписки;описать ошибки I и II рода в продуктовой задаче;2026-07-16 00:00:00
STAT_2106_15;statistics;type1_type2;Hypothesis Testing;Decision Making;1;Какая ошибка страшнее для лекарства;сравнить цену ошибок I и II рода в медицинском контексте;2026-07-16 00:00:00
STAT_2106_16;statistics;one_sample_test_selection;Parametric Analysis;One Sample Tests;2;Одна выборка, среднее, дисперсия неизвестна;выбрать подходящий тест;2026-07-16 00:00:00
STAT_2106_17;statistics;two_independent_test_selection;Parametric Analysis;Two Independent Samples;2;Две выборки: равенство долей;выбрать тест для сравнения долей;2026-07-16 00:00:00
STAT_2106_18;statistics;test_selection;Hypothesis Testing;Test Selection;2;Три группы: последовательность проверки;описать логику проверки равенства средних для трёх групп;2026-07-16 00:00:00
STAT_2106_19;statistics;tukey_test;Parametric Analysis;Post-hoc Tests;2;Почему нельзя делать три попарных t-теста;объяснить проблему множественных сравнений;2026-07-16 00:00:00
STAT_2106_20;statistics;p_value;Hypothesis Testing;Foundations;1;Решение по p-value = 0.02;принять решение об отклонении H0 по p-value и alpha;2026-07-16 00:00:00
STAT_2106_21;statistics;p_value;Hypothesis Testing;Foundations;1;Объяснить p-value без формул;объяснить смысл p-value простыми словами;2026-07-16 00:00:00
SQL_2006_01;sql;string_cleanup;Data Handling;Strings;2;Валидация и очистка телефонов;проверить валидность телефона по regex, очистить строку через regexp_replace и повторно провалидировать формат;2026-07-16 00:00:00
SQL_2006_02;sql;regex;Data Handling;Strings;2;Парсинг логов через split_part и regexp_matches;распарсить дату, время, уровень лога, user_id и duration_ms из текстовой записи лога;2026-07-16 00:00:00
SQL_2006_03;sql;string_cleanup;Data Handling;Strings;2;Очистка price, NULLIF/COALESCE и расчёт выручки;очистить строковую цену, провалидировать и привести к numeric, обработать невалидные значения и посчитать revenue/status;2026-07-16 00:00:00
SQL_2006_04;sql;rolling_window;SQL Core;Time Series;2;Скользящие метрики и wow growth;посчитать rolling 7-day сумму пользователей, rolling 3-day среднюю выручку, lag на 7 дней и week-over-week growth;2026-07-16 00:00:00
SQL_2206_01;sql;topn_per_group;SQL Core;Window Functions;1;Топ-2 зарплат по отделу;найти сотрудников, у которых зарплата входит в топ-2 по отделу с учётом одинаковых зарплат;2026-07-16 00:00:00
SQL_2206_02;sql;aggregation;SQL Core;Aggregation;1;Средний чек по странам в январе 2024;через join, group by и having найти страны, где средний чек заказа в январе 2024 выше 100;2026-07-16 00:00:00
SQL_2206_03;sql;retention;Product Analytics;User Lifecycle;2;Day-1 retention в упрощённой форме;найти дату первого действия пользователя и посчитать количество действий на следующий день после первого действия;2026-07-16 00:00:00
SQL_2206_04;sql;aggregation;SQL Core;Aggregation;1;Топ-10 пользователей по числу отправок;посчитать количество отправок на проверку по пользователям и вывести топ-10;2026-07-16 00:00:00
SQL_2206_05;sql;anti_join;SQL Core;Joins;2;Начинали Python Basics, но не SQL Basics;найти пользователей, которые начинали тест Python Basics, но не начинали SQL Basics;2026-07-16 00:00:00
SQL_2206_06;sql;aggregation;SQL Core;Aggregation;1;Клиенты с высоким средним чеком и числом заказов;найти клиентов, у которых средний чек выше 500 и заказов больше 3;2026-07-16 00:00:00
SQL_2206_07;sql;conditional_aggregation;SQL Core;Aggregation;2;Начисления vs списания по пользователям;посчитать сумму начислений и списаний по пользователям и найти тех, у кого разница больше 1000;2026-07-16 00:00:00
SQL_2206_08;sql;window_functions;SQL Core;Window Functions;2;Доля заказа от общей суммы заказов пользователя;для каждого заказа посчитать долю его суммы от общей суммы заказов этого пользователя;2026-07-16 00:00:00
SQL_2206_09;sql;anti_join;SQL Core;Joins;2;Отправляли Factorial, но не Fibonacci;найти пользователей, которые отправляли задачу Factorial, но ни разу не отправляли Fibonacci;2026-07-16 00:00:00
SQL_2206_10;sql;conditional_aggregation;SQL Core;Aggregation;2;Продажи по кварталам и разница Q2−Q1;для каждого региона посчитать продажи за Q1 и Q2 2025 и разницу между ними;2026-07-16 00:00:00
SQL_2206_11;sql;aggregation;SQL Core;Aggregation;1;Топ-5 городов по выручке;найти топ-5 городов по суммарной выручке;2026-07-16 00:00:00
SQL_2206_12;sql;anti_join;SQL Core;Joins;1;Сотрудники без продаж;найти сотрудников, которые не совершили ни одной продажи;2026-07-16 00:00:00
SQL_2206_13;sql;row_number;SQL Core;Window Functions;1;Текущая зарплата сотрудника;для каждого сотрудника найти последнюю по дате зарплату;2026-07-16 00:00:00
SQL_2206_14;sql;conditional_aggregation;SQL Core;Aggregation;2;Клиенты с низкой долей отмен;найти клиентов, у которых больше 3 заказов и процент отменённых меньше 20%;2026-07-16 00:00:00
SQL_2206_15;sql;aggregation;SQL Core;Aggregation;2;Первый и последний заказ пользователя;найти дату первого и последнего заказа пользователя и оставить тех, у кого между ними больше 90 дней;2026-07-16 00:00:00
PROB_2206_01;theory;cdf_interpretation;Distributions;Distribution Functions;1;Функция распределения и вероятность через F(x);объяснить, что такое функция распределения F(x), и выразить вероятность P(a < X ≤ b) через F;2026-07-16 00:00:00
PROB_2206_02;theory;exponential_distribution;Distributions;Continuous;1;F(t) и функция выживания для экспоненциального распределения;записать функцию распределения и функцию выживания для экспоненциального распределения;2026-07-16 00:00:00
PROB_2206_03;theory;independence;Probability;Conditional;1;Независимые и несовместные события;объяснить разницу между независимыми и несовместными событиями и привести пример;2026-07-16 00:00:00
PROB_2206_04;theory;correlation;Dependence;Covariance;2;Нулевая корреляция и независимость;объяснить, почему Corr(X,Y)=0 не гарантирует независимость, и привести контрпример;2026-07-16 00:00:00
PROB_2206_05;theory;chebyshev_inequality;Expectation & Variance;Inequalities;2;Неравенство Чебышёва;записать неравенство Чебышёва и объяснить, зачем оно нужно;2026-07-16 00:00:00
PROB_2206_06;theory;exponential_distribution;Distributions;Continuous;2;Свойство отсутствия памяти у экспоненциального распределения;объяснить свойство memoryless и записать его формулой;2026-07-16 00:00:00
PROB_2206_07;theory;distribution_concept;Distributions;Distribution Concepts;1;Связь Бернулли и биномиального распределения;объяснить связь между распределением Бернулли(p) и биномиальным распределением Bin(n,p);2026-07-16 00:00:00
PROB_2206_08;theory;distribution_concept;Distributions;Distribution Concepts;2;Связь нормального, χ² и распределения Стьюдента;объяснить связь между нормальным распределением, хи-квадрат и t-распределением;2026-07-16 00:00:00
SQL_2306_01;sql;forward_fill;SQL Core;Window Functions;3;Forward fill температуры по дням;для дат с 1 по 10 января 2024 показать температуру по каждому сенсору на каждый день, заполняя пропуски последним известным значением через generate_series и forward fill;2026-07-16 00:00:00
SQL_2306_02;sql;pivot_unpivot;Data Handling;Data Reshaping;2;Pivot выручки по месяцам;развернуть месяцы jan/feb/mar 2024 в отдельные колонки выручки по каждому продукту;2026-07-16 00:00:00
SQL_2306_03;sql;pivot_unpivot;Data Handling;Data Reshaping;2;Unpivot продаж по месяцам;преобразовать широкую таблицу pivoted_sales обратно в формат product, month, revenue;2026-07-16 00:00:00
SQL_2306_04;sql;as_of_join;SQL Core;Joins;3;Последний заказ до звонка;для каждого звонка найти последний заказ пользователя, созданный до момента звонка, и посчитать разницу во времени;2026-07-16 00:00:00
SQL_2306_05;sql;retention;Product Analytics;User Lifecycle;2;Месячный retention по когорте первого заказа;построить когорты по месяцу первого заказа, посчитать размер когорты и retention в следующем календарном месяце;2026-07-16 00:00:00
SQL_2306_06;sql;running_aggregates;SQL Core;Window Functions;2;Баланс пользователя по транзакциям;для каждого пользователя посчитать дневное изменение баланса и накопительный баланс по транзакциям;2026-07-16 00:00:00
SQL_2306_08;sql;rolling_window;SQL Core;Time Series;2;Rolling sum заказов за 30 дней;для каждого заказа посчитать сумму заказов этого же пользователя за предыдущие 30 дней включая текущий;2026-07-16 00:00:00
SQL_2306_09;sql;self_join;SQL Core;Joins;3;Сотрудники, зарабатывающие больше менеджера;найти департаменты, в которых больше двух сотрудников зарабатывают больше своего менеджера;2026-07-16 00:00:00
SQL_2306_10;sql;gaps_islands;SQL Core;Window Functions;3;Максимальная серия неудачных логинов;для каждого пользователя посчитать максимальное количество неудачных попыток входа подряд;2026-07-16 00:00:00
SQL_2306_11;sql;conditional_aggregation;SQL Core;Aggregation;2;Доходы vs расходы по месяцам;для каждого месяца посчитать число пользователей, у которых доходы больше расходов, и число пользователей, у которых расходы больше доходов;2026-07-16 00:00:00
SQL_2306_13;sql;topn_per_group;SQL Core;Window Functions;1;Top-3 уникальные зарплаты по департаменту;найти сотрудников, чья зарплата входит в топ-3 уникальных зарплат по департаменту;2026-07-16 00:00:00
SQL_2306_14;sql;topn_per_group;SQL Core;Window Functions;1;Сотрудники с максимальной зарплатой по департаменту;найти сотрудников с максимальной зарплатой в каждом департаменте;2026-07-16 00:00:00
PROB_2306_01;theory;conditional_expectation;Expectation & Variance;Expectation;2;Условное матожидание E[Y|X] и закон полного матожидания;по совместному распределению найти E[Y|X=0], E[Y|X=1] и проверить закон полного матожидания;2026-07-16 00:00:00
PROB_2306_02;theory;conditional_expectation;Expectation & Variance;Expectation;2;Условное матожидание E[X|Y];по совместному распределению найти E[X|Y=2] и E[X|Y=4];2026-07-16 00:00:00
PROB_2306_03;theory;conditional_expectation;Expectation & Variance;Expectation;1;Средняя зарплата по компании;по долям мужчин и женщин и их средним зарплатам найти среднюю зарплату по компании и назвать закон;2026-07-16 00:00:00
PROB_2306_04;theory;covariance;Dependence;Covariance;2;Ковариация по совместному распределению;по совместному распределению найти E[X], E[Y], E[XY], Cov(X,Y) и определить, коррелированы ли X и Y;2026-07-16 00:00:00
PROB_2306_05;theory;correlation;Dependence;Covariance;1;Corr и Var(X−Y) через Var и Cov;по Var(X), Var(Y) и Cov(X,Y) найти Corr(X,Y) и Var(X−Y);2026-07-16 00:00:00
PROB_2306_06;theory;covariance;Dependence;Covariance;1;Нулевая ковариация и независимость;объяснить, можно ли из Cov(X,Y)=0 сделать вывод о независимости, и привести контрпример;2026-07-16 00:00:00
PROB_2306_07;theory;geometric;Distributions;Discrete;1;Дисперсия геометрического распределения;при p=0.2 найти дисперсию геометрического распределения;2026-07-16 00:00:00
PROB_2306_08;theory;conditional_probability;Probability;Conditional;1;Специфичность теста и ложноположительный результат;по специфичности теста найти вероятность положительного результата для здорового человека;2026-07-16 00:00:00
PROB_2306_09;theory;sigma_rule;Distributions;Normal Distribution;1;Доля данных вне трёх сигм;по правилу трёх сигм найти процент наблюдений вне интервала μ ± 3σ;2026-07-16 00:00:00
PROB_2306_10;theory;distribution_concept;Distributions;Distribution Concepts;2;Связь стандартного нормального и хи-квадрат распределения;по независимым стандартным нормальным величинам определить распределение суммы квадратов и указать параметр;2026-07-16 00:00:00
PROB_2306_11;theory;distribution_concept;Distributions;Distribution Concepts;2;Связь нормального, хи-квадрат и Стьюдента;по выражению вида Z / sqrt(chi-square / nu) определить распределение Стьюдента и его параметр;2026-07-16 00:00:00
PROB_2306_12;theory;distribution_concept;Distributions;Distribution Concepts;1;Приближение биномиального распределения Пуассоном;для Bin(n,p) с большим n и малым p определить приближающее распределение и параметр λ=np;2026-07-16 00:00:00
STAT_2306_01;statistics;variable_types;Descriptive Statistics;Data Types;1;Типы переменных в клиентских данных;определить типы переменных для возраста, пола, города, суммы покупки и категории товара;2026-07-16 00:00:00
STAT_2306_02;statistics;sampling_design;Experimental Design;Sampling;1;Выборка для оценки удовлетворённости сотрудников;выбрать подходящий дизайн выборки для компании с 5 офисами при ограниченном бюджете и объяснить выбор;2026-07-16 00:00:00
STAT_2306_03;statistics;mean_vs_median;Descriptive Statistics;Central Tendency;1;Среднее или медиана для времени ответа поддержки;определить, какая мера лучше описывает типичное время ответа при правосторонне скошенном распределении;2026-07-16 00:00:00
STAT_2306_04;statistics;normality_assessment;Assumption Tests;Normality;2;Интерпретация QQ-plot с отклонением в хвостах;объяснить, что означает ситуация, когда точки на QQ-plot в целом лежат на прямой, но отклоняются в хвостах;2026-07-16 00:00:00
STAT_2306_05;statistics;test_selection;Hypothesis Testing;Test Selection;2;Шапиро–Уилк и выбор теста;по результату теста Шапиро–Уилка сделать вывод о нормальности и определить, использовать ли параметрический или непараметрический тест;2026-07-16 00:00:00
STAT_2306_06;statistics;hypothesis_formulation;Hypothesis Testing;Foundations;1;Гипотезы для роста конверсии;сформулировать H0 и H1 для проверки, что новый дизайн сайта увеличил конверсию;2026-07-16 00:00:00
STAT_2306_07;statistics;type1_type2;Hypothesis Testing;Decision Making;1;Ошибки I и II рода для баннера;описать ошибку I и II рода для гипотезы о клике по баннеру и выбрать более опасную для бизнеса;2026-07-16 00:00:00
STAT_2306_08;statistics;one_sample_test_selection;Parametric Analysis;One Sample Tests;1;Один средний чек и неизвестная дисперсия;назвать тест для одной выборки при проверке среднего значения, если дисперсия неизвестна;2026-07-16 00:00:00
STAT_2306_09;statistics;two_independent_test_selection;Parametric Analysis;Two Independent Samples;1;Две независимые группы и равенство конверсий;назвать тест для сравнения конверсий в двух независимых группах;2026-07-16 00:00:00
STAT_2306_10;statistics;test_selection;Hypothesis Testing;Test Selection;2;Три группы и сравнение среднего чека;описать последовательность шагов для сравнения среднего чека в трёх группах;2026-07-16 00:00:00
STAT_2306_11;statistics;p_value;Hypothesis Testing;Foundations;1;Решение по p-value 0.01;по p-value и уровню значимости определить, отвергается ли H0 и что это означает;2026-07-16 00:00:00
STAT_2306_12;statistics;p_value;Hypothesis Testing;Foundations;1;Интерпретация p-value 0.2;объяснить, означает ли большое p-value истинность нулевой гипотезы;2026-07-16 00:00:00
STAT_2306_13;statistics;interval_interpretation;Estimation;Confidence Intervals;1;Доверительный интервал и проверка H0;по доверительному интервалу для средней зарплаты решить, отвергается ли гипотеза о среднем значении 70000;2026-07-16 00:00:00
STAT_2306_14;statistics;central_limit_theorem;Hypothesis Testing;Foundations;1;Объяснение ЦПТ;кратко объяснить центральную предельную теорему и её роль при работе с одной выборкой;2026-07-16 00:00:00
STAT_2306_15;statistics;normality_assessment;Assumption Tests;Normality;2;Зачем проверять нормальность перед t-тестом;объяснить, зачем проверять нормальность перед применением t-теста;2026-07-16 00:00:00
STAT_2306_16;statistics;test_selection;Hypothesis Testing;Test Selection;2;Шапиро–Уилк p=0.04 и t-тест;по результату теста Шапиро–Уилка объяснить, можно ли использовать t-тест;2026-07-16 00:00:00
STAT_2306_17;statistics;data_transformation;Hypothesis Testing;Advanced Topics;2;Преобразование для правосторонне скошенных доходов;выбрать преобразование для правосторонне скошенных данных о доходах;2026-07-16 00:00:00
STAT_2306_18;statistics;test_selection;Hypothesis Testing;Test Selection;2;Что делать, если логарифм не помог нормализовать данные;описать дальнейшие действия, если после логарифмирования данные всё равно не проходят тест на нормальность;2026-07-16 00:00:00
STAT_2306_19;statistics;test_selection;Hypothesis Testing;Test Selection;2;Три баннера и средний чек;описать последовательность тестов для сравнения среднего чека в трёх группах;2026-07-16 00:00:00
STAT_2306_20;statistics;anova;Parametric Analysis;Multiple Independent Groups;2;Интерпретация значимой ANOVA;объяснить, что означает p-value=0.03 в ANOVA и что делать после значимого результата;2026-07-16 00:00:00
STAT_2306_21;statistics;test_selection;Hypothesis Testing;Test Selection;2;Тест Данна vs тест Тьюки;объяснить, чем отличается тест Данна от теста Тьюки;2026-07-16 00:00:00
SQL_2406_01;sql;join;SQL Core;Joins;1;Пользователи с отправками кода в апреле 2021;Из таблиц users и coderun вывести id, username, date_joined, problem_id для пользователей, отправлявших код с 1 по 30 апреля 2021 года;2026-07-16 00:00:00
SQL_2406_02;sql;join;SQL Core;Joins;1;Языки программирования и существующие задачи;Из language, languagetoproblem и problem вывести language_name, problem_name, complexity только для языков, у которых есть задачи;2026-07-16 00:00:00
SQL_2406_03;sql;anti_join;SQL Core;Joins;1;Языки программирования без задач;Вывести только те языки программирования, для которых не существует задач;2026-07-16 00:00:00
SQL_2406_04;sql;join;SQL Core;Joins;1;Правильные ответы на вопросы теста;Из testquestion и testanswer вывести question_id, question_value, question_tag, correct_answer_value только для правильных ответов;2026-07-16 00:00:00
SQL_2406_05;sql;anti_join;SQL Core;Joins;1;Задачи, которые никогда не отправлялись на проверку;Из problem и codesubmit вывести названия задач, которые никогда не отправлялись на проверку;2026-07-16 00:00:00
SQL_2406_06;sql;forward_fill;SQL Core;Window Functions;3;Forward fill статуса пользователя по дням;Для user_id = 1 показать статус на каждый день с 1 по 15 января, заполняя пропуски последним известным статусом;2026-07-16 00:00:00
SQL_2406_07;sql;pivot_unpivot;Data Handling;Data Reshaping;2;Pivot с двумя метриками по месяцам;Для employee_sales развернуть месяцы в колонки, показав revenue и clients по каждому месяцу;2026-07-16 00:00:00
SQL_2406_08;sql;pivot_unpivot;Data Handling;Data Reshaping;2;Unpivot таблицы с revenue и clients;Вернуть pivoted_emp к виду employee, month, revenue, clients через UNION ALL;2026-07-16 00:00:00
SQL_2406_09;sql;self_join;SQL Core;Joins;3;Сотрудник → руководитель + уровень и подчинённые;Для каждого сотрудника показать имя руководителя, разницу зарплат, уровень в иерархии и наличие подчинённых;2026-07-16 00:00:00
SQL_2406_10;sql;retention;Product Analytics;User Lifecycle;3;Дневной retention по когортам;Для user_actions посчитать cohort_size, day_1_retention, day_3_retention, day_7_retention по дневным когортам за последние 14 дней;2026-07-16 00:00:00
SQL_2406_14;sql;gaps_islands;SQL Core;Window Functions;3;Максимальная серия неудачных попыток;Для каждого пользователя посчитать максимальное количество неудачных попыток подряд;2026-07-16 00:00:00
SQL_2406_15;sql;exists;SQL Core;Subqueries / CTE;2;SQL Advanced, но не Python Advanced;"Найти пользователей, которые начали тест SQL Advanced, но не начали Python Advanced; решить через EXISTS / NOT EXISTS";2026-07-16 00:00:00
SQL_2406_16;sql;having;SQL Core;Aggregation;3;Задачи, которые отправляли сильные пользователи;Найти задачи, которые отправляли пользователи, успешно решившие хотя бы 5 разных задач;2026-07-16 00:00:00
SQL_2406_17;sql;running_aggregates;SQL Core;Window Functions;2;Кумулятивная сумма продаж по регионам;Для sales посчитать ежедневную сумму и нарастающий итог по регионам за 2025 год;2026-07-16 00:00:00
PROB_2406_01;theory;conditional_expectation;Expectation & Variance;Expectation;2;УМ4: E[Y|X] и закон полного матожидания;По совместному распределению найти E[Y|X=0], E[Y|X=1] и проверить закон полного матожидания;2026-07-16 00:00:00
PROB_2406_02;theory;conditional_expectation;Expectation & Variance;Expectation;2;УМ5: E[X|Y] по совместному распределению;По совместному распределению найти E[X|Y=0] и E[X|Y=2];2026-07-16 00:00:00
PROB_2406_03;theory;conditional_expectation;Expectation & Variance;Expectation;1;УМ6: средняя зарплата по трём отделам;Найти среднюю зарплату по компании через веса отделов и их средние зарплаты;2026-07-16 00:00:00
PROB_2406_04;theory;bayes;Probability;Bayes;2;Б1: коробка с шарами и апостериорная вероятность;После наблюдения белого шара найти вероятность того, что была выбрана первая коробка;2026-07-16 00:00:00
PROB_2406_05;theory;bayes;Probability;Bayes;3;Б2: тест на болезнь;По чувствительности, специфичности и prevalence найти P(болен | +);2026-07-16 00:00:00
PROB_2406_06;theory;total_probability;Probability;Conditional;2;Б3: урна без возвращения;Найти вероятность первого белого, второго чёрного и события «первый белый ИЛИ второй чёрный»;2026-07-16 00:00:00
PROB_2406_07;theory;covariance;Dependence;Covariance;2;К4: E[X], E[Y], Cov(X,Y) по таблице;По совместному распределению найти E[X], E[Y], Cov(X,Y) и определить, коррелированы ли X и Y;2026-07-16 00:00:00
PROB_2406_08;theory;variance_properties;Expectation & Variance;Variance;2;К5: Var(2X − Y);По Var(X), Var(Y), Cov(X,Y) найти Var(2X − Y);2026-07-16 00:00:00
PROB_2406_09;theory;variance_properties;Expectation & Variance;Variance;1;К6: Var(3X + 2Y) при независимости;По Var(X), Var(Y) и независимости найти Var(3X + 2Y);2026-07-16 00:00:00
PROB_2406_10;theory;geometric;Distributions;Discrete;1;Ф4: дисперсия геометрического распределения;Записать формулу Var геометрического распределения и посчитать её при p = 0.4;2026-07-16 00:00:00
PROB_2406_11;theory;conditional_probability;Probability;Conditional;1;Ф5: вероятность ложноположительного теста;По специфичности 97% найти вероятность положительного теста для здорового пациента;2026-07-16 00:00:00
PROB_2406_12;theory;exponential_distribution;Distributions;Continuous;2;Ф6: отсутствие памяти у экспоненциального распределения;Объяснить свойство отсутствия памяти и записать его формулой;2026-07-16 00:00:00
PROB_2406_13;theory;sigma_rule;Distributions;Normal Distribution;1;Ф7: правило трёх сигм;Ответить на вопросы про долю внутри μ±2σ, вне μ±3σ и в одном хвосте за μ+2σ;2026-07-16 00:00:00
PROB_2406_14;theory;portfolio_variance;Expectation & Variance;Applications;3;П7: ковариация и дисперсия портфеля;По σA, σB и Corr найти Cov(A,B), Var(P) при заданном w и вес минимальной дисперсии;2026-07-16 00:00:00
STAT_2406_01;statistics;one_sample_test_selection;Parametric Analysis;One Sample Tests;2;Одна выборка: средний рост = 170;По одной выборке n=25 и результату Шапиро–Уилка определить нормальность, выбрать тест для среднего и записать формулу статистики;2026-07-16 00:00:00
STAT_2406_02;statistics;two_independent_test_selection;Parametric Analysis;Two Independent Samples;2;Две независимые группы: равенство конверсий;Для двух независимых групп выбрать тест на равенство конверсий и записать формулу статистики;2026-07-16 00:00:00
STAT_2406_03;statistics;one_sample_test_selection;Parametric Analysis;One Sample Tests;3;Одна выборка: проверка стандартного отклонения;По одной выборке n=30 и результату Шапиро–Уилка определить нормальность, выбрать тест для проверки стандартного отклонения и записать формулу статистики;2026-07-16 00:00:00
STAT_2406_04;statistics;test_selection;Hypothesis Testing;Test Selection;2;Две независимые группы: алгоритм проверки средних;По результатам проверки нормальности описать последовательность выбора теста для сравнения средних двух групп;2026-07-16 00:00:00
STAT_2406_05;statistics;test_selection;Hypothesis Testing;Test Selection;3;Три группы: алгоритм сравнения средних;Для трёх групп при нормальности описать полную последовательность тестов для проверки равенства средних;2026-07-16 00:00:00
STAT_2406_06;statistics;one_sample_test_selection;Parametric Analysis;One Sample Tests;2;Одна выборка: проверка доли брака;Для одной выборки n=100 проверить гипотезу о доле брака 5%, выбрать тест и записать формулу статистики;2026-07-16 00:00:00
STAT_2406_07;statistics;one_sample_test_selection;Parametric Analysis;One Sample Tests;1;Одна выборка: среднее при известной дисперсии;Для одной выборки n=64 выбрать z-тест при известной дисперсии и записать формулу статистики;2026-07-16 00:00:00
SQL_2506_01;sql;anti_join;SQL Core;Joins;1;Пользователи, которые ни разу не запускали код;Из таблиц users и coderun требуется вывести идентификаторы пользователей, которые никогда не отправляли код на выполнение.;2026-07-16 00:00:00
SQL_2506_02;sql;join;SQL Core;Joins;1;Пользователи 2021 года с названием компании;Из таблиц users и company требуется вывести информацию о всех пользователях, которые зарегистрировались в 2021 году: идентификатор пользователя, логин пользователя, дата и время регистрации пользователя, название компании, к которой относится пользователь.;2026-07-16 00:00:00
SQL_2506_03;sql;join;SQL Core;Joins;2;Пользователи, которые запускали и отправляли код на проверку;Из таблиц users, coderun и codesubmit требуется вывести уникальные логины пользователей, которые отправляли код на выполнение, а также отправляли его на проверку. Выведите только тех пользователей, которые зарегистрировались в апреле 2021.;2026-07-16 00:00:00
SQL_2506_04;sql;anti_join;SQL Core;Joins;2;Пользователи, которые запускали код, но не отправляли на проверку;Из таблиц users, coderun и codesubmit требуется вывести уникальные логины пользователей, которые отправляли код на выполнение, но не отправляли его на проверку. Выведите только тех пользователей, которые зарегистрировались в апреле 2021.;2026-07-16 00:00:00
SQL_2506_05;sql;anti_join;SQL Core;Joins;1;Пользователи, не решившие ни одного теста;Из таблиц users и testresult требуется вывести уникальные идентификаторы пользователей, которые не решили ни одного теста.;2026-07-16 00:00:00
SQL_2506_06;sql;union_union_all;Data Handling;Set Operations;1;Объединение запусков и отправок кода в единый лог;Напишите запрос, который из таблиц coderun и codesubmit объединяет информацию о всех операциях с кодом — запуск на выполнение и отправка на проверку. В результате должны быть следующие столбцы: идентификатор пользователя, идентификатор задачи, дата и время отправки кода, тип попытки (run или submit), идентификатор языка программирования.;2026-07-16 00:00:00
SQL_2506_07;sql;union_union_all;Data Handling;Set Operations;1;Уникальные пары пользователь-задача из запусков и отправок;Напишите запрос, который из таблиц coderun и codesubmit выводит уникальные комбинации идентификаторов пользователей и идентификаторов задач, с которыми пользователи работали либо через выполнение кода, либо через отправку кода на проверку.;2026-07-16 00:00:00
SQL_2506_08;sql;rank_dense_rank;SQL Core;Window Functions;2;Вторая по величине зарплата;Table: Employee. Write a solution to find the second highest distinct salary from the Employee table. If there is no second highest salary, return null.;2026-07-16 00:00:00
SQL_2506_09;sql;string_cleanup;Data Handling;Strings;1;Приведение имён к правильному регистру;Table: Users. Write a solution to fix the names so that only the first character is uppercase and the rest are lowercase. Return the result table ordered by user_id.;2026-07-16 00:00:00
SQL_2506_10;sql;regex;Data Handling;Strings;2;Пациенты с Type I Diabetes;Table: Patients. Write a solution to find the patient_id, patient_name, and conditions of the patients who have Type I Diabetes. Type I Diabetes always starts with DIAB1 prefix. Код DIAB1 должен находиться как отдельное слово, а не как часть DIAB10.;2026-07-16 00:00:00
SQL_2506_11;sql;lag_lead;SQL Core;Window Functions;2;Заказы: месяц, дни с прошлого заказа и первый заказ;Таблица orders: id, user_id, created_at, amount. Для каждого заказа покажите: order_id, created_at, order_month — начало месяца, days_since_prev_order — дней с предыдущего заказа этого же пользователя, is_first_order — 1 если это первый заказ пользователя, 0 если нет.;2026-07-16 00:00:00
SQL_2506_12;sql;string_parsing;Data Handling;Strings;2;Фамилия и инициалы из полного имени;Таблица authors: id, full_name. Выведите full_name, last_name — фамилия (последнее слово), initials — строку вида «А. С. Пушкин» или «Л. Толстой». Используйте SPLIT_PART, LEFT, REGEXP_REPLACE.;2026-07-16 00:00:00
SQL_2506_13;sql;null_vs_empty_result;SQL Core;NULL Handling;2;NULL вместо пустого результата;"Напишите 3 запроса, которые вернут NULL, а не пустой результат: зарплата сотрудника с id = 99999; средняя зарплата в отделе FakeDept; имя сотрудника с максимальной зарплатой, если таблица пуста.";2026-07-16 00:00:00
SQL_2506_14;sql;topn_per_group;SQL Core;Window Functions;2;Топ-3 зарплат по отделам;Дано employees (id, name, department, salary). Найти сотрудников с зарплатой в топ-3 по их отделу.;2026-07-16 00:00:00
SQL_2506_15;sql;anti_join;SQL Core;Joins;1;Клиенты без заказов;Дано users (id, name), orders (id, user_id). Найти клиентов без заказов.;2026-07-16 00:00:00
SQL_2506_16;sql;having;SQL Core;Aggregation;1;Дубликаты email;Дано users (id, email, name). Найти email-адреса, которые встречаются больше одного раза.;2026-07-16 00:00:00
SQL_2506_17;sql;retention;Product Analytics;User Lifecycle;3;Месячный retention по когорте первого заказа;Таблица orders: user_id, order_date, amount. Первый заказ = активация. Постройте когорту по месяцу первого заказа, размер когорты и month 1 retention — долю пользователей, сделавших заказ в следующем календарном месяце.;2026-07-16 00:00:00
SQL_2506_18;sql;rolling_self_join;SQL Core;Time Series;3;Количество заказов пользователя за предыдущие 7 дней;Таблица orders (order_id, user_id, order_date, amount). Для каждого заказа посчитайте количество заказов этого же пользователя за предыдущие 7 дней, не включая текущий заказ. Выведите order_id, user_id, order_date, amount, cnt_prev_7d.;2026-07-16 00:00:00
SQL_2506_19;sql;conditional_aggregation;SQL Core;Aggregation;2;Метрики по зарплатам в департаментах;Таблицы employees (id, name, department_id, salary) и departments (id, name). Для каждого департамента посчитайте общее количество сотрудников, количество сотрудников с зарплатой выше 100000, количество сотрудников с зарплатой ниже 50000, процент высокооплачиваемых сотрудников. Выведите только департаменты, где больше 5 сотрудников.;2026-07-16 00:00:00
PROB_2506_01;theory;conditional_expectation;Expectation & Variance;Expectation;2;Условное матожидание по строкам совместного распределения;Совместное распределение: X\Y = {-1,1}, X={0,2} с вероятностями: P(X=0,Y=-1)=0.1, P(X=0,Y=1)=0.3, P(X=2,Y=-1)=0.4, P(X=2,Y=1)=0.2. Найти E[Y | X=0], E[Y | X=2] и проверить закон полного матожидания.;2026-07-16 00:00:00
PROB_2506_02;theory;conditional_expectation;Expectation & Variance;Expectation;2;Условное матожидание по столбцам совместного распределения;Совместное распределение: X\Y = {1,3}, X={-2,2} с вероятностями: P(X=-2,Y=1)=0.2, P(X=-2,Y=3)=0.1, P(X=2,Y=1)=0.3, P(X=2,Y=3)=0.4. Найти E[X | Y=1] и E[X | Y=3].;2026-07-16 00:00:00
PROB_2506_03;theory;conditional_expectation;Expectation & Variance;Expectation;1;Средний чек по смеси типов клиентов;50% клиентов — новые со средним чеком 1200, 30% — постоянные со средним чеком 2500, 20% — оптовые со средним чеком 8000. Найти средний чек по всем клиентам.;2026-07-16 00:00:00
PROB_2506_04;theory;normal_distribution;Distributions;Continuous;2;Нормальное распределение: баллы теста;Средний балл теста 70, σ=10, распределение нормальное. Найти: долю набравших больше 90, долю набравших от 60 до 80, диапазон центральных 95% результатов.;2026-07-16 00:00:00
PROB_2506_05;theory;normal_distribution;Distributions;Continuous;2;Нормальное распределение: диаметр детали и доля брака;Диаметр детали: μ=5 мм, σ=0.1 мм. Брак — всё, что выходит за пределы 4.8–5.2 мм. Найти долю брака и долю деталей с диаметром меньше 4.9 мм.;2026-07-16 00:00:00
PROB_2506_06;theory;normal_distribution;Distributions;Continuous;2;Нормальное распределение: вес пачек;Вес пачек: μ=500 г, σ=15 г. Найти долю пачек с весом от 485 до 515 г и долю пачек с весом больше 530 г.;2026-07-16 00:00:00
PROB_2506_07;theory;normal_distribution;Distributions;Continuous;2;Нормальное распределение: верхние и нижние квантили роста;Рост мужчин: μ=175 см, σ=6 см. Найти порог для самых высоких 2.5% мужчин и порог для самых низких 0.15% мужчин.;2026-07-16 00:00:00
PROB_2506_08;theory;chebyshev_inequality;Expectation & Variance;Inequalities;1;Формулировка неравенства Чебышёва;Сформулировать неравенство Чебышёва: записать формулу и кратко пояснить смысл.;2026-07-16 00:00:00
PROB_2506_09;theory;chebyshev_inequality;Expectation & Variance;Inequalities;1;Оценка доли чеков через неравенство Чебышёва;Средний чек 1000 руб., σ=200 руб. Оценить сверху долю чеков, которые отклоняются от среднего больше чем на 600 руб.;2026-07-16 00:00:00
PROB_2506_10;theory;chebyshev_inequality;Expectation & Variance;Inequalities;1;Оценка вероятности через неравенство Чебышёва;Случайная величина имеет μ=0, σ²=4. Что можно сказать о вероятности P(|X| ≥ 6)?;2026-07-16 00:00:00
PROB_2506_11;theory;chi_square_distribution;Distributions;Continuous;1;Распределение суммы квадратов стандартных нормальных величин;Сумма квадратов 3 независимых стандартных нормальных величин имеет какое распределение? Указать название и параметр.;2026-07-16 00:00:00
PROB_2506_12;theory;t_distribution;Distributions;Continuous;1;t-распределение из нормальной и хи-квадрат величины;Пусть Z ~ N(0,1), χ²(5) независима от Z. Какое распределение имеет Z / √(χ²(5)/5)? Указать название и параметр.;2026-07-16 00:00:00
STAT_2506_13;statistics;one_sample_test_selection;Parametric Analysis;One Sample Tests;1;Для чего применяются хи-квадрат и t-критерий Стьюдента;Кратко объяснить, для чего применяется критерий хи-квадрат и для чего применяется t-критерий Стьюдента.;2026-07-16 00:00:00
PROB_2506_14;theory;multistage_probability;Probability;Bayes;2;Урна без возвращения: два шара;В урне 5 белых и 3 чёрных шара. Достают 2 без возвращения. Найти P(оба белые) и P(первый белый ИЛИ второй белый).;2026-07-16 00:00:00
PROB_2506_15;theory;binomial;Distributions;Discrete;1;Биномиальное распределение: вероятность ровно двух успехов;Для биномиального распределения с n=6, p=0.4 найти P(X=2).;2026-07-16 00:00:00
PROB_2506_16;theory;exponential_distribution;Distributions;Continuous;1;Экспоненциальное распределение: вероятность пережить 15 минут;Случайная величина имеет экспоненциальное распределение, среднее время равно 10 минут. Найти P(T > 15 минут).;2026-07-16 00:00:00
STAT_2506_01;statistics;one_sample_test_selection;Parametric Analysis;One Sample Tests;2;Одна выборка: проверка среднего при неизвестной дисперсии;Одна выборка, n = 16. Проверяем среднее, дисперсия неизвестна. Шапиро–Уилк: p = 0.12, α = 0.05. Определить, нормальны ли данные, выбрать тест и записать формулу статистики буквами.;2026-07-16 00:00:00
STAT_2506_02;statistics;two_independent_test_selection;Parametric Analysis;Two Independent Samples;2;Две независимые группы: проверка равенства долей;Две независимые группы, проверяем равенство долей. n₁ = 300, n₂ = 300. Выбрать тест и записать формулу статистики буквами.;2026-07-16 00:00:00
STAT_2506_03;statistics;one_sample_test_selection;Parametric Analysis;One Sample Tests;1;Одна выборка: проверка среднего при известной дисперсии;Одна выборка, n = 40. Проверяем среднее, дисперсия известна. Выбрать тест и записать формулу статистики буквами.;2026-07-16 00:00:00
STAT_2506_04;statistics;test_selection;Hypothesis Testing;Test Selection;3;Две независимые группы: выбор теста для сравнения средних;Две независимые группы, проверяем равенство средних. Шапиро–Уилк для обеих групп: p = 0.11 и p = 0.23 при α = 0.05. Определить, нормальны ли данные, с чего начать проверку, какой тест использовать при равных дисперсиях и какой — при неравных.;2026-07-16 00:00:00
STAT_2506_05;statistics;one_sample_test_selection;Parametric Analysis;One Sample Tests;2;Одна выборка: проверка гипотезы о дисперсии;Одна выборка, n = 25. Проверяем, что дисперсия равна 16. Шапиро–Уилк: p = 0.08. Определить, нормальны ли данные, выбрать тест и записать формулу статистики буквами.;2026-07-16 00:00:00
STAT_2506_06;statistics;test_selection;Hypothesis Testing;Test Selection;3;Три группы: полная схема проверки равенства средних;Есть три группы A, B, C. Проверяем равенство средних. Для всех групп Шапиро–Уилк даёт p > 0.05. Опишите полную последовательность тестов и решений.;2026-07-16 00:00:00
STAT_2506_07;statistics;data_transformation;Hypothesis Testing;Advanced Topics;2;Что делать при ненормальности данных;Шапиро–Уилк дал p-value = 0.02 при α = 0.05. Данные скошены вправо. Определить, нормальны ли данные, какое преобразование попробовать первым и что делать дальше, если преобразование не поможет.;2026-07-16 00:00:00
STAT_2506_08;statistics;parametric_post_hoc_test_selection;Parametric Analysis;Post-hoc Tests;1;Что делать после значимого результата ANOVA;ANOVA показала p-value = 0.04 при α = 0.05. Что делать дальше после вывода о наличии различий между группами?;2026-07-16 00:00:00
STAT_2506_09;statistics;interval_estimation;Estimation;Confidence Intervals;2;95% доверительный интервал для среднего;Построить 95% доверительный интервал для среднего буквами и объяснить, что стоит после знака ±.;2026-07-16 00:00:00
STAT_2506_10;statistics;interval_estimation;Estimation;Confidence Intervals;2;95% доверительный интервал для доли;Построить 95% доверительный интервал для доли буквами.;2026-07-16 00:00:00
STAT_2606_01;statistics;shapiro_test;Assumption Tests;Normality;2;Критерий Шапиро–Уилка;Объяснить, какую гипотезу проверяет критерий Шапиро–Уилка и когда его следует применять.;2026-07-16 00:00:00
STAT_2606_02;statistics;fisher_f_test;Assumption Tests;Homogeneity of Variance;2;F-тест Фишера;Объяснить, какую гипотезу проверяет F-тест и когда его следует применять.;2026-07-16 00:00:00
STAT_2606_03;statistics;bartlett_test;Assumption Tests;Homogeneity of Variance;2;Критерий Бартлетта;Объяснить, какую гипотезу проверяет критерий Бартлетта и когда его следует применять.;2026-07-16 00:00:00
STAT_2606_04;statistics;one_sample_t_test;Parametric Analysis;One Sample Tests;2;Одновыборочный t-тест Стьюдента;Объяснить, какую гипотезу проверяет одновыборочный t-тест и когда его следует применять.;2026-07-16 00:00:00
STAT_2606_05;statistics;two_sample_t_test;Parametric Analysis;Two Independent Samples;2;Двухвыборочный t-тест Стьюдента;Объяснить, какую гипотезу проверяет t-тест для двух независимых выборок и когда его следует применять.;2026-07-16 00:00:00
STAT_2606_06;statistics;welch_test;Parametric Analysis;Two Independent Samples;2;Критерий Уэлча;Объяснить, какую гипотезу проверяет критерий Уэлча и когда его следует применять.;2026-07-16 00:00:00
STAT_2606_07;statistics;anova;Parametric Analysis;Multiple Independent Groups;2;ANOVA;Объяснить, какую гипотезу проверяет ANOVA и когда её следует применять.;2026-07-16 00:00:00
STAT_2606_08;statistics;tukey_test;Parametric Analysis;Post-hoc Tests;2;Тест Тьюки;Объяснить назначение теста Тьюки и когда его используют после ANOVA.;2026-07-16 00:00:00
STAT_2606_09;statistics;dunnett_test;Parametric Analysis;Post-hoc Tests;2;Тест Данна;Объяснить назначение теста Даннетта и когда его используют после ANOVA.;2026-07-16 00:00:00
STAT_2606_10;statistics;alexander_govern_test;Parametric Analysis;Multiple Independent Groups;3;Критерий Александера–Говерна;Объяснить, какую гипотезу проверяет критерий Александера–Говерна и когда его следует применять.;2026-07-16 00:00:00
STAT_2606_11;statistics;z_test;Parametric Analysis;One Sample Tests;2;Z-тест для одной доли;Объяснить, какую гипотезу проверяет z-тест для одной доли и когда его следует применять.;2026-07-16 00:00:00
STAT_2606_12;statistics;chi_square_variance_test;Parametric Analysis;One Sample Tests;2;Хи-квадрат для дисперсии;Объяснить, какую гипотезу проверяет критерий χ² для дисперсии и когда его следует применять.;2026-07-16 00:00:00
STAT_2606_13;statistics;test_selection;Hypothesis Testing;Test Selection;3;Полный алгоритм анализа A/B-теста;Для задачи сравнения среднего чека описать полный алгоритм выбора статистических критериев и принятия решения.;2026-07-16 00:00:00
SQL_2706_01;sql;aggregation;SQL Core;Aggregation;1;Количество задач по уровню сложности;Из таблицы problem вывести уровень сложности задач и количество задач для каждого уровня сложности.;2026-07-16 00:00:00
SQL_2706_02;sql;aggregation;SQL Core;Aggregation;1;Пользователи с пополнением кошелька;Из таблиц users, transaction и transactiontype вывести логины пользователей, совершавших транзакции типа «Пополнение кошелька».;2026-07-16 00:00:00
SQL_2706_03;sql;aggregation;SQL Core;Aggregation;2;Количество задач по языкам программирования;Из таблиц language, languagetoproblem и problem вывести названия языков программирования и количество задач по каждому языку.;2026-07-16 00:00:00
SQL_2706_04;sql;having;SQL Core;Aggregation;2;Пользователи с пополнением более 500;Вывести пользователей, сумма пополнений кошелька которых превышает 500.;2026-07-16 00:00:00
SQL_2706_05;sql;having;SQL Core;Aggregation;2;Пользователи с более чем 200 отправками;Вывести пользователей, зарегистрированных в 2021 году, у которых количество отправленных решений превышает 200.;2026-07-16 00:00:00
SQL_2706_06;sql;aggregation;SQL Core;Aggregation;2;Список проданных товаров по дням;Для каждой даты вывести количество различных товаров и их список через STRING_AGG в алфавитном порядке.;2026-07-16 00:00:00
SQL_2706_07;sql;having;SQL Core;Aggregation;2;Товары с продажами более 100 единиц;Найти товары, заказанные в феврале 2020 года суммарно не менее чем на 100 единиц.;2026-07-16 00:00:00
SQL_2706_08;sql;regex;Data Handling;Strings;2;Проверка корректности email;Найти пользователей с корректным email по заданному шаблону.;2026-07-16 00:00:00
SQL_2706_09;sql;self_join;SQL Core;Joins;3;Сотрудник, руководитель и средняя зарплата отдела;Использовать SELF JOIN и оконные функции для вывода руководителя, разницы зарплат и средней зарплаты отдела.;2026-07-16 00:00:00
SQL_2706_10;sql;rolling_self_join;SQL Core;Time Series;3;Сумма заказов за последние 30 дней;Для каждого заказа вычислить сумму заказов пользователя за предыдущие 30 дней, включая текущий заказ.;2026-07-16 00:00:00
SQL_2706_11;sql;topn_per_group;SQL Core;Window Functions;3;Лучший день продаж каждого товара;Для каждого товара определить день с максимальной суммой продаж, при равенстве выбрать последний по дате.;2026-07-16 00:00:00
SQL_2706_12;sql;conditional_aggregation;SQL Core;Aggregation;3;Начислений больше списаний;Найти пользователей, у которых количество начислений больше количества списаний и сумма начислений превышает 5000.;2026-07-16 00:00:00
SQL_2706_13;sql;running_aggregates;SQL Core;Window Functions;2;Накопительный баланс по операциям;Для каждого пользователя рассчитать ежедневное изменение баланса и накопительный баланс (running total) по датам с использованием оконной функции.;2026-07-16 00:00:00
STAT_2706_01;statistics;test_selection;Hypothesis Testing;Test Selection;2;Параметрические и непараметрические тесты;Объяснить различия между параметрическими и непараметрическими тестами и указать, когда выбирают непараметрические методы.;2026-07-16 00:00:00
STAT_2706_02;statistics;statistical_power;Hypothesis Testing;Decision Making;2;Почему непараметрические тесты менее мощные;Объяснить понятие мощности теста и почему непараметрические тесты обладают меньшей мощностью.;2026-07-16 00:00:00
STAT_2706_03;statistics;test_selection;Hypothesis Testing;Test Selection;2;Алгоритм действий после Шапиро–Уилка;После результата Шапиро–Уилка p=0.03 описать последовательность действий при нарушении нормальности.;2026-07-16 00:00:00
STAT_2706_04;statistics;data_transformation;Hypothesis Testing;Advanced Topics;2;Если логарифмирование не помогло;После логарифмирования данные остаются ненормальными. Определить следующий шаг преобразования.;2026-07-16 00:00:00
STAT_2706_05;statistics;one_sample_t_test;Parametric Analysis;One Sample Tests;2;После преобразования использовать t-тест;После успешного преобразования определить, можно ли применять t-критерий одной выборки.;2026-07-16 00:00:00
STAT_2706_06;statistics;test_selection;Hypothesis Testing;Test Selection;3;Алгоритм сравнения двух средних;Полная цепочка выбора теста для двух независимых выборок при сравнении средних.;2026-07-16 00:00:00
STAT_2706_07;statistics;test_selection;Hypothesis Testing;Test Selection;3;Алгоритм сравнения трёх групп;Полная последовательность проверки при сравнении трёх независимых групп.;2026-07-16 00:00:00
STAT_2706_08;statistics;z_test;Parametric Analysis;One Sample Tests;2;Сравнение двух долей;Определить необходимость проверки нормальности и выбрать тест для сравнения долей.;2026-07-16 00:00:00
STAT_2706_09;statistics;nonparametric_multiple_independent_selection;Nonparametric Analysis;Multiple Independent Groups;2;Ненормальные данные в трёх группах;Выбрать критерий сравнения нескольких групп при нарушении предпосылок параметрических тестов.;2026-07-16 00:00:00
STAT_2706_10;statistics;one_sample_t_test;Parametric Analysis;One Sample Tests;2;Одна выборка и неизвестная дисперсия;Выбрать критерий для проверки среднего одной выборки при неизвестной дисперсии.;2026-07-16 00:00:00
STAT_2706_11;statistics;test_selection;Hypothesis Testing;Test Selection;2;Краскела—Уоллиса и ANOVA;Сравнить критерий Краскела—Уоллиса и ANOVA, объяснить различия и области применения.;2026-07-16 00:00:00
STAT_2706_12;statistics;nonparametric_post_hoc_test_selection;Nonparametric Analysis;Post-hoc Tests;2;Что делать после Краскела—Уоллиса;Определить дальнейшие действия после значимого результата критерия Краскела—Уоллиса.;2026-07-16 00:00:00
STAT_2706_13;statistics;variance_assessment;Assumption Tests;Homogeneity of Variance;2;Левен против Бартлетта;Сравнить критерии Левена и Бартлетта и определить область применения каждого.;2026-07-16 00:00:00
STAT_2706_14;statistics;multiple_testing_correction;Hypothesis Testing;Advanced Topics;2;Поправка Бонферрони;Объяснить назначение поправки Бонферрони и ситуации её применения.;2026-07-16 00:00:00
STAT_2706_15;statistics;ab_testing_design;A/B Testing;Experiment Design;2;Минимальный размер выборки и MDE;Объяснить назначение минимального размера выборки и понятие MDE.;2026-07-16 00:00:00
STAT_2706_16;statistics;ab_testing_design;A/B Testing;Experiment Design;2;Почему нельзя останавливать A/B-тест раньше;Объяснить проблему преждевременной остановки A/B-теста.;2026-07-16 00:00:00
STAT_2706_17;statistics;ab_testing_design;A/B Testing;Experiment Design;2;Вывод по A/B-тесту;Сделать статистический вывод по результатам A/B-теста с p-value=0.02.;2026-07-16 00:00:00
STAT_2706_18;statistics;one_sample_t_test;Parametric Analysis;One Sample Tests;2;Формула t-критерия одной выборки;Записать формулу статистики t-критерия одной выборки.;2026-07-16 00:00:00
STAT_2706_19;statistics;z_test;Parametric Analysis;One Sample Tests;2;Формула z-теста для доли;Записать формулу статистики z-теста для одной доли.;2026-07-16 00:00:00
STAT_2706_20;statistics;chi_square_variance_test;Parametric Analysis;One Sample Tests;2;Формула χ²-критерия для дисперсии;Записать формулу статистики критерия χ² для проверки дисперсии.;2026-07-16 00:00:00
STAT_2706_21;statistics;interval_estimation;Estimation;Confidence Intervals;2;Формула доверительного интервала для среднего;Записать формулу 95%-го доверительного интервала для среднего.;2026-07-16 00:00:00
STAT_2706_22;statistics;interval_estimation;Estimation;Confidence Intervals;2;Формула доверительного интервала для доли;Записать формулу 95%-го доверительного интервала для доли.;2026-07-16 00:00:00
STAT_2706_23;statistics;test_selection;Hypothesis Testing;Test Selection;3;Полный алгоритм сравнения трёх групп при ненормальности;Полностью описать алгоритм выбора критериев при сравнении трёх групп при нарушении нормальности.;2026-07-16 00:00:00
STAT_2706_24;statistics;test_selection;Hypothesis Testing;Test Selection;2;Данн и Тьюки;Сравнить тест Данна и тест Тьюки и определить область применения каждого.;2026-07-16 00:00:00
STAT_2706_25;statistics;multiple_testing_correction;Hypothesis Testing;Advanced Topics;2;Поправка Бонферрони;Объяснить назначение поправки Бонферрони и записать формулу корректировки уровня значимости.;2026-07-16 00:00:00
STAT_2706_26;statistics;hypothesis_decision;Hypothesis Testing;Decision Making;2;Интерпретация результата A/B-теста;Сделать вывод по результатам A/B-теста при p-value=0.08.;2026-07-16 00:00:00
STAT_2706_27;statistics;ab_testing_design;A/B Testing;Experiment Design;2;MDE и размер выборки;Объяснить связь MDE и необходимого объёма выборки.;2026-07-16 00:00:00
STAT_2706_28;statistics;ab_testing_design;A/B Testing;Experiment Design;2;Peeking problem;Объяснить проблему peeking и её влияние на ошибку I рода.;2026-07-16 00:00:00
STAT_2706_29;statistics;sample_size_estimation;Experimental Design;Sampling;2;Формула размера выборки для доли;Записать формулу минимального размера выборки для оценки доли.;2026-07-16 00:00:00
STAT_2706_30;statistics;normality_assessment;Assumption Tests;Normality;2;Интерпретация QQ-plot;Интерпретировать QQ-plot с отклонением точек в правом хвосте.;2026-07-16 00:00:00
STAT_2706_31;statistics;variance_assessment;Assumption Tests;Homogeneity of Variance;2;Левен или Бартлетт;Выбрать критерий проверки равенства дисперсий и объяснить выбор.;2026-07-16 00:00:00
STAT_2706_32;statistics;parametric_post_hoc_test_selection;Parametric Analysis;Post-hoc Tests;2;Действия после значимой ANOVA;Объяснить необходимость пост-хок анализа после значимой ANOVA.;2026-07-16 00:00:00
STAT_2806_01;statistics;normality_assessment;Assumption Tests;Normality;2;QQ-plot: левый хвост;Интерпретировать QQ-plot, если точки на левом конце отклоняются вниз от прямой.;2026-07-16 00:00:00
STAT_2806_02;statistics;normality_assessment;Assumption Tests;Normality;2;QQ-plot: правый хвост;Интерпретировать QQ-plot, если точки на правом конце отклоняются вверх от прямой.;2026-07-16 00:00:00
STAT_2806_03;statistics;test_selection;Hypothesis Testing;Test Selection;3;Алгоритм после Шапиро–Уилка;По результатам Шапиро–Уилка, QQ-plot и гистограммы описать полный алгоритм действий до выбора теста.;2026-07-16 00:00:00
STAT_2806_04;statistics;sample_size_estimation;Experimental Design;Sampling;2;Формула размера выборки для среднего;Записать формулу минимального размера выборки для среднего и объяснить параметры.;2026-07-16 00:00:00
STAT_2806_05;statistics;sample_size_estimation;Experimental Design;Sampling;2;Формула размера выборки для доли;Записать формулу минимального размера выборки для доли и объяснить выбор p=0.5.;2026-07-16 00:00:00
STAT_2806_06;statistics;sample_size_estimation;Experimental Design;Sampling;2;Расчёт размера выборки;Оценить минимальный размер выборки для роста конверсии с 10% до 12%.;2026-07-16 00:00:00
STAT_2806_07;statistics;ab_testing_design;A/B Testing;Experiment Design;2;Что такое MDE;Объяснить понятие MDE и связь с необходимым размером выборки.;2026-07-16 00:00:00
STAT_2806_08;statistics;ab_testing_design;A/B Testing;Experiment Design;2;Peeking problem;Объяснить, почему нельзя постоянно проверять p-value во время A/B-теста.;2026-07-16 00:00:00
STAT_2806_09;statistics;ab_testing_design;A/B Testing;Experiment Design;2;Ответ менеджеру во время A/B-теста;Объяснить, почему нельзя завершать эксперимент раньше рассчитанного срока.;2026-07-16 00:00:00
STAT_2806_10;statistics;multiple_testing_correction;Hypothesis Testing;Advanced Topics;2;Поправка Бонферрони;Записать формулу поправки Бонферрони и определить число сравнений.;2026-07-16 00:00:00
STAT_2806_11;statistics;multiple_testing_correction;Hypothesis Testing;Advanced Topics;2;Холм против Бонферрони;Объяснить различия между поправками Холма и Бонферрони.;2026-07-16 00:00:00
STAT_2806_12;statistics;parametric_post_hoc_test_selection;Parametric Analysis;Post-hoc Tests;2;Попарные сравнения четырёх групп;Определить число попарных сравнений и выбрать подходящий post-hoc тест.;2026-07-16 00:00:00
STAT_2806_13;statistics;test_selection;Hypothesis Testing;Test Selection;3;Две группы без нормальности;Полностью описать алгоритм сравнения двух независимых групп при нарушении нормальности.;2026-07-16 00:00:00
STAT_2806_14;statistics;variance_assessment;Assumption Tests;Homogeneity of Variance;2;Проверка равенства дисперсий;Выбрать критерий для проверки равенства дисперсий трёх групп и интерпретировать результат.;2026-07-16 00:00:00
STAT_2806_15;statistics;test_selection;Hypothesis Testing;Test Selection;3;Четыре группы без нормальности;Полностью описать алгоритм сравнения четырёх групп при ненормальности данных.;2026-07-16 00:00:00
STAT_2806_16;statistics;paired_t_test;Parametric Analysis;Paired Samples;2;Парный t-тест;Выбрать критерий для двух зависимых выборок при нормальности данных.;2026-07-16 00:00:00
STAT_2806_17;statistics;standard_error;Estimation;Estimation Concepts;2;Формула стандартной ошибки;Записать формулу стандартной ошибки среднего.;2026-07-16 00:00:00
STAT_2806_18;statistics;one_sample_t_test;Parametric Analysis;One Sample Tests;2;Формула t-критерия;Записать формулу t-критерия одной выборки.;2026-07-16 00:00:00
STAT_2806_19;statistics;z_test;Parametric Analysis;One Sample Tests;2;Формула z-критерия;Записать формулу z-критерия для одной доли.;2026-07-16 00:00:00
STAT_2806_20;statistics;interval_estimation;Estimation;Confidence Intervals;2;Доверительный интервал среднего;Записать формулу 95%-го доверительного интервала для среднего.;2026-07-16 00:00:00
STAT_2806_21;statistics;interval_estimation;Estimation;Confidence Intervals;2;Доверительный интервал доли;Записать формулу 95%-го доверительного интервала для доли.;2026-07-16 00:00:00
STAT_2806_22;statistics;chi_square_variance_test;Parametric Analysis;One Sample Tests;2;Формула χ²-критерия;Записать формулу χ²-критерия для проверки дисперсии.;2026-07-16 00:00:00
STAT_2806_23;statistics;sample_size_estimation;Experimental Design;Sampling;2;Формула размера выборки для доли;Записать формулу минимального размера выборки для доли.;2026-07-16 00:00:00
SQL_2906_01;sql;constraints;SQL Theory;Basics;1;Первичный ключ;Объяснить, что такое первичный ключ, почему он должен быть уникальным и не может принимать значение NULL.;2026-07-16 00:00:00
SQL_2906_02;sql;sql_commands;SQL Theory;Basics;2;DELETE и TRUNCATE;Сравнить команды DELETE и TRUNCATE, указать различия, тип SQL-команд и особенности работы.;2026-07-16 00:00:00
SQL_2906_03;sql;sql_commands;SQL Theory;Basics;2;Группы команд SQL;Назвать группы команд SQL (DDL, DML, DCL, TCL) и привести примеры каждой.;2026-07-16 00:00:00
SQL_2906_04;sql;constraints;SQL Theory;Basics;2;Внешний ключ;Объяснить назначение внешнего ключа и понятие ссылочной целостности.;2026-07-16 00:00:00
SQL_2906_05;sql;indexes;SQL Theory;Performance;2;Индексы и внешние ключи;Объяснить, создаётся ли индекс автоматически для первичного и внешнего ключей.;2026-07-16 00:00:00
SQL_2906_06;sql;regex;Data Handling;Strings;2;Проверка телефонных номеров;Найти пользователей с корректным российским мобильным номером при помощи регулярного выражения и вывести признак валидности.;2026-07-16 00:00:00
SQL_2906_07;sql;pivot_unpivot;Data Handling;Data Reshaping;2;Pivot по категориям;Для каждого пользователя построить Pivot с суммой расходов по категориям через SUM(CASE WHEN...).;2026-07-16 00:00:00
SQL_2906_08;sql;aggregation;SQL Core;Aggregation;2;ARRAY_AGG категорий;Для каждого пользователя собрать уникальные категории покупок в отсортированный массив с помощью ARRAY_AGG.;2026-07-16 00:00:00
SQL_2906_09;sql;as_of_join;SQL Core;Joins;2;As-Of Join по истории цен;Для каждого заказа определить актуальную цену товара на момент заказа с использованием ROW_NUMBER().;2026-07-16 00:00:00
SQL_2906_10;sql;sql_reading;SQL Core;Basics;2;Чтение запроса Retention;Проанализировать SQL-запрос расчёта retention, определить grain, назначение JOIN и результат работы запроса.;2026-07-16 00:00:00
SQL_2906_11;sql;retention;Product Analytics;User Lifecycle;2;Дневной retention;Рассчитать retention Day 1, Day 3 и Day 7 для когорт последних 14 дней.;2026-07-16 00:00:00
SQL_2906_12;sql;exists;SQL Core;Subqueries / CTE;2;EXISTS против IN;Реализовать запросы через EXISTS и IN и объяснить, почему EXISTS обычно работает быстрее.;2026-07-16 00:00:00
SQL_2906_14;sql;as_of_join;SQL Core;Joins;3;MERCHANT: Top-3 MCC-групп;Для каждого месяца определить три крупнейшие MCC-группы по сумме транзакций с учётом историчности справочника.;2026-07-16 00:00:00
SQL_2906_15;sql;rolling_generate_series;SQL Core;Time Series;3;Активность без пропусков;Найти пользователей, активных каждый день последних 30 дней с использованием generate_series.;2026-07-16 00:00:00
SQL_2906_16;sql;recursive_cte;SQL Core;Subqueries / CTE;3;Рекурсивные CTE;Объяснить принцип построения рекурсивного CTE для поиска всей иерархии сотрудников.;2026-07-16 00:00:00
SQL_2906_17;sql;conditional_aggregation;SQL Core;Aggregation;2;Выполнение условий в двух месяцах;Найти клиентов, выполнивших условие по сумме completed-заказов одновременно в январе и феврале.;2026-07-16 00:00:00
STAT_2906_01;statistics;critical_region;Hypothesis Testing;Foundations;2;Правосторонняя критическая область (z);Определить критическое значение и критическую область для правостороннего z-критерия.;2026-07-16 00:00:00
STAT_2906_02;statistics;critical_region;Hypothesis Testing;Foundations;2;Двусторонняя критическая область (z);Определить критические значения и критическую область для двустороннего z-критерия.;2026-07-16 00:00:00
STAT_2906_03;statistics;critical_region;Hypothesis Testing;Foundations;2;Левосторонняя критическая область (t);Определить критическую область для t-распределения при левосторонней альтернативе.;2026-07-16 00:00:00
STAT_2906_04;statistics;critical_region;Hypothesis Testing;Foundations;2;Критическая область χ²;Определить критическую область для χ²-критерия проверки дисперсии.;2026-07-16 00:00:00
STAT_2906_05;statistics;shapiro_test;Assumption Tests;Normality;1;Интерпретация Шапиро-Уилка (p>α);Сделать вывод по результату критерия Шапиро-Уилка при p-value > α.;2026-07-16 00:00:00
STAT_2906_06;statistics;shapiro_test;Assumption Tests;Normality;1;Интерпретация Шапиро-Уилка (p>α при α=0.01);Сделать вывод по результату критерия Шапиро-Уилка при другом уровне значимости.;2026-07-16 00:00:00
STAT_2906_07;statistics;test_selection;Hypothesis Testing;Test Selection;2;Алгоритм после проверки нормальности;Описать последовательность действий после нарушения нормальности и анализа QQ-plot.;2026-07-16 00:00:00
STAT_2906_08;statistics;normality_assessment;Assumption Tests;Normality;2;Сравнение тестов нормальности;Сравнить критерии Шапиро-Уилка, Андерсона-Дарлинга и Колмогорова-Смирнова.;2026-07-16 00:00:00
STAT_2906_09;statistics;test_selection;Hypothesis Testing;Test Selection;2;Манна—Уитни и Краскела—Уоллиса;Объяснить различия критериев Манна—Уитни и Краскела—Уоллиса и области применения.;2026-07-16 00:00:00
STAT_2906_10;statistics;test_selection;Hypothesis Testing;Test Selection;2;Манна—Уитни и Колмогорова—Смирнова;Сравнить критерии Манна—Уитни и Колмогорова—Смирнова.;2026-07-16 00:00:00
STAT_2906_11;statistics;nonparametric_post_hoc_test_selection;Nonparametric Analysis;Post-hoc Tests;2;Что делать после Краскела—Уоллиса;Определить дальнейшие действия после значимого результата критерия Краскела—Уоллиса.;2026-07-16 00:00:00
STAT_2906_12;statistics;nonparametric_two_independent_selection;Nonparametric Analysis;Two Independent Samples;2;Две малые ненормальные выборки;Выбрать критерий для сравнения двух небольших независимых выборок при отсутствии нормальности.;2026-07-16 00:00:00
STAT_2906_13;statistics;mann_whitney_test;Nonparametric Analysis;Two Independent Samples;2;Две большие ненормальные выборки;Определить возможность применения критерия Манна—Уитни при больших выборках.;2026-07-16 00:00:00
STAT_2906_14;statistics;standard_error;Estimation;Estimation Concepts;2;Формула стандартной ошибки;Записать формулу стандартной ошибки среднего.;2026-07-16 00:00:00
STAT_2906_15;statistics;one_sample_t_test;Parametric Analysis;One Sample Tests;2;Формула t-критерия;Записать формулу t-статистики для одной выборки.;2026-07-16 00:00:00
STAT_2906_16;statistics;z_test;Parametric Analysis;One Sample Tests;2;Формула z-критерия;Записать формулу z-статистики для одной доли.;2026-07-16 00:00:00
STAT_2906_17;statistics;chi_square_variance_test;Parametric Analysis;One Sample Tests;2;Формула χ²-критерия;Записать формулу χ²-статистики для проверки дисперсии.;2026-07-16 00:00:00
STAT_2906_18;statistics;interval_estimation;Estimation;Confidence Intervals;2;Формула доверительного интервала для среднего;Записать формулу доверительного интервала для среднего.;2026-07-16 00:00:00
STAT_2906_19;statistics;interval_estimation;Estimation;Confidence Intervals;2;Формула доверительного интервала для доли;Записать формулу доверительного интервала для доли.;2026-07-16 00:00:00
PROB_2906_01;theory;classical_probability;Probability;Basics;2;Вероятности при извлечении шаров;Найти вероятность двух белых шаров и вероятность хотя бы одного белого при извлечении без возвращения.;2026-07-16 00:00:00
PROB_2906_02;theory;bayes;Probability;Bayes;2;Формула Байеса для двух коробок;По формуле Байеса определить вероятность выбора второй коробки после извлечения белого шара.;2026-07-16 00:00:00
PROB_2906_03;theory;bayes;Probability;Bayes;3;Байес для медицинского теста;Найти вероятность заболевания при положительном результате теста.;2026-07-16 00:00:00
PROB_2906_04;theory;binomial;Distributions;Discrete;1;Монета: ровно два орла;Найти вероятность появления ровно двух орлов при трёх бросках монеты.;2026-07-16 00:00:00
PROB_2906_05;theory;distribution_identification;Distributions;Distribution Concepts;1;Определение распределений;Определить подходящее распределение по описанию случайной величины.;2026-07-16 00:00:00
PROB_2906_06;theory;poisson;Distributions;Discrete;2;Вероятности распределения Пуассона;Вычислить вероятности P(X=0) и P(X=1) для распределения Пуассона.;2026-07-16 00:00:00
PROB_2906_07;theory;exponential_distribution;Distributions;Continuous;2;Экспоненциальное распределение;Найти параметр λ и вероятность превышения заданного времени.;2026-07-16 00:00:00
PROB_2906_08;theory;geometric;Distributions;Discrete;2;Геометрическое распределение;Найти математическое ожидание и вероятность заданного номера испытания.;2026-07-16 00:00:00
PROB_2906_09;theory;uniform_distribution;Distributions;Continuous;2;Равномерное распределение;Найти математическое ожидание, дисперсию и вероятность попадания в интервал.;2026-07-16 00:00:00
PROB_2906_10;theory;normal_distribution;Distributions;Continuous;2;Нормальное распределение;Определить вероятность превышения значения и диапазон 95% наблюдений.;2026-07-16 00:00:00
PROB_2906_11;theory;covariance;Dependence;Covariance;3;Ковариация по совместному распределению;Вычислить E[X], E[Y], E[XY], Cov(X,Y) и определить наличие зависимости.;2026-07-16 00:00:00
PROB_2906_12;theory;conditional_expectation;Expectation & Variance;Expectation;3;Условное математическое ожидание;Найти условные математические ожидания E[Y│X].;2026-07-16 00:00:00
PROB_2906_13;theory;variance_properties;Expectation & Variance;Variance;2;Дисперсия суммы и корреляция;Найти дисперсию суммы случайных величин и коэффициент корреляции.;2026-07-16 00:00:00
PROB_2906_14;theory;portfolio_variance;Expectation & Variance;Applications;3;Дисперсия портфеля;Найти ковариацию активов и дисперсию портфеля.;2026-07-16 00:00:00
PROB_2906_15;theory;sigma_rule;Distributions;Normal Distribution;1;Правило трёх сигм;Назвать долю наблюдений в пределах одной, двух и трёх сигм.;2026-07-16 00:00:00
PROB_2906_16;theory;chebyshev_inequality;Expectation & Variance;Inequalities;2;Неравенство Чебышёва;Записать формулу Чебышёва и оценить вероятность отклонения не менее двух сигм.;2026-07-16 00:00:00
PROB_2906_17;theory;independence;Probability;Conditional;2;Независимость и несовместность;Объяснить различия независимых и несовместных событий и привести примеры.;2026-07-16 00:00:00
PROB_2906_18;theory;correlation_interpretation;Dependence;Covariance;2;Нулевая корреляция и независимость;Объяснить, означает ли нулевая корреляция независимость, и привести контрпример.;2026-07-16 00:00:00
PROB_2906_19;theory;distribution_properties;Distributions;Distribution Concepts;2;Связь Пуассона и экспоненциального распределения;Объяснить связь распределений Пуассона и экспоненциального распределения.;2026-07-16 00:00:00
PROB_2906_20;theory;distribution_properties;Distributions;Distribution Concepts;2;Связь нормального, χ² и распределения Стьюдента;Объяснить происхождение χ² и t-распределения из нормального распределения.;2026-07-16 00:00:00
SQL_0107_01;sql;constraints;SQL Theory;Basics;1;NULL во внешнем ключе;Объяснить, может ли внешний ключ содержать NULL и в каких случаях это допустимо.;2026-07-16 00:00:00
SQL_0107_02;sql;table_relationships;SQL Theory;Data Modeling;1;Типы связей между таблицами;Назвать типы связей между таблицами и привести реальные примеры для каждой.;2026-07-16 00:00:00
SQL_0107_03;sql;null_handling;SQL Theory;NULL Handling;1;COUNT(*) и COUNT(column);Объяснить различия между COUNT(*) и COUNT(column) при наличии NULL.;2026-07-16 00:00:00
SQL_0107_04;sql;constraints;SQL Theory;Basics;1;Ссылочная целостность;Объяснить понятие ссылочной целостности и роль внешнего ключа в её обеспечении.;2026-07-16 00:00:00
SQL_0107_05;sql;constraints;SQL Theory;Basics;2;TRUNCATE и внешние ключи;Объяснить, почему TRUNCATE блокируется при наличии внешних ключей и когда можно использовать CASCADE.;2026-07-16 00:00:00
SQL_0107_06;sql;join;SQL Core;Joins;2;Пользователи, отправлявшие код и на выполнение, и на проверку;Найти количество уникальных пользователей, отправлявших код и в coderun, и в codesubmit.;2026-07-16 00:00:00
SQL_0107_07;sql;anti_join;SQL Core;Joins;2;Пользователи без отправок на проверку;Найти количество пользователей, отправлявших код на выполнение, но не отправлявших на проверку.;2026-07-16 00:00:00
SQL_0107_08;sql;conditional_aggregation;SQL Core;Aggregation;1;Активные и неактивные пользователи;Посчитать количество активных и неактивных пользователей.;2026-07-16 00:00:00
SQL_0107_09;sql;conditional_aggregation;SQL Core;Aggregation;2;Активность пользователей по компаниям;Посчитать количество активных и неактивных пользователей по каждой компании.;2026-07-16 00:00:00
SQL_0107_10;sql;aggregation;SQL Core;Aggregation;1;Список email через STRING_AGG;"Собрать все email в одну строку через '; ' с сортировкой по возрастанию.";2026-07-16 00:00:00
SQL_0107_11;sql;deduplication;Data Modeling;Data Quality;3;Удаление дубликатов email;Удалить дубликаты email, оставив запись с минимальным id.;2026-07-16 00:00:00
SQL_0107_12;sql;regex;Data Handling;Strings;3;Проверка email через Regex;Определить валидность email с помощью регулярного выражения и проверки количества символов '@'.;2026-07-16 00:00:00
SQL_0107_13;sql;rank_dense_rank;SQL Core;Window Functions;3;Третья зарплата и второй заказ;Найти третью по величине зарплату в отделе и второй заказ каждого пользователя.;2026-07-16 00:00:00
SQL_0107_14;sql;gaps_islands;SQL Core;Window Functions;3;Серии входов длиной 5+ дней;Найти пользователей с непрерывной серией входов длиной не менее пяти дней.;2026-07-16 00:00:00
SQL_0107_15;sql;sql_reading;SQL Core;Basics;2;Анализ запроса со streaks;Объяснить работу SQL-запроса, определить grain и назначение каждого этапа.;2026-07-16 00:00:00
SQL_0107_16;sql;retention;Product Analytics;User Lifecycle;3;Месячный retention;Рассчитать month-1 retention по когортам за последние шесть месяцев.;2026-07-16 00:00:00
SQL_0107_17;sql;exists;SQL Core;Subqueries / CTE;2;NOT EXISTS против LEFT JOIN;Найти пользователей без заказов за 2024 год через NOT EXISTS и LEFT JOIN, объяснить отличие от NOT IN.;2026-07-16 00:00:00
STAT_0107_01;statistics;dependent_vs_independent_samples;Experimental Design;Study Design;2;Зависимые и независимые выборки;Объяснить различия между зависимыми и независимыми выборками и привести примеры.;2026-07-16 00:00:00
STAT_0107_02;statistics;dependent_vs_independent_samples;Experimental Design;Study Design;2;Почему нельзя применять парный t-тест в A/B;Объяснить, почему классический A/B-тест не анализируют парным t-тестом.;2026-07-16 00:00:00
STAT_0107_03;statistics;dependent_vs_independent_samples;Experimental Design;Study Design;2;До и после лечения;Определить тип выборок и выбрать критерий при нормальных данных.;2026-07-16 00:00:00
STAT_0107_04;statistics;paired_t_test;Parametric Analysis;Paired Samples;2;Логика парного t-теста;Объяснить принцип работы парного t-теста и его связь с одновыборочным t-тестом.;2026-07-16 00:00:00
STAT_0107_05;statistics;paired_test_selection;Parametric Analysis;Paired Samples;2;Парный t-тест и альтернатива;Выбрать критерий и тип альтернативной гипотезы для зависимых выборок.;2026-07-16 00:00:00
STAT_0107_06;statistics;repeated_measures_anova;Parametric Analysis;Multiple Paired Groups;3;ANOVA с повторными измерениями;Объяснить разбиение внутригрупповой изменчивости и смысл такого разложения.;2026-07-16 00:00:00
STAT_0107_07;statistics;paired_test_selection;Parametric Analysis;Paired Samples;2;Уилкоксон и парный t-тест;Сравнить критерий Уилкоксона и парный t-тест.;2026-07-16 00:00:00
STAT_0107_08;statistics;critical_region;Hypothesis Testing;Foundations;2;Интерпретация статистики Уилкоксона;Определить решение по критерию Уилкоксона по статистике T и критическому значению.;2026-07-16 00:00:00
STAT_0107_09;statistics;multiple_paired_test_selection;Parametric Analysis;Multiple Paired Groups;2;Фридман и ANOVA;Сравнить критерий Фридмана и ANOVA с повторными измерениями.;2026-07-16 00:00:00
STAT_0107_10;statistics;paired_test_selection;Parametric Analysis;Paired Samples;2;G-критерий знаков;Объяснить отличие критерия знаков от критерия Уилкоксона.;2026-07-16 00:00:00
STAT_0107_11;statistics;test_selection;Hypothesis Testing;Test Selection;2;Манна—Уитни и Краскела—Уоллиса;Сравнить критерии и определить область применения каждого.;2026-07-16 00:00:00
STAT_0107_12;statistics;test_selection;Hypothesis Testing;Test Selection;2;Манна—Уитни и Колмогорова—Смирнова;Сравнить критерии и объяснить, что проверяет каждый.;2026-07-16 00:00:00
STAT_0107_13;statistics;nonparametric_post_hoc_test_selection;Nonparametric Analysis;Post-hoc Tests;2;После Краскела—Уоллиса;Определить следующий шаг после значимого результата критерия Краскела—Уоллиса.;2026-07-16 00:00:00
STAT_0107_14;statistics;critical_region;Hypothesis Testing;Foundations;2;Почему правило решения обратное;Объяснить отличие правила принятия решения в критерии Уилкоксона от t- и z-тестов.;2026-07-16 00:00:00
STAT_0107_15;statistics;critical_region;Hypothesis Testing;Foundations;2;Решение по Манна—Уитни;Принять решение по статистике U и критическому значению.;2026-07-16 00:00:00
STAT_0107_16;statistics;critical_region;Hypothesis Testing;Foundations;2;Решение по Уилкоксону;Принять решение по статистике T и критическому значению.;2026-07-16 00:00:00
STAT_0107_17;statistics;test_selection;Hypothesis Testing;Test Selection;3;Карта статистических критериев;Для различных ситуаций выбрать подходящий статистический критерий.;2026-07-16 00:00:00
SQL_0207_01;sql;join_concepts;SQL Theory;Joins;2;Количество строк после LEFT JOIN;Определить минимальное и максимальное количество строк после LEFT JOIN и объяснить правило размножения строк.;2026-07-16 00:00:00
SQL_0207_02;sql;aggregation_concepts;SQL Theory;Aggregation;2;GROUP BY и агрегатные функции;Объяснить назначение GROUP BY и случаи использования агрегатных функций без GROUP BY.;2026-07-16 00:00:00
SQL_0207_03;sql;aggregation_concepts;SQL Theory;Aggregation;2;WHERE и HAVING;Объяснить различия между WHERE и HAVING и назвать порядок выполнения SQL-запроса.;2026-07-16 00:00:00
SQL_0207_04;sql;null_handling;SQL Theory;NULL Handling;2;Функция COALESCE;Объяснить назначение COALESCE и привести практический пример использования.;2026-07-16 00:00:00
SQL_0207_05;sql;dbms_architecture;SQL Theory;DBMS;2;PostgreSQL против MySQL;Назвать две архитектурные особенности PostgreSQL, отличающие его от MySQL.;2026-07-16 00:00:00
SQL_0207_06;sql;aggregation;SQL Core;Aggregation;2;Список фамилий по компаниям;Для каждой компании вывести список фамилий пользователей через STRING_AGG, исключив NULL и компании без пользователей.;2026-07-16 00:00:00
SQL_0207_07;sql;aggregation;SQL Core;Aggregation;3;Самая частая задача пользователя;Для каждого пользователя определить наиболее часто отправляемую задачу с использованием MODE().;2026-07-16 00:00:00
SQL_0207_08;sql;aggregation;SQL Core;Aggregation;2;Массив логинов;Собрать массив логинов пользователей, отсортированный по дате регистрации и логину.;2026-07-16 00:00:00
SQL_0207_09;sql;aggregation;SQL Core;Aggregation;2;Массив уникальных задач;Для каждого пользователя собрать отсортированный массив уникальных problem_id.;2026-07-16 00:00:00
SQL_0207_10;sql;percentile_functions;SQL Core;Window Functions;3;95-й процентиль оценки;Рассчитать 95-й процентиль оценки активных пользователей.;2026-07-16 00:00:00
SQL_0207_11;sql;regex;Data Handling;Strings;2;Проверка кода товара;Проверить код товара с помощью регулярного выражения.;2026-07-16 00:00:00
SQL_0207_12;sql;deduplication;Data Modeling;Data Quality;2;Удаление дубликатов email;Найти дубликаты email и удалить все записи кроме записи с минимальным id.;2026-07-16 00:00:00
SQL_0207_13;sql;forward_fill;SQL Core;Window Functions;3;Forward Fill цен акций;Заполнить пропущенные даты последней известной ценой акции.;2026-07-16 00:00:00
SQL_0207_14;sql;running_aggregates;SQL Core;Window Functions;3;Баланс доходов и расходов;Объединить доходы и расходы и рассчитать накопительный баланс.;2026-07-16 00:00:00
SQL_0207_15;sql;retention;Product Analytics;User Lifecycle;3;Retention за последние 7 дней;Рассчитать day 1, day 3 и day 7 retention для когорт последних 7 дней.;2026-07-16 00:00:00
SQL_0207_16;sql;exists;SQL Core;Subqueries / CTE;3;EXISTS и ALL;Использовать EXISTS и оператор ALL для сравнения зарплат сотрудников.;2026-07-16 00:00:00
SQL_0207_17;sql;recursive_cte;SQL Core;Subqueries / CTE;3;Иерархия сотрудников;Использовать WITH RECURSIVE для получения всех подчинённых CEO с уровнем вложенности.;2026-07-16 00:00:00
SQL_0207_18;sql;exists;SQL Core;Subqueries / CTE;3;Департаменты без высоких зарплат;Найти департаменты, где нет сотрудников с зарплатой выше 100000.;2026-07-16 00:00:00
SQL_0207_19;sql;lag_lead;SQL Core;Window Functions;3;Интервалы между заказами;Найти пользователей, у которых между соседними заказами прошло более 90 дней.;2026-07-16 00:00:00
SQL_0307_01;sql;aggregation;SQL Core;Aggregation;2;Пользователи с максимальным XP;Вывести пользователей с максимальным количеством очков опыта.;2026-07-16 00:00:00
SQL_0307_02;sql;aggregation;SQL Core;Aggregation;2;Задачи выше среднего рейтинга;Вывести задачи, рейтинг которых выше среднего по таблице.;2026-07-16 00:00:00
SQL_0307_03;sql;having;SQL Core;Aggregation;2;Пользователи с более чем 5 правильными решениями;Вывести пользователей, имеющих более пяти правильных решений.;2026-07-16 00:00:00
SQL_0307_04;sql;aggregation;SQL Core;Aggregation;2;Задачи рядом с минимальным рейтингом;Найти задачи, рейтинг которых не превышает минимальный рейтинг более чем на 5 единиц.;2026-07-16 00:00:00
SQL_0307_05;sql;lag_lead;SQL Core;Window Functions;3;Пользователи без отправок более 30 дней;Найти пользователей, которые не отправляли решения более 30 дней до указанной даты.;2026-07-16 00:00:00
SQL_0307_06;sql;exists;SQL Core;Subqueries / CTE;2;Пользователи, отправлявшие код на выполнение;Найти пользователей, которые хотя бы один раз отправляли код на выполнение.;2026-07-16 00:00:00
SQL_0307_07;sql;exists;SQL Core;Subqueries / CTE;2;Пользователи без запусков кода;Найти пользователей, которые никогда не отправляли код на выполнение.;2026-07-16 00:00:00
SQL_0307_08;sql;any_all;SQL Core;Subqueries / CTE;2;Сравнение через ANY;Найти пользователей, удовлетворяющих сравнению через оператор ANY.;2026-07-16 00:00:00
SQL_0307_09;sql;any_all;SQL Core;Subqueries / CTE;2;Сравнение через ALL;Найти пользователей, удовлетворяющих сравнению через оператор ALL.;2026-07-16 00:00:00
SQL_0307_10;sql;conditional_aggregation;SQL Core;Aggregation;2;Задачи на Python или SQL;Найти задачи, отправленные на Python или SQL.;2026-07-16 00:00:00
SQL_0307_11;sql;regex;Data Handling;Strings;2;Проверка SKU регулярным выражением;Проверить формат SKU с помощью регулярных выражений.;2026-07-16 00:00:00
SQL_0307_12;sql;sql_commands;SQL Theory;Basics;2;CREATE TABLE и ALTER TABLE;Создать таблицу и выполнить изменения структуры с помощью DDL-команд.;2026-07-16 00:00:00
SQL_0307_13;sql;pivot_unpivot;Data Handling;Data Reshaping;3;Pivot квартальной выручки;Развернуть кварталы в отдельные колонки и посчитать итоговую выручку.;2026-07-16 00:00:00
SQL_0307_14;sql;self_join;SQL Core;Joins;3;Руководители и подчинённые;Для каждого сотрудника определить руководителя, месяц найма и количество подчинённых.;2026-07-16 00:00:00
SQL_0307_15;sql;sql_reading;SQL Core;Basics;2;Чтение запроса с LAG;Проанализировать SQL-запрос и объяснить его работу.;2026-07-16 00:00:00
SQL_0307_16;sql;retention;Product Analytics;User Lifecycle;3;Месячный retention за 3 месяца;Рассчитать month 1 retention для когорт последних трёх месяцев.;2026-07-16 00:00:00
SQL_0307_17;sql;exists;SQL Core;Subqueries / CTE;3;EXISTS и возвраты заказов;Решить задачи с EXISTS и NOT EXISTS по возвратам заказов.;2026-07-16 00:00:00
SQL_0407_01;sql;null_handling;SQL Theory;NULL Handling;1;NULL и сравнение;Объяснить, что такое NULL в SQL и почему выражение column = NULL никогда не возвращает строки.;2026-07-16 00:00:00
SQL_0407_02;sql;sql_commands;SQL Theory;Basics;1;DELETE и TRUNCATE;Объяснить различия между DELETE и TRUNCATE и указать, когда предпочтительно использовать TRUNCATE.;2026-07-16 00:00:00
SQL_0407_03;sql;constraints;SQL Theory;Basics;2;Внешний ключ и UNIQUE;Объяснить, может ли внешний ключ ссылаться на столбец, который не является первичным ключом.;2026-07-16 00:00:00
SQL_0407_04;sql;window_function_concepts;SQL Theory;Window Functions;1;DENSE_RANK и RANK;Объяснить различия между DENSE_RANK() и RANK() на примере.;2026-07-16 00:00:00
SQL_0407_05;sql;constraints;SQL Theory;Basics;1;TRUNCATE и внешний ключ;Объяснить, почему TRUNCATE не выполняется при наличии внешних ключей и когда используется CASCADE.;2026-07-16 00:00:00
SQL_0407_06;sql;rank_dense_rank;SQL Core;Window Functions;1;RANK по рейтингу задач;Вывести задачи с рейтингом и рангом, рассчитанным функцией RANK().;2026-07-16 00:00:00
SQL_0407_07;sql;rank_dense_rank;SQL Core;Window Functions;1;DENSE_RANK пользователей;Вывести пользователей с DENSE_RANK по количеству опыта.;2026-07-16 00:00:00
SQL_0407_08;sql;ntile;SQL Core;Window Functions;2;NTILE по рейтингу задач;Разделить задачи на 5 групп по рейтингу с помощью NTILE().;2026-07-16 00:00:00
SQL_0407_09;sql;row_number;SQL Core;Window Functions;1;Последовательность входов;Пронумеровать входы пользователей в обратном хронологическом порядке.;2026-07-16 00:00:00
SQL_0407_10;sql;row_number;SQL Core;Window Functions;2;Последний пользователь компании;Для каждой компании вывести последнего зарегистрированного пользователя.;2026-07-16 00:00:00
SQL_0407_11;sql;regex;Data Handling;Strings;2;Проверка и очистка телефона;Проверить корректность номера телефона и очистить невалидные номера с помощью regexp_replace().;2026-07-16 00:00:00
SQL_0407_12;sql;recursive_cte;SQL Core;Subqueries / CTE;3;Иерархия сотрудников;Использовать WITH RECURSIVE для поиска всех подчинённых CEO и определения уровней вложенности.;2026-07-16 00:00:00
SQL_0407_13;sql;union_union_all;Data Handling;Set Operations;3;Сравнение продаж двух лет;Объединить продажи двух лет через UNION ALL, определить топ продуктов и сравнить рост выручки.;2026-07-16 00:00:00
SQL_0407_14;sql;self_join;SQL Core;Joins;2;Зарплата выше руководителя;Найти сотрудников, зарплата которых выше зарплаты непосредственного руководителя.;2026-07-16 00:00:00
SQL_0407_15;sql;retention;Product Analytics;User Lifecycle;3;Month 1 и Month 2 retention;Рассчитать месячный retention (month 1 и month 2) для когорт последних шести месяцев.;2026-07-16 00:00:00
SQL_0407_16;sql;exists;SQL Core;Subqueries / CTE;3;Все заказы возвращены;Решить задачи с EXISTS/NOT EXISTS по возвратам заказов.;2026-07-16 00:00:00
SQL_0607_01;sql;row_number;SQL Core;Window Functions;2;7-й ранг по количеству отправок;Найти количество отправок кода на проверку для месяца, имеющего 7-й ранг по количеству отправок.;2026-07-16 00:00:00
SQL_0607_02;sql;window_functions;SQL Core;Window Functions;3;Первая и последняя задача по языкам;Для каждого языка программирования определить первую и последнюю отправленную на проверку задачу.;2026-07-16 00:00:00
SQL_0607_03;sql;lag_lead;SQL Core;Window Functions;2;Сравнение количества отправок по месяцам;Для каждого месяца вывести количество отправок и значения за два месяца назад и два месяца вперёд с помощью LAG/LEAD.;2026-07-16 00:00:00
SQL_0607_04;sql;lag_lead;SQL Core;Window Functions;2;Предыдущая и следующая посещённая страница;Для каждого входа пользователя вывести предыдущую и следующую посещённую страницу.;2026-07-16 00:00:00
SQL_0607_05;sql;lag_lead;SQL Core;Window Functions;2;Сравнение суммы опыта по месяцам;Для каждого месяца вывести сумму опыта, сумму за предыдущий месяц и разницу между ними.;2026-07-16 00:00:00
SQL_0707_01;sql;constraints;SQL Theory;Basics;1;Первичный ключ;Объяснить, что такое первичный ключ, почему он не может содержать NULL и какие свойства он обеспечивает.;2026-07-16 00:00:00
SQL_0707_02;sql;sql_commands;SQL Theory;Basics;1;Группы команд SQL;Назвать четыре группы SQL-команд (DDL, DML, DCL, TCL) и привести пример для каждой.;2026-07-16 00:00:00
SQL_0707_03;sql;constraints;SQL Theory;Basics;1;Внешний ключ и ссылочная целостность;Объяснить назначение внешнего ключа и его роль в обеспечении ссылочной целостности данных.;2026-07-16 00:00:00
SQL_0707_04;sql;sql_commands;SQL Theory;Basics;2;DELETE и TRUNCATE;Сравнить команды DELETE и TRUNCATE, объяснить различия, особенности работы с внешними ключами и основные сценарии использования.;2026-07-16 00:00:00
SQL_0707_05;sql;indexes;SQL Theory;Performance;2;Индекс для внешнего ключа;Объяснить, создаётся ли индекс для внешнего ключа автоматически, когда его следует создавать вручную и зачем это нужно.;2026-07-16 00:00:00
SQL_0707_06;sql;percentile_functions;SQL Core;Window Functions;2;Кумулятивное распределение пользователей;Для каждого пользователя вывести количество баллов и кумулятивное распределение с помощью CUME_DIST().;2026-07-16 00:00:00
SQL_0707_07;sql;running_aggregates;SQL Core;Window Functions;2;Накопительная регистрация пользователей;Для каждого месяца вывести количество регистраций и накопительный итог количества пользователей.;2026-07-16 00:00:00
SQL_0707_08;sql;window_functions;SQL Core;Window Functions;2;Доля задач каждого языка;Для каждого языка программирования вычислить количество задач и долю от общего количества.;2026-07-16 00:00:00
SQL_0707_09;sql;rolling_window;SQL Core;Time Series;2;Скользящее среднее опыта пользователей;Для каждого месяца вычислить сумму опыта и скользящее среднее за текущий и предыдущий месяц.;2026-07-16 00:00:00
SQL_0707_10;sql;rolling_window;SQL Core;Time Series;2;Скользящее среднее уникальных задач;Для каждого месяца вычислить количество уникальных задач и скользящее среднее за последние три месяца.;2026-07-16 00:00:00
SQL_0707_11;sql;regex;Data Handling;Strings;2;Проверка артикула товара;Проверить соответствие артикула шаблону «три заглавные буквы — дефис — три цифры» с помощью регулярного выражения.;2026-07-16 00:00:00
SQL_0707_12;sql;percentile_functions;SQL Core;Window Functions;2;Кумулятивное распределение и процентиль;Для каждого пользователя вычислить CUME_DIST() и процент пользователей с баллами меньше либо равными текущему.;2026-07-16 00:00:00
SQL_0707_13;sql;window_functions;SQL Core;Window Functions;3;FIRST_VALUE и LAST_VALUE;Для каждого языка определить первую и последнюю отправленную задачу с помощью FIRST_VALUE() и LAST_VALUE(), затем решить ту же задачу через DISTINCT ON и сравнить подходы.;2026-07-16 00:00:00
SQL_0707_14;sql;ntile;SQL Core;Window Functions;2;Квартили и децили;Разделить сотрудников на квартили и децили с помощью NTILE(), определить пользователей из верхних 20%.;2026-07-16 00:00:00
SQL_0707_15;sql;recursive_cte;SQL Core;Subqueries / CTE;3;Иерархия сотрудников;Построить иерархию сотрудников с помощью WITH RECURSIVE и определить непосредственных руководителей.;2026-07-16 00:00:00
SQL_0707_16;sql;retention;Product Analytics;User Lifecycle;3;Дневной retention D1/D3/D7;Рассчитать дневной retention по когортам за последние 14 дней.;2026-07-16 00:00:00
SQL_0707_17;sql;sql_reading;SQL Core;Basics;1;CUME_DIST и NTILE;Объяснить работу CUME_DIST(), NTILE() и интерпретировать результаты оконных функций.;2026-07-16 00:00:00
SQL_0707_19;sql;rolling_window;SQL Core;Time Series;3;Скользящее среднее продаж;Для каждого товара вычислить скользящее среднее суммы продаж за последние семь дней.;2026-07-16 00:00:00
SQL_0707_20;sql;window_functions;SQL Core;Window Functions;2;Категоризация клиентов по средней сумме;Разделить клиентов на категории относительно средней суммы заказов с использованием оконных функций.;2026-07-16 00:00:00
SQL_0707_21;sql;conditional_aggregation;SQL Core;Aggregation;3;Среднее время решения задач;Для каждой задачи вычислить среднее время от первой отправки до первой успешной отправки.;2026-07-16 00:00:00
SQL_0707_22;sql;having;SQL Core;Aggregation;2;Пользователи без повторных входов;Найти пользователей, у которых был единственный вход более 90 дней назад.;2026-07-16 00:00:00
SQL_0807_01;sql;join_concepts;SQL Theory;Joins;1;Cardinality при LEFT JOIN;Определить минимальное и максимальное количество строк после LEFT JOIN и объяснить, почему результат зависит от количества совпадений.;2026-07-16 00:00:00
SQL_0807_02;sql;aggregation_concepts;SQL Theory;Aggregation;1;WHERE и HAVING;Объяснить различия между WHERE и HAVING, порядок выполнения запроса и возможность использования HAVING без GROUP BY.;2026-07-16 00:00:00
SQL_0807_03;sql;null_handling;SQL Theory;NULL Handling;1;NULL и сравнения;Объяснить природу NULL, почему сравнение через = NULL не работает и как правильно проверять отсутствие значения.;2026-07-16 00:00:00
SQL_0807_04;sql;null_handling;SQL Theory;NULL Handling;1;COALESCE после LEFT JOIN;Объяснить назначение COALESCE и привести пример использования после LEFT JOIN.;2026-07-16 00:00:00
SQL_0807_05;sql;join_concepts;SQL Theory;Joins;1;LEFT JOIN и INNER JOIN;Объяснить, в каких случаях LEFT JOIN и INNER JOIN возвращают одинаковый результат.;2026-07-16 00:00:00
SQL_0807_06;sql;regex;Data Handling;Strings;2;Проверка формата даты через Regex;Определить, соответствует ли строка формату YYYY-MM-DD с помощью регулярного выражения.;2026-07-16 00:00:00
SQL_0807_07;sql;gaps_islands;SQL Core;Window Functions;3;Серии последовательных входов;Найти пользователей, имеющих серию входов не менее 3 последовательных дней, используя классический шаблон Gaps & Islands.;2026-07-16 00:00:00
SQL_0807_08;sql;as_of_join;SQL Core;Joins;3;Цена на момент заказа;Для каждого заказа определить актуальную цену на момент покупки и рассчитать стоимость заказа и дневную выручку.;2026-07-16 00:00:00
SQL_0807_09;sql;rolling_window;SQL Core;Time Series;2;Скользящие агрегаты;Рассчитать скользящее среднее, скользящую сумму, значение предыдущего дня и процент изменения относительно предыдущего дня.;2026-07-16 00:00:00
SQL_0807_10;sql;percentile_functions;SQL Core;Window Functions;2;Percent Rank;Использовать PERCENT_RANK для определения относительного положения пользователей и выделения верхних 10%.;2026-07-16 00:00:00
SQL_0807_11;sql;sql_reading;SQL Core;Basics;2;Чтение аналитического SQL;Проанализировать SQL-запрос с оконными функциями и объяснить его назначение, grain и бизнес-интерпретацию результатов.;2026-07-16 00:00:00
SQL_0907_01;sql;window_function_concepts;SQL Theory;Window Functions;1;GROUP BY vs Window Functions;Объяснить различия между GROUP BY и оконными функциями, а также ситуации, когда следует использовать каждый подход.;2026-07-16 00:00:00
SQL_0907_02;sql;window_function_concepts;SQL Theory;Window Functions;1;Функции ранжирования;Объяснить различия между ROW_NUMBER(), RANK() и DENSE_RANK(), привести пример с одинаковыми значениями.;2026-07-16 00:00:00
SQL_0907_03;sql;table_relationships;SQL Theory;Data Modeling;1;Типы связей между таблицами;Назвать типы связей между таблицами и объяснить реализацию связи многие-ко-многим через промежуточную таблицу.;2026-07-16 00:00:00
SQL_0907_04;sql;dbms_architecture;SQL Theory;DBMS;1;PostgreSQL vs MySQL;Назвать основные отличия PostgreSQL от MySQL и объяснить их простыми словами.;2026-07-16 00:00:00
SQL_0907_05;sql;lag_lead;SQL Core;Window Functions;1;LAG и LEAD;Объяснить назначение функций LAG() и LEAD(), привести примеры аналитических задач, где они применяются.;2026-07-16 00:00:00
STAT_0907_01;statistics;test_selection;Hypothesis Testing;Test Selection;2;Связь образования и региона;Выбрать статистический тест для проверки зависимости между двумя категориальными признаками по таблице сопряжённости.;2026-07-16 00:00:00
STAT_0907_02;statistics;test_selection;Hypothesis Testing;Test Selection;2;Малые ожидаемые частоты;Определить, какой тест использовать вместо χ² Пирсона при малых ожидаемых частотах.;2026-07-16 00:00:00
STAT_0907_03;statistics;paired_categorical_selection;Categorical Analysis;Paired Categorical;2;До и после (бинарный ответ);Выбрать критерий для сравнения двух зависимых бинарных выборок (до/после).;2026-07-16 00:00:00
STAT_0907_04;statistics;paired_categorical_selection;Categorical Analysis;Paired Categorical;2;Несколько зависимых бинарных выборок;Выбрать критерий для сравнения трёх и более зависимых бинарных выборок.;2026-07-16 00:00:00
STAT_0907_05;statistics;pearson_correlation;Correlation;Correlation Mesuares;2;Корреляция Пирсона;Определить, когда следует использовать коэффициент корреляции Пирсона.;2026-07-16 00:00:00
STAT_0907_06;statistics;spearman_correlation;Correlation;Correlation Mesuares;2;Корреляция Спирмена;Определить, когда следует использовать коэффициент корреляции Спирмена.;2026-07-16 00:00:00
STAT_0907_07;statistics;kendall_correlation;Correlation;Correlation Mesuares;2;Корреляция Кендалла;Определить, когда предпочтителен коэффициент корреляции Кендалла.;2026-07-16 00:00:00
STAT_0907_08;statistics;correlation_test_selection;Correlation;Correlation Mesuares;2;Выбор метода для пола и зарплаты;Выбрать подходящий статистический метод для оценки связи категориального и количественного признаков.;2026-07-16 00:00:00
STAT_0907_09;statistics;test_selection;Hypothesis Testing;Test Selection;2;Пол и факт покупки;Выбрать критерий для проверки зависимости между двумя категориальными признаками.;2026-07-16 00:00:00
STAT_0907_10;statistics;association_measures;Categorical Analysis;Association Measures;2;Сила связи после χ²;После значимого χ² определить показатель силы связи между категориальными признаками.;2026-07-16 00:00:00
SQL_0907_20;sql;regex;Data Handling;Strings;2;Проверка расширения файла;Найти файлы с расширением .sql, используя регулярное выражение.;2026-07-16 00:00:00
SQL_0907_21;sql;date_functions;Data Handling;Dates;2;Работа с датами и календарём;Использовать EXTRACT, DATE_TRUNC и generate_series для анализа дат и генерации календаря.;2026-07-16 00:00:00
SQL_0907_22;sql;pivot_unpivot;Data Handling;Data Reshaping;2;Pivot по годам;Развернуть значения года в отдельные столбцы и посчитать итоговую выручку.;2026-07-16 00:00:00
SQL_0907_23;sql;percentile_functions;SQL Core;Window Functions;2;Percent Rank по отделам;Использовать PERCENT_RANK() внутри PARTITION BY и определить топ-25% сотрудников.;2026-07-16 00:00:00
SQL_0907_24;sql;union_union_all;Data Handling;Set Operations;2;Online vs Offline продажи;Объединить продажи из двух таблиц, сравнить каналы и вычислить долю online-продаж.;2026-07-16 00:00:00
SQL_0907_06;sql;lag_lead;SQL Core;Window Functions;2;MoM и YoY рост;Использовать LAG() для расчёта месячного и годового темпов роста.;2026-07-16 00:00:00
SQL_0907_07;sql;aggregation;SQL Core;Aggregation;2;Гистограмма твитов;Построить распределение пользователей по количеству твитов.;2026-07-16 00:00:00
SQL_0907_08;sql;conditional_aggregation;SQL Core;Aggregation;2;Кандидаты по навыкам;Найти кандидатов, обладающих полным набором обязательных навыков.;2026-07-16 00:00:00
SQL_0907_09;sql;anti_join;SQL Core;Joins;2;Страницы без лайков;Найти страницы Facebook, не имеющие ни одного лайка.;2026-07-16 00:00:00
SQL_0907_10;sql;null_vs_empty_result;SQL Core;NULL Handling;1;Незавершённые детали;Найти записи, где finish_date отсутствует (IS NULL).;2026-07-16 00:00:00
SQL_0907_11;sql;row_number;SQL Core;Window Functions;2;Третья транзакция пользователя;Найти третью транзакцию каждого пользователя через ROW_NUMBER().;2026-07-16 00:00:00
SQL_0907_12;sql;aggregation;SQL Core;Aggregation;2;Вторая максимальная зарплата;Найти вторую по величине зарплату с учётом дубликатов.;2026-07-16 00:00:00
SQL_0907_13;sql;conditional_aggregation;SQL Core;Aggregation;2;Проценты времени в Snapchat;Посчитать процент времени по категориям через условную агрегацию.;2026-07-16 00:00:00
SQL_0907_14;sql;rolling_window;SQL Core;Time Series;2;Скользящее среднее твитов;Рассчитать трёхдневное скользящее среднее по пользователям.;2026-07-16 00:00:00
SQL_0907_15;sql;row_number;SQL Core;Window Functions;3;Средняя стоимость пятой покупки;Найти пятую покупку каждого пользователя и вычислить среднюю стоимость по городам.;2026-07-16 00:00:00
SQL_0907_18;sql;retention;Product Analytics;User Lifecycle;3;Retention 7-го дня;Рассчитать retention седьмого дня для пользователей января 2025 года.;2026-07-16 00:00:00
SQL_0907_19;sql;running_aggregates;SQL Core;Window Functions;3;Баланс по месяцам;Рассчитать месячный баланс и накопительный итог пользователя.;2026-07-16 00:00:00
STAT_0907_11;statistics;goodness_of_fit_selection;Categorical Analysis;Goodness of Fit;2;Проверка равномерности распределения;Проверить, равномерно ли распределены категории одного качественного признака.;2026-07-16 00:00:00
STAT_0907_12;statistics;two_independent_test_selection;Parametric Analysis;Two Independent Samples;2;Сравнение долей при маленьких выборках;Выбрать критерий для сравнения долей двух независимых групп при малых выборках.;2026-07-16 00:00:00
STAT_0907_13;statistics;paired_categorical_selection;Categorical Analysis;Paired Categorical;2;До/после для бинарного признака;Выбрать тест для зависимых бинарных наблюдений (до/после).;2026-07-16 00:00:00
STAT_0907_14;statistics;paired_categorical_selection;Categorical Analysis;Paired Categorical;3;Сравнение нескольких зависимых бинарных выборок;Выбрать критерий для сравнения нескольких зависимых бинарных выборок.;2026-07-16 00:00:00
STAT_0907_15;statistics;pearson_correlation;Correlation;Correlation Mesuares;1;Выбор коэффициента Пирсона;Определить коэффициент корреляции для нормальных количественных данных.;2026-07-16 00:00:00
STAT_0907_16;statistics;spearman_correlation;Correlation;Correlation Mesuares;1;Выбор коэффициента Спирмена;Определить коэффициент корреляции для ненормальных количественных данных.;2026-07-16 00:00:00
STAT_0907_17;statistics;association_measures;Categorical Analysis;Association Measures;2;Пол и время на сайте;Выбрать коэффициент связи между бинарным и количественным признаком.;2026-07-16 00:00:00
STAT_0907_18;statistics;association_measures;Categorical Analysis;Association Measures;2;Пол и факт подписки;Выбрать коэффициент связи между двумя бинарными признаками.;2026-07-16 00:00:00
STAT_0907_19;statistics;association_measures;Categorical Analysis;Association Measures;2;Сила связи после χ²;После значимого χ² определить силу связи между категориальными признаками.;2026-07-16 00:00:00
STAT_0907_20;statistics;multiple_testing_correction;Hypothesis Testing;Advanced Topics;2;Поправка Бенджамини—Хохберга;Объяснить назначение поправки Benjamini–Hochberg и когда она применяется.;2026-07-16 00:00:00
STAT_0907_21;statistics;test_selection;Hypothesis Testing;Test Selection;2;Определить тип выборок;По описанию исследования определить, являются выборки зависимыми или независимыми, и выбрать дальнейший алгоритм анализа.;2026-07-16 00:00:00
STAT_0907_22;statistics;test_selection;Hypothesis Testing;Test Selection;3;Алгоритм сравнения трёх групп;Построить полный алгоритм выбора тестов для трёх групп при ненормальном распределении данных.;2026-07-16 00:00:00
STAT_0907_23;statistics;test_selection;Hypothesis Testing;Test Selection;2;Выбор теста для бинарного признака;Выбрать критерий для сравнения независимых и зависимых групп при бинарном признаке.;2026-07-16 00:00:00
STAT_0907_24;statistics;parametric_post_hoc_test_selection;Parametric Analysis;Post-hoc Tests;2;Выбор post-hoc после ANOVA;После значимой ANOVA выбрать подходящий post-hoc тест и объяснить выбор.;2026-07-16 00:00:00
STAT_0907_25;statistics;independence_categorical_selection;Categorical Analysis;Independence Tests;2;Малые ожидаемые частоты;Определить дальнейшие действия при нарушении условий применения χ²-критерия.;2026-07-16 00:00:00
STAT_0907_26;statistics;test_selection;Hypothesis Testing;Test Selection;3;Полный алгоритм анализа количественного признака;Построить полный алгоритм проверки зависимости средней зарплаты от уровня образования.;2026-07-16 00:00:00
STAT_0907_27;statistics;test_selection;Hypothesis Testing;Test Selection;3;Полный алгоритм анализа качественных признаков;Построить полный алгоритм проверки связи между полом и предпочтением марки автомобиля.;2026-07-16 00:00:00
STAT_0907_28;statistics;paired_categorical_selection;Categorical Analysis;Paired Categorical;3;Полный алгоритм для зависимых бинарных данных;"Построить полный алгоритм анализа опроса ""до/после"" с бинарным ответом.";2026-07-16 00:00:00
STAT_1007_01;statistics;one_sample_test_selection;Parametric Analysis;One Sample Tests;2;Выбор теста для одной выборки;Выбрать статистический тест для одной нормальной выборки со средним и неизвестной дисперсией.;2026-07-16 00:00:00
STAT_1007_02;statistics;two_independent_test_selection;Parametric Analysis;Two Independent Samples;2;Сравнение двух долей;Выбрать тест для сравнения долей в двух независимых выборках.;2026-07-16 00:00:00
STAT_1007_03;statistics;test_selection;Hypothesis Testing;Test Selection;2;Три независимые группы;Выбрать полный алгоритм анализа для трёх независимых групп при ненормальном распределении.;2026-07-16 00:00:00
STAT_1007_04;statistics;paired_test_selection;Parametric Analysis;Paired Samples;2;Две зависимые выборки;Выбрать критерий для двух зависимых выборок при ненормальном распределении.;2026-07-16 00:00:00
STAT_1007_05;statistics;variance_assessment;Assumption Tests;Homogeneity of Variance;2;Проверка дисперсии;Проверить гипотезу о дисперсии одной нормальной выборки.;2026-07-16 00:00:00
STAT_1007_06;statistics;test_selection;Hypothesis Testing;Test Selection;3;Полный алгоритм для двух выборок;Построить полный алгоритм анализа двух независимых нормальных выборок.;2026-07-16 00:00:00
STAT_1007_07;statistics;paired_categorical_selection;Categorical Analysis;Paired Categorical;2;Несколько зависимых бинарных выборок;Выбрать критерий для нескольких зависимых бинарных выборок.;2026-07-16 00:00:00
STAT_1007_08;statistics;test_selection;Hypothesis Testing;Test Selection;2;Связь двух категориальных признаков;Проверить наличие связи между двумя качественными признаками.;2026-07-16 00:00:00
STAT_1007_09;statistics;p_value;Hypothesis Testing;Foundations;1;Объяснение p-value;Объяснить смысл p-value простыми словами.;2026-07-16 00:00:00
STAT_1007_10;statistics;type1_type2;Hypothesis Testing;Decision Making;1;Ошибка первого рода;Объяснить ошибку I рода и привести бытовой пример.;2026-07-16 00:00:00
STAT_1007_11;statistics;type1_type2;Hypothesis Testing;Decision Making;1;Ошибка второго рода;Объяснить ошибку II рода и привести бытовой пример.;2026-07-16 00:00:00
STAT_1007_12;statistics;interval_estimation;Estimation;Confidence Intervals;1;Доверительный интервал;Объяснить смысл доверительного интервала без формул.;2026-07-16 00:00:00
STAT_1007_13;statistics;central_limit_theorem;Hypothesis Testing;Foundations;2;Центральная предельная теорема;Объяснить ЦПТ и её значение для статистического анализа.;2026-07-16 00:00:00
STAT_1007_14;statistics;normality_assessment;Assumption Tests;Normality;2;Проверка нормальности;Объяснить, зачем проверять нормальность и какие тесты используются.;2026-07-16 00:00:00
STAT_1007_15;statistics;standard_error;Estimation;Estimation Concepts;2;Стандартная ошибка среднего;Объяснить отличие стандартной ошибки от стандартного отклонения.;2026-07-16 00:00:00
SQL_1007_01;sql;conditional_aggregation;SQL Core;Aggregation;1;Просмотры по типу устройства;Рассчитать количество просмотров с ноутбуков и мобильных устройств (телефон + планшет) с помощью условной агрегации.;2026-07-16 00:00:00
SQL_1007_02;sql;date_functions;Data Handling;Dates;1;Интервал между первой и последней публикацией;Для пользователей, публиковавших посты в 2021 году, вычислить количество дней между первой и последней публикацией.;2026-07-16 00:00:00
SQL_1007_03;sql;row_number;SQL Core;Window Functions;2;Топ-2 продукта по категориям;Для каждой категории найти два продукта с наибольшей суммой продаж за год;2026-07-16 00:00:00
SQL_1007_04;sql;rank_dense_rank;SQL Core;Window Functions;2;Топ-3 сотрудников по зарплате;Для каждого отдела вывести сотрудников, входящих в топ-3 зарплат с учетом одинаковых значений.;2026-07-16 00:00:00
SQL_1007_05;sql;regex;Data Handling;Strings;2;Проверка IPv4-адресов;Проверить корректность IPv4-адресов с помощью регулярного выражения.;2026-07-16 00:00:00
SQL_1007_06;sql;pivot_unpivot;Data Handling;Data Reshaping;2;Обратное преобразование Pivot;Преобразовать таблицу с кварталами в столбцах обратно в формат product, quarter, revenue через UNION ALL.;2026-07-16 00:00:00
SQL_1007_07;sql;aggregation;SQL Core;Aggregation;2;Вторая по величине зарплата;Найти вторую по величине зарплату тремя различными способами: MAX(), OFFSET/LIMIT и DENSE_RANK().;2026-07-16 00:00:00
SQL_1007_08;sql;forward_fill;SQL Core;Window Functions;3;Заполнение пропусков последним известным значением;Для ежедневных остатков товара восстановить отсутствующие значения последним известным остатком.;2026-07-16 00:00:00
PROB_1207_01;theory;combinatorics;Probability;Basics;2;Выбор капитана и заместителя;Вычислить количество способов выбрать капитана и заместителя из команды, определив, что порядок важен.;2026-07-16 00:00:00
PROB_1207_02;theory;combinatorics;Probability;Basics;2;Выбор сотрудников для дежурства;Вычислить количество способов выбрать нескольких сотрудников без учета порядка.;2026-07-16 00:00:00
PROB_1207_03;theory;combinatorics;Probability;Basics;1;Сумма двух кубиков;Найти вероятность или количество исходов для заданной суммы при броске двух кубиков.;2026-07-16 00:00:00
PROB_1207_04;theory;classical_probability;Probability;Basics;2;Выбор букв из слова;Найти вероятность выбора объектов без возвращения с учетом повторяющихся букв.;2026-07-16 00:00:00
PROB_1207_05;theory;bayes;Probability;Bayes;3;Байес для двух бракованных деталей;Применить формулу Байеса после нескольких независимых наблюдений.;2026-07-16 00:00:00
PROB_1207_06;theory;bayes;Probability;Bayes;3;Байес для двух кликов подряд;Рассчитать апостериорную вероятность после двух последовательных событий.;2026-07-16 00:00:00
PROB_1207_07;theory;bayes;Probability;Bayes;3;Байес для суперраспространителя;Использовать формулу Байеса при нескольких независимых наблюдениях.;2026-07-16 00:00:00
PROB_1207_08;theory;conditional_expectation;Expectation & Variance;Expectation;3;Условное математическое ожидание;Найти условное математическое ожидание по совместному распределению.;2026-07-16 00:00:00
PROB_1207_09;theory;expectation;Expectation & Variance;Expectation;2;Средний чек по сегментам;Найти математическое ожидание как взвешенную сумму по группам.;2026-07-16 00:00:00
PROB_1207_10;theory;poisson;Distributions;Discrete;2;Вероятности распределения Пуассона;Вычислить вероятности событий для распределения Пуассона.;2026-07-16 00:00:00
PROB_1207_11;theory;exponential_distribution;Distributions;Continuous;2;Экспоненциальное распределение;Найти время по заданной вероятности через свойство экспоненциального распределения.;2026-07-16 00:00:00
PROB_1207_12;theory;geometric;Distributions;Discrete;2;Геометрическое распределение;Найти математическое ожидание, дисперсию и вероятность для геометрического распределения.;2026-07-16 00:00:00
PROB_1207_13;theory;normal_distribution;Distributions;Continuous;2;Нормальное распределение;Решить задачи на вероятности и правило трех сигм для нормального распределения.;2026-07-16 00:00:00
PROB_1207_14;theory;covariance;Dependence;Covariance;2;Ковариация и сумма случайных величин;Найти ковариацию и дисперсию суммы случайных величин.;2026-07-16 00:00:00
PROB_1207_15;theory;portfolio_variance;Expectation & Variance;Applications;3;Портфель минимальной дисперсии;Найти веса портфеля минимальной дисперсии и минимальную дисперсию.;2026-07-16 00:00:00
PROB_1207_16;theory;portfolio_variance;Expectation & Variance;Applications;2;Дисперсия инвестиционного портфеля;Вычислить дисперсию портфеля по заданным параметрам активов.;2026-07-16 00:00:00
PROB_1207_17;theory;bayes;Probability;Bayes;1;Чувствительность и специфичность;Записать формулы чувствительности и специфичности диагностического теста.;2026-07-16 00:00:00
PROB_1207_18;theory;exponential_distribution;Distributions;Continuous;2;Свойство отсутствия памяти;Сформулировать свойство отсутствия памяти для экспоненциального распределения.;2026-07-16 00:00:00
STAT_1207_01;statistics;one_sample_test_selection;Parametric Analysis;One Sample Tests;1;Выбор теста для одной доли;Определить тест для проверки гипотезы о доле в одной выборке.;2026-07-16 00:00:00
STAT_1207_02;statistics;test_selection;Hypothesis Testing;Test Selection;2;Алгоритм сравнения двух независимых средних;Построить полный алгоритм выбора теста для двух независимых выборок с нормальными данными.;2026-07-16 00:00:00
STAT_1207_03;statistics;nonparametric_two_independent_selection;Nonparametric Analysis;Two Independent Samples;2;Две независимые выборки без нормальности;Выбрать тест для сравнения двух независимых выборок при нарушении нормальности.;2026-07-16 00:00:00
STAT_1207_04;statistics;paired_test_selection;Parametric Analysis;Paired Samples;2;Парный t-тест;Выбрать тест для зависимых выборок при нормальности данных.;2026-07-16 00:00:00
STAT_1207_05;statistics;test_selection;Hypothesis Testing;Test Selection;2;Полный алгоритм ANOVA;Построить полный алгоритм проверки различий между тремя независимыми группами при нормальности.;2026-07-16 00:00:00
STAT_1207_06;statistics;nonparametric_multiple_independent_selection;Nonparametric Analysis;Multiple Independent Groups;2;Краскела—Уоллиса;Выбрать тест для трех независимых групп при отсутствии нормальности.;2026-07-16 00:00:00
STAT_1207_07;statistics;nonparametric_multiple_paired_selection;Nonparametric Analysis;Multiple Paired Groups;2;Критерий Фридмана;Выбрать тест для трех зависимых выборок без нормальности.;2026-07-16 00:00:00
STAT_1207_08;statistics;test_selection;Hypothesis Testing;Test Selection;1;Проверка связи качественных признаков;Определить тест для проверки независимости двух категориальных признаков.;2026-07-16 00:00:00
STAT_1207_09;statistics;paired_categorical_selection;Categorical Analysis;Paired Categorical;2;Критерий Мак-Немара;Выбрать тест для зависимых бинарных наблюдений до/после.;2026-07-16 00:00:00
STAT_1207_10;statistics;variance_assessment;Assumption Tests;Homogeneity of Variance;1;Проверка дисперсии;Выбрать критерий проверки гипотезы о дисперсии одной выборки.;2026-07-16 00:00:00
STAT_1207_11;statistics;p_value;Hypothesis Testing;Foundations;1;Определение p-value;Дать краткое определение p-value.;2026-07-16 00:00:00
STAT_1207_12;statistics;type1_type2;Hypothesis Testing;Decision Making;1;Ошибка I рода;Объяснить ошибку первого рода и привести пример.;2026-07-16 00:00:00
STAT_1207_13;statistics;type1_type2;Hypothesis Testing;Decision Making;1;Ошибка II рода;Объяснить ошибку второго рода и привести пример.;2026-07-16 00:00:00
STAT_1207_14;statistics;interval_estimation;Estimation;Confidence Intervals;1;Доверительный интервал;Дать краткое определение доверительного интервала.;2026-07-16 00:00:00
STAT_1207_15;statistics;normality_assessment;Assumption Tests;Normality;1;Проверка нормальности;Объяснить, зачем проверять нормальность данных.;2026-07-16 00:00:00
STAT_1207_16;statistics;z_test_two_proportions;Parametric Analysis;Two Independent Samples;3;A/B-тест на конверсию;Полностью решить задачу проверки гипотезы о росте конверсии в A/B-тесте.;2026-07-16 00:00:00
STAT_1307_01;statistics;independence_categorical_selection;Categorical Analysis;Independence Tests;2;Проверка связи двух категориальных признаков;Два качественных признака, независимые группы. Проверить наличие связи между признаками.;2026-07-16 00:00:00
STAT_1307_02;statistics;independence_categorical_selection;Categorical Analysis;Independence Tests;2;Малые ожидаемые частоты;Проверить связь между двумя категориальными признаками при ожидаемых частотах меньше 5.;2026-07-16 00:00:00
STAT_1307_03;statistics;paired_categorical_selection;Categorical Analysis;Paired Categorical;2;Парные бинарные данные;Две зависимые группы, бинарный признак (до/после). Выбрать подходящий тест.;2026-07-16 00:00:00
STAT_1307_04;statistics;paired_categorical_selection;Categorical Analysis;Paired Categorical;3;Несколько зависимых бинарных выборок;Три зависимые группы с бинарным признаком. Выбрать подходящий тест.;2026-07-16 00:00:00
STAT_1307_05;statistics;goodness_of_fit_selection;Categorical Analysis;Goodness of Fit;2;Проверка равномерности распределения;Одна категориальная переменная. Проверить, соответствует ли распределение ожидаемому (равномерному).;2026-07-16 00:00:00
STAT_1307_06;statistics;one_sample_test_selection;Parametric Analysis;One Sample Tests;2;Одновыборочный t-тест;Одна выборка, среднее, нормальные данные, дисперсия неизвестна.;2026-07-16 00:00:00
STAT_1307_07;statistics;two_independent_test_selection;Parametric Analysis;Two Independent Samples;2;Манна—Уитни;Две независимые выборки, количественный признак, данные не нормальны.;2026-07-16 00:00:00
STAT_1307_08;statistics;test_selection;Hypothesis Testing;Test Selection;3;ANOVA с полным алгоритмом;Три независимые группы, данные нормальны. Полный алгоритм: проверка предпосылок → ANOVA → post-hoc.;2026-07-16 00:00:00
STAT_1307_09;statistics;nonparametric_paired_selection;Nonparametric Analysis;Paired Samples;2;Критерий Уилкоксона;Две зависимые выборки, количественный признак, данные не нормальны.;2026-07-16 00:00:00
STAT_1307_10;statistics;variance_assessment;Assumption Tests;Homogeneity of Variance;2;Проверка дисперсии;Одна выборка, проверка дисперсии при нормальности данных.;2026-07-16 00:00:00
STAT_1307_11;statistics;central_limit_theorem;Hypothesis Testing;Foundations;1;Центральная предельная теорема;Объяснить ЦПТ одним предложением.;2026-07-16 00:00:00
STAT_1307_12;statistics;standard_error;Estimation;Estimation Concepts;1;Стандартная ошибка среднего;Объяснить, что такое стандартная ошибка среднего.;2026-07-16 00:00:00
STAT_1307_13;statistics;multiple_testing_correction;Hypothesis Testing;Advanced Topics;2;Поправка Бонферрони;Объяснить назначение поправки Бонферрони при множественных проверках гипотез.;2026-07-16 00:00:00
SQL_1307_01;sql;constraints;SQL Theory;Basics;1;Первичный и составной ключ;Может ли таблица иметь два первичных ключа? Может ли первичный ключ состоять из двух столбцов?;2026-07-16 00:00:00
SQL_1307_02;sql;aggregation_concepts;SQL Theory;Aggregation;2;Ошибка с агрегатами в WHERE;Найти ошибку в запросе с AVG() в WHERE и объяснить, как исправить.;2026-07-16 00:00:00
SQL_1307_03;sql;null_handling;SQL Theory;NULL Handling;1;Работа COALESCE;Определить результат выражения COALESCE(NULL, NULL, 'нет данных', 0) и объяснить почему.;2026-07-16 00:00:00
SQL_1307_04;sql;window_function_concepts;SQL Theory;Window Functions;2;Последняя запись в группе;Объяснить словами, как найти последний заказ каждого клиента с помощью оконной функции.;2026-07-16 00:00:00
SQL_1307_05;sql;join_concepts;SQL Theory;Joins;1;FULL OUTER JOIN vs LEFT JOIN;Объяснить различия между FULL OUTER JOIN и LEFT JOIN и привести пример использования.;2026-07-16 00:00:00
SQL_1307_06;sql;regex;Data Handling;Strings;1;Проверка шаблона кода;Найти коды, состоящие из одной заглавной буквы и трёх цифр с помощью регулярного выражения.;2026-07-16 00:00:00
SQL_1307_07;sql;pivot_unpivot;Data Handling;Data Reshaping;2;Unpivot через UNION ALL;Преобразовать широкую таблицу monthly_metrics в длинный формат, добавить фильтрацию и определить количество строк после преобразования.;2026-07-16 00:00:00
SQL_1307_08;sql;forward_fill;SQL Core;Window Functions;3;Заполнение пропусков последним значением;Построить календарь января 2024 и заполнить отсутствующие курсы валют последним известным значением.;2026-07-16 00:00:00
SQL_1307_09;sql;exists;SQL Core;Subqueries / CTE;2;Анализ заказов и возвратов;Решить задачи с использованием COUNT, EXISTS и сравнения количества заказов и возвратов.;2026-07-16 00:00:00
SQL_1307_10;sql;sql_reading;SQL Core;Basics;2;Чтение Rolling Window;Проанализировать запрос со скользящим средним и объяснить работу календаря, окна и COALESCE.;2026-07-16 00:00:00
SQL_1307_11;sql;retention;Product Analytics;User Lifecycle;2;Дневной retention;Рассчитать day-1 retention для когорт последних 7 дней.;2026-07-16 00:00:00
SQL_1307_12;sql;retention;Product Analytics;User Lifecycle;3;Возвращаемость по неделям;Построить недельный retention пользователей когорты первой недели января.;2026-07-16 00:00:00
SQL_1307_13;sql;self_join;SQL Core;Joins;3;Общие успешно решённые задачи;Найти пары пользователей, успешно решивших минимум три одинаковые задачи.;2026-07-16 00:00:00
SQL_1307_14;sql;aggregation;SQL Core;Aggregation;3;Метрики A/B теста;Рассчитать конверсию и средний чек по вариантам A/B-теста.;2026-07-16 00:00:00
SQL_1307_15;sql;aggregation;SQL Core;Aggregation;2;Top-2 пользователей Teams;Найти двух пользователей с максимальным количеством сообщений за август 2022.;2026-07-16 00:00:00
SQL_1307_16;sql;deduplication;Data Modeling;Data Quality;2;Компании с дублирующимися вакансиями;Подсчитать компании, разместившие дублирующиеся вакансии.;2026-07-16 00:00:00
SQL_1307_17;sql;conditional_aggregation;SQL Core;Aggregation;2;Activation Rate;Рассчитать долю активированных пользователей TikTok.;2026-07-16 00:00:00
SQL_1307_18;sql;union_union_all;Data Handling;Set Operations;2;Накопительное число прослушиваний;Объединить исторические и недельные данные Spotify и посчитать накопительное количество прослушиваний.;2026-07-16 00:00:00
STAT_1307_14;statistics;independence_categorical_selection;Categorical Analysis;Independence Tests;2;Проверка связи категориальных признаков;Два качественных признака, независимые группы. Проверить наличие связи.;2026-07-16 00:00:00
STAT_1307_15;statistics;independence_categorical_selection;Categorical Analysis;Independence Tests;2;Малые ожидаемые частоты;Проверить связь категориальных признаков при ожидаемой частоте меньше 5.;2026-07-16 00:00:00
STAT_1307_16;statistics;goodness_of_fit_selection;Categorical Analysis;Goodness of Fit;2;Проверка согласия распределения;Проверить соответствие распределения категориальной переменной ожидаемому.;2026-07-16 00:00:00
STAT_1307_17;statistics;paired_categorical_selection;Categorical Analysis;Paired Categorical;2;Парные бинарные данные;Две зависимые выборки с бинарным признаком (до/после).;2026-07-16 00:00:00
STAT_1307_18;statistics;paired_categorical_selection;Categorical Analysis;Paired Categorical;3;Несколько зависимых бинарных выборок;Три зависимые группы с бинарным признаком.;2026-07-16 00:00:00
STAT_1307_19;statistics;association_measures;Categorical Analysis;Association Measures;2;Сила связи после χ²;После значимого χ² определить силу связи с помощью коэффициентов ассоциации.;2026-07-16 00:00:00
STAT_1307_20;statistics;binomial_test;Parametric Analysis;One Sample Tests;3;Проверка гипотезы о честности монеты;Монету подбросили 12 раз, орёл выпал 10 раз. Проверить гипотезу о честности монеты при α = 0.05.;2026-07-16 00:00:00
STAT_1507_01;statistics;hypothesis_decision;Hypothesis Testing;Decision Making;1;Z-тест: принятие решения;Z-тест (двусторонний). zнабл = −2.3, zкрит = ±1.96. Определите, отвергается ли H₀.;2026-07-16 00:00:00
STAT_1507_02;statistics;hypothesis_decision;Hypothesis Testing;Decision Making;1;t-тест: принятие решения;t-тест (правосторонний). tнабл = 1.4, tкрит = 1.7. Определите, отвергается ли H₀.;2026-07-16 00:00:00
STAT_1507_03;statistics;hypothesis_decision;Hypothesis Testing;Decision Making;1;Манна—Уитни: принятие решения;Критерий Манна—Уитни. Uнабл = 15, Uкрит = 18. Определите, отвергается ли H₀.;2026-07-16 00:00:00
STAT_1507_04;statistics;hypothesis_decision;Hypothesis Testing;Decision Making;1;Хи-квадрат: принятие решения;χ²-критерий Пирсона. χ²набл = 9.2, χ²крит = 7.8. Определите, отвергается ли H₀.;2026-07-16 00:00:00
STAT_1507_05;statistics;hypothesis_decision;Hypothesis Testing;Decision Making;1;ANOVA: принятие решения;ANOVA. Fнабл = 4.1, Fкрит = 3.5. Определите, отвергается ли H₀.;2026-07-16 00:00:00
STAT_1507_06;statistics;hypothesis_decision;Hypothesis Testing;Decision Making;1;Уилкоксон: принятие решения;Критерий Уилкоксона. Tнабл = 8, Tкрит = 11. Определите, отвергается ли H₀.;2026-07-16 00:00:00
STAT_1507_07;statistics;one_sample_test_selection;Parametric Analysis;One Sample Tests;1;Z-тест для среднего;Выберите тест для одной выборки: среднее, данные нормальны, дисперсия известна.;2026-07-16 00:00:00
STAT_1507_08;statistics;one_sample_test_selection;Parametric Analysis;One Sample Tests;1;Одновыборочный t-тест;Выберите тест для одной выборки: среднее, данные нормальны, дисперсия неизвестна.;2026-07-16 00:00:00
STAT_1507_09;statistics;one_sample_test_selection;Parametric Analysis;One Sample Tests;1;Z-тест для доли;Выберите тест для одной выборки: проверка доли.;2026-07-16 00:00:00
STAT_1507_10;statistics;one_sample_test_selection;Parametric Analysis;One Sample Tests;1;Хи-квадрат для дисперсии;Выберите тест для проверки дисперсии одной нормальной выборки.;2026-07-16 00:00:00
STAT_1507_11;statistics;two_independent_test_selection;Parametric Analysis;Two Independent Samples;1;Две независимые выборки: доли;Выберите тест для сравнения долей в двух независимых выборках.;2026-07-16 00:00:00
STAT_1507_12;statistics;two_independent_test_selection;Parametric Analysis;Two Independent Samples;2;Две независимые выборки: средние;Опишите алгоритм выбора теста для двух независимых выборок с нормальными данными.;2026-07-16 00:00:00
STAT_1507_13;statistics;nonparametric_two_independent_selection;Nonparametric Analysis;Two Independent Samples;1;Манна—Уитни;Выберите тест для двух независимых выборок с ненормальными данными.;2026-07-16 00:00:00
STAT_1507_14;statistics;paired_test_selection;Parametric Analysis;Paired Samples;1;Парный t-тест;Выберите тест для двух зависимых выборок с нормальными данными.;2026-07-16 00:00:00
STAT_1507_15;statistics;nonparametric_paired_selection;Nonparametric Analysis;Paired Samples;1;Уилкоксон;Выберите тест для двух зависимых выборок с ненормальными данными.;2026-07-16 00:00:00
STAT_1507_16;statistics;paired_categorical_selection;Categorical Analysis;Paired Categorical;1;Критерий Мак-Немара;Выберите тест для двух зависимых выборок с бинарным признаком.;2026-07-16 00:00:00
STAT_1507_17;statistics;multiple_independent_test_selection;Parametric Analysis;Multiple Independent Groups;2;ANOVA: полный алгоритм;Опишите алгоритм выбора тестов для трёх независимых выборок с нормальными данными.;2026-07-16 00:00:00
STAT_1507_18;statistics;nonparametric_multiple_independent_selection;Nonparametric Analysis;Multiple Independent Groups;1;Краскела—Уоллиса;Выберите тест для трёх независимых выборок с ненормальными данными.;2026-07-16 00:00:00
STAT_1507_19;statistics;multiple_paired_test_selection;Parametric Analysis;Multiple Paired Groups;1;ANOVA с повторными измерениями;Выберите тест для трёх зависимых выборок с нормальными данными.;2026-07-16 00:00:00
STAT_1507_20;statistics;nonparametric_multiple_paired_selection;Nonparametric Analysis;Multiple Paired Groups;1;Критерий Фридмана;Выберите тест для трёх зависимых выборок с ненормальными данными.;2026-07-16 00:00:00
STAT_1507_21;statistics;independence_categorical_selection;Categorical Analysis;Independence Tests;1;Хи-квадрат Пирсона;Выберите тест для проверки связи между двумя качественными независимыми признаками.;2026-07-16 00:00:00
STAT_1407_01;statistics;one_sample_test_selection;Parametric Analysis;One Sample Tests;1;Одновыборочный t-тест;Одна выборка, среднее, данные нормальны, дисперсия неизвестна. Выберите тест.;2026-07-16 00:00:00
STAT_1407_02;statistics;one_sample_test_selection;Parametric Analysis;One Sample Tests;1;Z-тест для одной доли;Одна выборка, доля. Выберите тест.;2026-07-16 00:00:00
STAT_1407_03;statistics;one_sample_test_selection;Parametric Analysis;One Sample Tests;1;Хи-квадрат для дисперсии;Одна выборка, проверка дисперсии при нормальности. Выберите тест.;2026-07-16 00:00:00
STAT_1407_04;statistics;two_independent_test_selection;Parametric Analysis;Two Independent Samples;2;Две независимые выборки: полный алгоритм;Опишите алгоритм выбора тестов для двух независимых выборок с нормальными данными.;2026-07-16 00:00:00
STAT_1407_05;statistics;nonparametric_two_independent_selection;Nonparametric Analysis;Two Independent Samples;1;Манна—Уитни;Две независимые выборки, данные не нормальны. Выберите тест.;2026-07-16 00:00:00
STAT_1407_06;statistics;paired_test_selection;Parametric Analysis;Paired Samples;1;Парный t-тест;Две зависимые выборки, данные нормальны. Выберите тест.;2026-07-16 00:00:00
STAT_1407_07;statistics;nonparametric_paired_selection;Nonparametric Analysis;Paired Samples;1;Критерий Уилкоксона;Две зависимые выборки, данные не нормальны. Выберите тест.;2026-07-16 00:00:00
STAT_1407_08;statistics;multiple_independent_test_selection;Parametric Analysis;Multiple Independent Groups;2;ANOVA: полный алгоритм;Три независимые группы, нормальные данные. Опишите алгоритм до post-hoc.;2026-07-16 00:00:00
STAT_1407_09;statistics;nonparametric_multiple_independent_selection;Nonparametric Analysis;Multiple Independent Groups;2;Краскела—Уоллиса + post-hoc;Три независимые группы, ненормальные данные. Выберите тест и дальнейшие действия.;2026-07-16 00:00:00
STAT_1407_10;statistics;multiple_paired_test_selection;Parametric Analysis;Multiple Paired Groups;1;ANOVA с повторными измерениями;Три зависимые группы, данные нормальны. Выберите тест.;2026-07-16 00:00:00
STAT_1407_11;statistics;nonparametric_multiple_paired_selection;Nonparametric Analysis;Multiple Paired Groups;1;Критерий Фридмана;Три зависимые группы, данные не нормальны. Выберите тест.;2026-07-16 00:00:00
STAT_1407_12;statistics;independence_categorical_selection;Categorical Analysis;Independence Tests;1;Хи-квадрат Пирсона;Проверка связи между двумя качественными независимыми признаками.;2026-07-16 00:00:00
STAT_1407_13;statistics;paired_categorical_selection;Categorical Analysis;Paired Categorical;1;Критерий Мак-Немара;Две зависимые группы, бинарный признак.;2026-07-16 00:00:00
STAT_1407_14;statistics;goodness_of_fit_selection;Categorical Analysis;Goodness of Fit;1;Хи-квадрат согласия;Один качественный признак. Проверка соответствия ожидаемому распределению.;2026-07-16 00:00:00
STAT_1407_15;statistics;spearman_correlation;Correlation;Correlation Mesuares;1;Корреляция Спирмена;Два количественных признака, данные не нормальны. Выберите коэффициент связи.;2026-07-16 00:00:00
STAT_1407_16;statistics;p_value;Hypothesis Testing;Foundations;1;Определение p-value;Дайте определение p-value.;2026-07-16 00:00:00
STAT_1407_17;statistics;type1_type2;Hypothesis Testing;Decision Making;1;Ошибка I рода;Дайте определение ошибки I рода и приведите пример.;2026-07-16 00:00:00
STAT_1407_18;statistics;type1_type2;Hypothesis Testing;Decision Making;1;Ошибка II рода;Дайте определение ошибки II рода и приведите пример.;2026-07-16 00:00:00
STAT_1407_19;statistics;interval_interpretation;Estimation;Confidence Intervals;1;Доверительный интервал;Дайте определение доверительного интервала.;2026-07-16 00:00:00
STAT_1407_20;statistics;central_limit_theorem;Hypothesis Testing;Foundations;1;Центральная предельная теорема;Что такое ЦПТ и зачем она нужна?;2026-07-16 00:00:00
STAT_1407_21;statistics;standard_error;Estimation;Estimation Concepts;1;Стандартная ошибка среднего;Что такое стандартная ошибка среднего?;2026-07-16 00:00:00
STAT_1407_22;statistics;normality_assessment;Assumption Tests;Normality;1;Проверка нормальности;Зачем проверять нормальность данных?;2026-07-16 00:00:00
STAT_1407_23;statistics;multiple_testing_correction;Hypothesis Testing;Advanced Topics;1;Поправка Бонферрони;Что делает поправка Бонферрони?;2026-07-16 00:00:00
STAT_1407_24;statistics;statistical_power;Hypothesis Testing;Decision Making;1;Мощность теста;Что такое мощность статистического теста?;2026-07-16 00:00:00
STAT_1407_25;statistics;test_selection;Hypothesis Testing;Test Selection;1;Параметрические и непараметрические тесты;Чем параметрические тесты отличаются от непараметрических?;2026-07-16 00:00:00
STAT_1407_26;statistics;one_sample_test_selection;Parametric Analysis;One Sample Tests;3;Проверка гипотезы о среднем весе яблок;Решите задачу: проверить гипотезу о среднем весе яблок по выборке (n=9, x̄=145, s=8, μ₀=150, α=0.05).;2026-07-16 00:00:00
SQL_1507_01;sql;sql_commands;SQL Theory;Basics;1;TRUNCATE и тип команды SQL;К какому типу команд SQL относится TRUNCATE и почему именно к этому типу?;2026-07-16 00:00:00
SQL_1507_02;sql;constraints;SQL Theory;Basics;1;Внешний ключ и UNIQUE;Может ли внешний ключ ссылаться не на первичный ключ? Если да, при каком условии?;2026-07-16 00:00:00
SQL_1507_03;sql;indexes;SQL Theory;Performance;2;Индексы и внешние ключи;Что такое индекс? Зачем создавать индекс на внешний ключ, если он не создаётся автоматически?;2026-07-16 00:00:00
SQL_1507_04;sql;window_function_concepts;SQL Theory;Window Functions;2;ROW_NUMBER, RANK и DENSE_RANK;Чем ROW_NUMBER() отличается от RANK() и DENSE_RANK()? Когда следует использовать ROW_NUMBER()?;2026-07-16 00:00:00
SQL_1507_05;sql;join_concepts;SQL Theory;Joins;2;LEFT JOIN и WHERE;Как условие в WHERE на поле правой таблицы влияет на результат LEFT JOIN? Почему это происходит?;2026-07-16 00:00:00
SQL_1507_06;sql;rank_dense_rank;SQL Core;Window Functions;1;Ранжирование результатов;Найдите ранг результатов игры по убыванию без пропусков в рангах при одинаковых значениях.;2026-07-16 00:00:00
SQL_1507_07;sql;rank_dense_rank;SQL Core;Window Functions;2;N-я по величине зарплата;Найдите n-ю по величине уникальную зарплату. Если такой нет — верните NULL.;2026-07-16 00:00:00
SQL_1507_08;sql;conditional_aggregation;SQL Core;Aggregation;3;Cancellation Rate;Рассчитайте ежедневный cancellation rate для поездок, учитывая только незаблокированных клиентов и водителей.;2026-07-16 00:00:00
SQL_1507_09;sql;row_number;SQL Core;Window Functions;1;Первая дата входа;Найдите первую дату входа каждого игрока.;2026-07-16 00:00:00
SQL_1507_10;sql;regex;Data Handling;Strings;1;Проверка email регулярным выражением;Определите, является ли email валидным по упрощённым правилам.;2026-07-16 00:00:00
SQL_1507_11;sql;rank_dense_rank;SQL Core;Window Functions;1;Вторая зарплата двумя способами;Найдите вторую по величине зарплату двумя различными способами.;2026-07-16 00:00:00
SQL_1507_12;sql;rank_dense_rank;SQL Core;Window Functions;2;Третья зарплата по отделам;Для каждого отдела найдите третью по величине зарплату либо NULL.;2026-07-16 00:00:00
SQL_1507_13;sql;join;SQL Core;Joins;2;Сотрудники со второй зарплатой;Найдите сотрудников, имеющих вторую по величине зарплату в своём отделе.;2026-07-16 00:00:00
SQL_1507_14;sql;exists;SQL Core;Subqueries / CTE;2;Все заказы оплачены;Найдите покупателей, у которых все заказы имеют статус paid.;2026-07-16 00:00:00
SQL_1507_15;sql;exists;SQL Core;Subqueries / CTE;1;Есть хотя бы один возврат;Найдите покупателей, у которых есть хотя бы один возврат.;2026-07-16 00:00:00
SQL_1507_16;sql;having;SQL Core;Aggregation;2;Все заказы возвращены;Найдите покупателей, у которых количество возвратов равно количеству заказов.;2026-07-16 00:00:00
SQL_1507_17;sql;forward_fill;SQL Core;Window Functions;3;Forward Fill курсов валют;Постройте календарь курсов валют и заполните пропуски последним известным значением.;2026-07-16 00:00:00
SQL_1507_18;sql;date_functions;Data Handling;Dates;1;Длительность подписки;Рассчитайте длительность каждой подписки в днях.;2026-07-16 00:00:00
SQL_1507_19;sql;date_functions;Data Handling;Dates;2;Подписки более года;Найдите подписки длительностью более 12 месяцев с использованием AGE().;2026-07-16 00:00:00
SQL_1507_20;sql;conditional_aggregation;SQL Core;Aggregation;2;Retention по подпискам;Рассчитайте процент пользователей с подпиской более трёх месяцев.;2026-07-16 00:00:00
SQL_1507_21;sql;retention;Product Analytics;User Lifecycle;2;Retention по подпискам (альтернативная задача);Рассчитайте retention пользователей по длительности подписки.;2026-07-16 00:00:00
SQL_1507_22;sql;sql_reading;SQL Core;Basics;2;Анализ SQL-запроса;Объясните работу запроса с DENSE_RANK, LEFT JOIN и COALESCE.;2026-07-16 00:00:00
STAT_1507_22;statistics;one_sample_t_test;Parametric Analysis;One Sample Tests;2;Одновыборочный t-тест: теория;Для одновыборочного t-теста укажите H₀, формулу статистики, распределение статистики и правило принятия решения.;2026-07-16 00:00:00
STAT_1507_23;statistics;z_test_one_proportion;Parametric Analysis;One Sample Tests;2;Z-тест для одной доли: теория;Для Z-теста одной доли укажите H₀, формулу статистики, распределение статистики и правило принятия решения.;2026-07-16 00:00:00
STAT_1507_24;statistics;chi_square_variance_test;Parametric Analysis;One Sample Tests;2;Хи-квадрат для дисперсии: теория;Для критерия χ² для одной дисперсии укажите H₀, формулу статистики, распределение статистики и правило принятия решения.;2026-07-16 00:00:00
STAT_1507_25;statistics;mann_whitney_test;Nonparametric Analysis;Two Independent Samples;2;Критерий Манна—Уитни: теория;Для критерия Манна—Уитни укажите H₀, статистику, распределение и правило принятия решения.;2026-07-16 00:00:00
STAT_1507_26;statistics;anova;Parametric Analysis;Multiple Independent Groups;2;ANOVA: теория;Для однофакторного ANOVA укажите H₀, статистику, распределение и правило принятия решения.;2026-07-16 00:00:00
STAT_1507_27;statistics;z_test;Parametric Analysis;One Sample Tests;3;Проверка гипотезы о среднем чеке;В интернет-магазине средний чек в прошлом году составлял 2500 ₽ при σ = 400 ₽. По выборке из 100 покупателей получено среднее 2420 ₽. Проверьте гипотезу об изменении среднего чека при α = 0.05.;2026-07-16 00:00:00
STAT_1607_01;statistics;critical_region;Hypothesis Testing;Foundations;2;Квантиль нормального распределения (левосторонний тест);Нормальное распределение, левосторонняя альтернатива, α = 0.05. Назовите критический квантиль.;2026-07-16 00:00:00
STAT_1607_02;statistics;critical_region;Hypothesis Testing;Foundations;2;Квантиль нормального распределения (правосторонний тест);Нормальное распределение, правосторонняя альтернатива, α = 0.01. Назовите критический квантиль.;2026-07-16 00:00:00
STAT_1607_03;statistics;critical_region;Hypothesis Testing;Foundations;2;Квантили нормального распределения (двусторонний тест);Нормальное распределение, двусторонняя альтернатива, α = 0.05. Назовите критические квантили.;2026-07-16 00:00:00
STAT_1607_04;statistics;critical_region;Hypothesis Testing;Foundations;2;Квантиль t-распределения;t-распределение, df = 10, двусторонняя альтернатива, α = 0.05. Назовите критический квантиль.;2026-07-16 00:00:00
STAT_1607_05;statistics;critical_region;Hypothesis Testing;Foundations;2;Квантиль t-распределения (правосторонний тест);t-распределение, df = 20, правосторонняя альтернатива, α = 0.05. Назовите критический квантиль.;2026-07-16 00:00:00
STAT_1607_06;statistics;critical_region;Hypothesis Testing;Foundations;2;Квантиль χ²-распределения;χ²-распределение, df = 5, правосторонняя альтернатива, α = 0.05. Назовите критический квантиль.;2026-07-16 00:00:00
STAT_1607_07;statistics;critical_region;Hypothesis Testing;Foundations;2;Квантили χ²-распределения;χ²-распределение, df = 3, двусторонняя альтернатива, α = 0.05. Назовите нижний и верхний критические квантили.;2026-07-16 00:00:00
STAT_1607_08;statistics;one_sample_test_selection;Parametric Analysis;One Sample Tests;2;Выбор теста: одна выборка;Одна выборка, среднее, нормальные данные, дисперсия неизвестна. Какой тест использовать?;2026-07-16 00:00:00
STAT_1607_09;statistics;nonparametric_two_independent_selection;Nonparametric Analysis;Two Independent Samples;2;Выбор теста: две независимые выборки;Две независимые выборки, средние, данные не нормальны. Какой тест использовать?;2026-07-16 00:00:00
STAT_1607_10;statistics;paired_categorical_selection;Categorical Analysis;Paired Categorical;2;Выбор теста: две зависимые бинарные выборки;Две зависимые выборки, бинарный признак. Какой тест использовать?;2026-07-16 00:00:00
STAT_1607_11;statistics;multiple_independent_test_selection;Parametric Analysis;Multiple Independent Groups;2;Выбор теста: три независимые группы;Три независимые группы, нормальные данные. Какой тест использовать? Что выбрать при неравенстве дисперсий?;2026-07-16 00:00:00
STAT_1607_12;statistics;independence_categorical_selection;Categorical Analysis;Independence Tests;2;Выбор теста: связь качественных признаков;Два качественных признака, независимые группы. Проверить наличие связи.;2026-07-16 00:00:00
STAT_1607_13;statistics;correlation_test_selection;Correlation;Correlation Mesuares;2;Выбор коэффициента корреляции;Два количественных признака, данные не нормальны, есть выбросы. Какой коэффициент использовать?;2026-07-16 00:00:00
STAT_1607_14;statistics;variance_assessment;Assumption Tests;Homogeneity of Variance;2;Выбор теста: одна дисперсия;Одна выборка, проверить дисперсию при нормальных данных.;2026-07-16 00:00:00
STAT_1607_15;statistics;nonparametric_multiple_paired_selection;Nonparametric Analysis;Multiple Paired Groups;2;Выбор теста: три зависимые группы;Три зависимые группы, данные не нормальны. Какой тест использовать?;2026-07-16 00:00:00
STAT_1607_16;statistics;welch_test;Parametric Analysis;Two Independent Samples;3;Теория: критерий Уэлча;Для критерия Уэлча укажите H₀, статистику, распределение и правило принятия решения.;2026-07-16 00:00:00
STAT_1607_17;statistics;paired_t_test;Parametric Analysis;Paired Samples;3;Теория: парный t-тест;Для парного t-теста укажите H₀, статистику, распределение и правило принятия решения.;2026-07-16 00:00:00
STAT_1607_18;statistics;wilcoxon_test;Nonparametric Analysis;Paired Samples;3;Теория: критерий Уилкоксона;Для критерия Уилкоксона укажите H₀, статистику, распределение и правило принятия решения.;2026-07-16 00:00:00
STAT_1607_19;statistics;kruskal_wallis_test;Nonparametric Analysis;Multiple Independent Groups;3;Теория: критерий Краскела—Уоллиса;Для критерия Краскела—Уоллиса укажите H₀, статистику, распределение и правило принятия решения.;2026-07-16 00:00:00
STAT_1607_20;statistics;chi_square_independence;Categorical Analysis;Independence Tests;3;Теория: χ² Пирсона;Для критерия χ² Пирсона укажите H₀, статистику, распределение и правило принятия решения.;2026-07-16 00:00:00
STAT_1607_21;statistics;z_test_one_proportion;Parametric Analysis;One Sample Tests;3;Проверка честности монеты;Монету подбросили 20 раз, орёл выпал 14 раз. Проверьте гипотезу о честности монеты с использованием нормальной аппроксимации при α = 0.05.;2026-07-16 00:00:00
STAT_1707_01;statistics;mcnemar_test;Categorical Analysis;Paired Categorical Tests;2;Критерий Мак-Немара;Для критерия Мак-Немара укажите H₀, тип данных, распределение статистики и правило принятия решения.;
STAT_1707_02;statistics;cochran_q_test;Categorical Analysis;Paired Categorical Tests;2;Q-критерий Кохрена;Для Q-критерия Кохрена укажите H₀, тип данных, распределение статистики и правило принятия решения.;
STAT_1707_03;statistics;fisher_exact_test;Categorical Analysis;Independence Tests;2;Точный критерий Фишера;Для точного критерия Фишера укажите H₀, тип данных, распределение статистики и правило принятия решения.;
STAT_1707_04;statistics;friedman_test;Nonparametric Analysis;Multiple Paired Groups;2;Критерий Фридмана;Для критерия Фридмана укажите H₀, тип данных, распределение статистики и правило принятия решения.;
STAT_1707_05;statistics;alexander_govern_test;Parametric Analysis;Multiple Independent Groups;2;Критерий Александера—Говерна;Для критерия Александера—Говерна укажите H₀, тип данных, распределение статистики и правило принятия решения.;
STAT_1707_06;statistics;paired_categorical_selection;Categorical Analysis;Paired Categorical;1;Выбор теста: две зависимые бинарные выборки;Две зависимые группы, бинарный признак. Какой тест использовать?;
STAT_1707_07;statistics;paired_categorical_selection;Categorical Analysis;Paired Categorical;1;Выбор теста: три зависимые бинарные выборки;Три зависимые группы, бинарный признак. Какой тест использовать?;
STAT_1707_08;statistics;independence_categorical_selection;Categorical Analysis;Independence Tests;1;Выбор теста: малые ожидаемые частоты;Два качественных признака, ожидаемые частоты меньше 5. Какой тест использовать?;
STAT_1707_09;statistics;nonparametric_multiple_paired_selection;Nonparametric Analysis;Multiple Paired Groups;1;Выбор теста: три зависимые ненормальные выборки;Три зависимые группы, данные не нормальны. Какой тест использовать?;
STAT_1707_10;statistics;multiple_independent_test_selection;Parametric Analysis;Multiple Independent Groups;1;Выбор теста: три независимые группы, неравные дисперсии;Три независимые группы, средние, нормальные данные, дисперсии не равны. Какой тест использовать?;
STAT_1707_11;statistics;paired_categorical_selection;Categorical Analysis;Paired Categorical;3;Собеседование: изменение удовлетворённости;Проверьте гипотезу об изменении удовлетворённости сотрудников до и после введения удалённой работы с помощью критерия Мак-Немара при уровне значимости 5%.;
SQL_1707_01;sql;aggregation_concepts;SQL Theory;Aggregation;2;GROUP BY и оконные функции;Можно ли использовать GROUP BY и оконные функции в одном запросе? В каком порядке они выполняются?;
SQL_1707_02;sql;null_handling;SQL Theory;NULL Handling;1;COUNT(*) vs COUNT(column);Чем COUNT(*) отличается от COUNT(column)? Какая функция учитывает строки с NULL?;
SQL_1707_03;sql;null_handling;SQL Theory;NULL Handling;2;NULLIF;Что делает NULLIF(a, b)? Приведите пример использования для предотвращения ошибки.;
SQL_1707_04;sql;window_function_concepts;SQL Theory;Window Functions;2;Накопительная сумма;Словами опишите, как посчитать накопительную сумму продаж с начала каждого месяца с помощью оконной функции.;
SQL_1707_05;sql;join_concepts;SQL Theory;Joins;2;INNER JOIN без ON;Что произойдёт, если выполнить INNER JOIN без условия ON? Как называется такое соединение и сколько строк получится?;
SQL_1707_06;sql;self_join;SQL Core;Joins;2;Тип узла дерева;Для каждой вершины дерева определите её тип: Root, Inner или Leaf.;
SQL_1707_07;sql;gaps_islands;SQL Core;Window Functions;3;Три последовательных дня в стадионе;Найдите записи, входящие в последовательности из трёх и более подряд идущих id, где people ≥ 100.;
SQL_1707_08;sql;data_modification;Data Handling;Data Modification;2;Замена значений ENUM;Одним UPDATE поменяйте местами значения 'm' и 'f' без временных таблиц.;
SQL_1707_09;sql;having;SQL Core;Aggregation;2;Актёр и режиссёр;Найдите пары actor_id и director_id, сотрудничавшие не менее трёх раз.;
SQL_1707_10;sql;regex;Data Handling;Strings;1;Проверка email;Найдите пользователей с валидным email по упрощённому шаблону.;
SQL_1707_11;sql;recursive_cte;SQL Core;Subqueries / CTE;3;Иерархия сотрудников;Постройте иерархию сотрудников с использованием WITH RECURSIVE, определив уровень каждого сотрудника.;
SQL_1707_12;sql;recursive_cte;SQL Core;Subqueries / CTE;3;Путь от CEO;Для каждого сотрудника постройте полный путь от CEO до сотрудника.;
SQL_1707_13;sql;recursive_cte;SQL Core;Subqueries / CTE;2;Сотрудники уровня 3;Выведите сотрудников третьего уровня иерархии.;
SQL_1707_14;sql;forward_fill;SQL Core;Window Functions;3;Forward Fill курсов валют;Для каждой валюты и каждого дня января заполните отсутствующие курсы последним известным значением.;
SQL_1707_15;sql;aggregation;SQL Core;Aggregation;2;Вторая зарплата;Найдите вторую по величине зарплату. Если её нет — верните NULL.;
SQL_1707_16;sql;aggregation;SQL Core;Aggregation;2;Сотрудники со второй зарплатой;Найдите сотрудников, имеющих вторую по величине зарплату.;
SQL_1707_17;sql;date_functions;Data Handling;Dates;2;Длительность проекта;Посчитайте длительность проекта в полных месяцах с использованием AGE и EXTRACT.;
SQL_1707_18;sql;sql_reading;SQL Core;Basics;2;Чтение рекурсивного CTE;Объясните работу рекурсивного CTE с построением пути сотрудников.;
SQL_1707_19;sql;running_aggregates;SQL Core;Window Functions;3;Скользящее среднее без нулей;Посчитайте скользящее среднее продаж за 7 дней, учитывая только дни с ненулевыми продажами.;
SQL_1707_20;sql;gaps_islands;SQL Core;Window Functions;3;Максимальный период бездействия;Для каждого пользователя найдите максимальное количество дней без активности.;
SQL_1707_21;sql;funnel;Product Analytics;Funnel Analysis;3;Простая воронка;Постройте воронку login → catalog → checkout и рассчитайте конверсию между шагами.;
STAT_1807_01;statistics;z_test_two_proportions;Parametric Analysis;Two Independent Samples;3;Z-тест для двух долей;Для Z-теста двух долей укажите H₀, тип данных, статистику, распределение и правило принятия решения.;
STAT_1807_02;statistics;fisher_f_test;Assumption Tests;Homogeneity of Variance;3;F-критерий Фишера;Для F-критерия Фишера укажите H₀, тип данных, статистику, распределение и правило принятия решения.;
STAT_1807_03;statistics;bartlett_test;Assumption Tests;Homogeneity of Variance;3;Критерий Бартлетта;Для критерия Бартлетта укажите H₀, тип данных, статистику, распределение и правило принятия решения.;
STAT_1807_04;statistics;levene_test;Assumption Tests;Homogeneity of Variance;3;Критерий Левена;Для критерия Левена укажите H₀, тип данных, статистику, распределение и правило принятия решения.;
STAT_1807_05;statistics;spearman_correlation;Correlation;Correlation Mesuares;3;Корреляция Спирмена;Для корреляции Спирмена укажите H₀, тип данных, статистику, распределение и правило принятия решения.;
STAT_1807_06;statistics;two_independent_test_selection;Parametric Analysis;Two Independent Samples;1;Выбор теста: две конверсии;Две независимые выборки, сравнить конверсии. Какой тест использовать?;
STAT_1807_07;statistics;two_independent_test_selection;Parametric Analysis;Two Independent Samples;1;Выбор теста: две выборки, дисперсии;Две независимые нормальные выборки. Проверить равенство дисперсий.;
STAT_1807_08;statistics;nonparametric_multiple_independent_selection;Nonparametric Analysis;Multiple Independent Groups;1;Выбор теста: три группы, ненормальные данные;Три независимые группы. Проверить равенство дисперсий при ненормальных данных.;
STAT_1807_09;statistics;spearman_correlation;Correlation;Correlation Mesuares;1;Выбор коэффициента связи;Два количественных признака, данные не нормальны, выбросов нет. Какой коэффициент использовать?;
STAT_1807_10;statistics;correlation_test_selection;Correlation;Correlation Mesuares;1;Выбор теста: три группы, нормальные данные;Три независимые группы. Проверить равенство дисперсий при нормальных данных.;
STAT_1807_11;statistics;one_sample_test_selection;Parametric Analysis;One Sample Tests;1;Выбор теста: одна дисперсия;Одна выборка, проверить дисперсию при нормальных данных.;
STAT_1807_12;statistics;paired_test_selection;Parametric Analysis;Paired Samples;1;Выбор теста: две зависимые выборки;Две зависимые выборки, нормальные данные.;
STAT_1807_13;statistics;paired_categorical_selection;Categorical Analysis;Paired Categorical;1;Выбор теста: три зависимые бинарные выборки;Три зависимые группы, бинарный признак.;
STAT_1807_14;statistics;independence_categorical_selection;Categorical Analysis;Independence Tests;1;Выбор теста: малые ожидаемые частоты;Два качественных признака, ожидаемые частоты меньше 5.;
STAT_1807_15;statistics;nonparametric_multiple_independent_selection;Nonparametric Analysis;Multiple Independent Groups;1;Выбор теста: три независимые ненормальные выборки;Три независимые группы, средние, данные не нормальны.;
STAT_1807_16;statistics;z_test_two_proportions;Parametric Analysis;Two Independent Samples;3;Собеседование: сравнение двух конверсий;Проверьте гипотезу о различии конверсий двух рекомендательных систем при уровне значимости 5%.;
PROB_1807_01;theory;conditional_probability;Probability;Conditional;3;Условная вероятность на кубиках;Бросают два кубика. Известно, что сумма равна 8. Найдите вероятность того, что хотя бы на одном кубике выпало 5.;
PROB_1807_02;theory;distribution_concept;Distributions;Distribution Concepts;3;Пуассоновский процесс;Для пуассоновского процесса определить распределение числа событий, времени между событиями и математическое ожидание интервала.;
PROB_1807_03;theory;bayes;Probability;Bayes;3;Байес: спам-фильтр;Решить задачу по формуле Байеса с чувствительностью, специфичностью и базовой вероятностью события.;
PROB_1807_04;theory;law_of_total_expectation;Expectation & Variance;Expectation;2;Закон полного матожидания;Найти общее математическое ожидание по известным долям групп и их средним значениям.;
PROB_1807_05;theory;portfolio_variance;Expectation & Variance;Applications;3;Доходность и риск портфеля;Рассчитать ожидаемую доходность и риск портфеля по дисперсиям, ковариации и весам активов.;
PROB_1807_06;theory;classical_probability;Probability;Basics;2;Почему вычитается пересечение;Объяснить интуитивно формулу вероятности объединения двух событий.;
PROB_1807_07;theory;correlation;Dependence;Covariance;2;Корреляция без вычислений;Определить коэффициент корреляции между двумя линейно зависимыми случайными величинами.;
PROB_1807_08;theory;p_value;Hypothesis Testing;Foundations;3;Ловушка про уровень значимости;Объяснить, почему уровень значимости не является вероятностью ошибочного вывода после получения значимого результата.;
PROB_1807_09;theory;independence;Probability;Conditional;3;Отсутствие памяти;Объяснить свойство отсутствия памяти на примере серии неудачных бросков монеты.;
PROB_1807_10;theory;density_interpretation;Distributions;Distribution Functions;3;Экспоненциальное распределение;Объяснить форму плотности экспоненциального распределения и причину её убывания.;
PROB_1807_11;theory;chi_square_distribution;Distributions;Continuous;3;Зачем нужно распределение χ²;Объяснить назначение распределения хи-квадрат и привести пример его применения.;
SQL_1807_01;sql;constraints;SQL Theory;Basics;1;Первичный ключ;Что такое первичный ключ? Может ли он быть составным? Приведите пример.;
SQL_1807_02;sql;aggregation_concepts;SQL Theory;Aggregation;2;WHERE vs HAVING;Чем WHERE отличается от HAVING? В каком порядке они выполняются?;
SQL_1807_03;sql;union_vs_union_all;SQL Theory;Set Operations;2;UNION vs UNION ALL;Чем UNION отличается от UNION ALL? Какой из них работает быстрее и почему?;
SQL_1807_04;sql;cte_subquery;SQL Theory;Query Structure;3;Подзапросы и CTE;Что такое подзапрос? Чем он отличается от CTE (WITH ... AS)? Когда лучше использовать CTE?;
SQL_1807_05;sql;cte_subquery;SQL Theory;Query Structure;3;Коррелированный подзапрос;Что такое коррелированный подзапрос? Чем он отличается от обычного?;
SQL_1807_06;sql;regex;Data Handling;Strings;2;Regex: цифра перед расширением;Найти файлы, имя которых оканчивается цифрой перед расширением.;
SQL_1807_08;sql;data_modification;Data Handling;Data Modification;2;DELETE минимальной зарплаты;Удалить сотрудников с минимальной зарплатой через подзапрос.;
SQL_1807_09;sql;conditional_aggregation;SQL Core;Aggregation;1;Подсчёт до и после UPDATE;Посчитать количество сотрудников каждого пола до и после обмена значений.;
SQL_1807_10;sql;recursive_cte;SQL Core;Subqueries / CTE;3;Иерархия категорий;Построить путь от корневой категории до каждой подкатегории с помощью рекурсивного CTE.;
SQL_1807_11;sql;recursive_cte;SQL Core;Subqueries / CTE;3;Все потомки категории;Найти все подкатегории категории «Электроника» на любом уровне вложенности.;
SQL_1807_12;sql;forward_fill;SQL Core;Window Functions;3;Forward Fill цен акций;Построить календарь по каждому тикеру и заполнить пропущенные цены последним известным значением.;
SQL_1807_13;sql;union_union_all;Data Handling;Set Operations;3;UNION ALL и новые продукты;Объединить продажи двух лет и найти продукты, появившиеся только в 2024 году.;
SQL_1807_14;sql;conditional_aggregation;SQL Core;Aggregation;2;Сравнение выручки по годам;Сравнить выручку продуктов за 2023 и 2024 годы и рассчитать рост.;
SQL_1807_15;sql;sql_reading;SQL Core;Basics;3;Разбор SQL-запроса;Проанализировать запрос с Forward Fill, LAG и оконными функциями.;
STAT_1907_01;statistics;z_test;Parametric Analysis;One Sample Tests;2;Z-тест для среднего;Описать Z-тест для одной выборки: H₀, распределение статистики, критерий отклонения H₀.;
STAT_1907_02;statistics;one_sample_t_test;Parametric Analysis;One Sample Tests;2;Одновыборочный t-тест;Описать t-тест для одной выборки: H₀, распределение статистики, критерий отклонения H₀.;
STAT_1907_03;statistics;z_test_one_proportion;Parametric Analysis;One Sample Tests;2;Z-тест для одной доли;Описать Z-тест для одной доли: H₀, распределение статистики, критерий отклонения H₀.;
STAT_1907_04;statistics;chi_square_variance_test;Parametric Analysis;One Sample Tests;2;Хи-квадрат для дисперсии;Описать критерий χ² для проверки дисперсии одной выборки.;
STAT_1907_05;statistics;two_sample_t_test;Parametric Analysis;Two Independent Samples;3;Двухвыборочный t-тест;Описать t-тест для двух независимых выборок при равенстве дисперсий.;
STAT_1907_06;statistics;welch_test;Parametric Analysis;Two Independent Samples;3;Критерий Уэлча;Описать критерий Уэлча: H₀, распределение статистики, критерий отклонения H₀.;
STAT_1907_07;statistics;paired_t_test;Parametric Analysis;Paired Samples;3;Парный t-тест;Описать парный t-тест: H₀, распределение статистики, критерий отклонения H₀.;
STAT_1907_08;statistics;one_sample_test_selection;Parametric Analysis;One Sample Tests;1;Выбор Z-теста;Одна выборка, среднее, дисперсия известна. Выбрать тест.;
STAT_1907_09;statistics;two_independent_test_selection;Parametric Analysis;Two Independent Samples;1;Выбор двухвыборочного t-теста;Две независимые выборки, средние, дисперсии равны. Выбрать тест.;
STAT_1907_10;statistics;two_independent_test_selection;Parametric Analysis;Two Independent Samples;1;Выбор критерия Уэлча;Две независимые выборки, средние, дисперсии не равны. Выбрать тест.;
STAT_1907_11;statistics;paired_test_selection;Parametric Analysis;Paired Samples;1;Выбор парного t-теста;Две зависимые выборки, данные нормальны. Выбрать тест.;
STAT_1907_12;statistics;one_sample_test_selection;Parametric Analysis;One Sample Tests;1;Выбор теста для одной доли;Одна выборка, проверить долю. Выбрать тест.;
STAT_1907_13;statistics;one_sample_test_selection;Parametric Analysis;One Sample Tests;1;Выбор χ² для дисперсии;Одна выборка, проверить дисперсию. Выбрать тест.;
STAT_1907_14;statistics;one_sample_test_selection;Parametric Analysis;One Sample Tests;1;Выбор одновыборочного t-теста;Одна выборка, среднее, дисперсия неизвестна. Выбрать тест.;
STAT_1907_15;statistics;nonparametric_two_independent_selection;Nonparametric Analysis;Two Independent Samples;1;Выбор критерия Манна—Уитни;Две независимые выборки, данные не нормальны. Выбрать тест.;
STAT_1907_16;statistics;one_sample_t_test;Parametric Analysis;One Sample Tests;3;Проверка среднего срока службы;Проверить гипотезу о среднем сроке службы лампочек по выборке с использованием одновыборочного t-теста.;
STAT_1907_17;statistics;wilcoxon_test;Nonparametric Analysis;Paired Samples;3;Одновыборочный критерий знаков / Уилкоксона;Описать одновыборочный критерий знаков и критерий Уилкоксона: H₀, распределение статистики, критерий отклонения H₀.;
STAT_1907_18;statistics;mann_whitney_test;Nonparametric Analysis;Two Independent Samples;3;Критерий Манна—Уитни;Описать критерий Манна—Уитни: H₀, распределение статистики, критерий отклонения H₀.;
STAT_1907_19;statistics;z_test_two_proportions;Parametric Analysis;Two Independent Samples;3;Z-тест для двух долей;Описать Z-тест для двух долей: H₀, распределение статистики, критерий отклонения H₀.;
STAT_1907_20;statistics;wilcoxon_test;Nonparametric Analysis;Paired Samples;3;Критерий Уилкоксона;Описать критерий Уилкоксона для зависимых выборок: H₀, распределение статистики, критерий отклонения H₀.;
STAT_1907_21;statistics;anova;Parametric Analysis;Multiple Independent Groups;3;ANOVA;Описать дисперсионный анализ ANOVA: H₀, распределение статистики, критерий отклонения H₀.;
STAT_1907_22;statistics;kruskal_wallis_test;Nonparametric Analysis;Multiple Independent Groups;3;Критерий Краскела—Уоллиса;Описать критерий Краскела—Уоллиса: H₀, распределение статистики, критерий отклонения H₀.;
STAT_1907_23;statistics;tukey_test;Parametric Analysis;Post-hoc Tests;3;Тест Тьюки;Описать post-hoc тест Тьюки: H₀, распределение статистики, критерий отклонения H₀.;
STAT_1907_24;statistics;one_sample_test_selection;Parametric Analysis;One Sample Tests;1;Выбор теста для одной выборки;Одна выборка, среднее, данные не нормальны. Выбрать тест.;
STAT_1907_25;statistics;two_independent_test_selection;Parametric Analysis;Two Independent Samples;1;Выбор теста для двух долей;Две независимые выборки, сравнить доли. Выбрать тест.;
STAT_1907_26;statistics;nonparametric_paired_selection;Nonparametric Analysis;Paired Samples;1;Выбор критерия Уилкоксона;Две зависимые выборки, данные не нормальны. Выбрать тест.;
STAT_1907_27;statistics;multiple_independent_test_selection;Parametric Analysis;Multiple Independent Groups;1;Выбор ANOVA;Три независимые группы, данные нормальны, дисперсии равны. Выбрать тест.;
STAT_1907_28;statistics;nonparametric_multiple_independent_selection;Nonparametric Analysis;Multiple Independent Groups;1;Выбор критерия Краскела—Уоллиса;Три независимые группы, данные не нормальны. Выбрать тест.;
STAT_1907_29;statistics;parametric_post_hoc_test_selection;Parametric Analysis;Post-hoc Tests;2;Post-hoc после ANOVA;После отклонения H₀ в ANOVA определить следующий шаг анализа.;
STAT_1907_30;statistics;multiple_independent_test_selection;Parametric Analysis;Multiple Independent Groups;2;Проверка равенства дисперсий;Три независимые группы, проверить равенство дисперсий при нормальных данных.;
STAT_1907_31;statistics;two_independent_test_selection;Parametric Analysis;Two Independent Samples;1;Выбор Манна—Уитни;Две независимые выборки, данные не нормальны. Выбрать тест.;
STAT_1907_32;statistics;z_test_one_proportion;Parametric Analysis;One Sample Tests;3;Проверка честности монеты;Проверить гипотезу о честности монеты с использованием нормальной аппроксимации.;
STAT_1907_33;statistics;one_sample_test_selection;Parametric Analysis;One Sample Tests;1;Выбор одновыборочного t-теста;Одна выборка, проверить среднее, данные нормальны, дисперсия неизвестна. Выбрать тест.;
STAT_1907_34;statistics;one_sample_test_selection;Parametric Analysis;One Sample Tests;1;Выбор теста для одной доли;Одна выборка, проверить долю. Выбрать тест.;
STAT_1907_35;statistics;two_independent_test_selection;Parametric Analysis;Two Independent Samples;1;Выбор Z-теста для двух долей;Две независимые выборки, сравнить доли. Выбрать тест.;
STAT_1907_36;statistics;two_independent_test_selection;Parametric Analysis;Two Independent Samples;1;Выбор t-теста Стьюдента;Две независимые выборки, средние, данные нормальны, дисперсии равны. Выбрать тест.;
STAT_1907_37;statistics;two_independent_test_selection;Parametric Analysis;Two Independent Samples;1;Выбор критерия Уэлча;Две независимые выборки, средние, данные нормальны, дисперсии не равны. Выбрать тест.;
STAT_1907_38;statistics;nonparametric_two_independent_selection;Nonparametric Analysis;Two Independent Samples;1;Выбор критерия Манна—Уитни;Две независимые выборки, средние, данные не нормальны. Выбрать тест.;
STAT_1907_39;statistics;paired_test_selection;Parametric Analysis;Paired Samples;1;Выбор парного t-теста;Две зависимые выборки, данные нормальны. Выбрать тест.;
STAT_1907_40;statistics;nonparametric_paired_selection;Nonparametric Analysis;Paired Samples;1;Выбор критерия Уилкоксона;Две зависимые выборки, данные не нормальны. Выбрать тест.;
STAT_1907_41;statistics;paired_categorical_selection;Categorical Analysis;Paired Categorical;1;Выбор критерия Мак-Немара;Две зависимые выборки, бинарный признак. Выбрать тест.;
STAT_1907_42;statistics;multiple_independent_test_selection;Parametric Analysis;Multiple Independent Groups;1;Выбор ANOVA;Три независимые группы, средние, данные нормальны, дисперсии равны. Выбрать тест.;
STAT_1907_43;statistics;multiple_independent_test_selection;Parametric Analysis;Multiple Independent Groups;1;Выбор критерия Александера—Говерна;Три независимые группы, средние, данные нормальны, дисперсии не равны. Выбрать тест.;
STAT_1907_44;statistics;nonparametric_multiple_independent_selection;Nonparametric Analysis;Multiple Independent Groups;1;Выбор критерия Краскела—Уоллиса;Три независимые группы, средние, данные не нормальны. Выбрать тест.;
STAT_1907_45;statistics;multiple_paired_test_selection;Parametric Analysis;Multiple Paired Groups;1;Выбор ANOVA с повторными измерениями;Три зависимые группы, данные нормальны. Выбрать тест.;
STAT_1907_46;statistics;nonparametric_multiple_paired_selection;Nonparametric Analysis;Multiple Paired Groups;1;Выбор критерия Фридмана;Три зависимые группы, данные не нормальны. Выбрать тест.;
STAT_1907_47;statistics;independence_categorical_selection;Categorical Analysis;Independence Tests;1;Выбор критерия хи-квадрат Пирсона;Два качественных признака, независимые группы. Проверить наличие связи.;
STAT_2007_01;statistics;chi_square_independence;Categorical Analysis;Independence Tests;2;Хи-квадрат Пирсона подробно;Для критерия хи-квадрат Пирсона (таблица сопряжённости) укажите H₀, распределение статистики и правило отклонения H₀.;
STAT_2007_02;statistics;fisher_exact_test;Categorical Analysis;Independence Tests;2;Точный критерий Фишера подробно;Для точного критерия Фишера укажите H₀, распределение статистики и правило отклонения H₀.;
STAT_2007_03;statistics;mcnemar_test;Categorical Analysis;Paired Categorical Tests;2;Критерий Мак-Немара подробно;Для критерия Мак-Немара укажите H₀, распределение статистики и правило отклонения H₀.;
STAT_2007_04;statistics;friedman_test;Nonparametric Analysis;Multiple Paired Groups;2;Критерий Фридмана подробно;Для критерия Фридмана укажите H₀, распределение статистики и правило отклонения H₀.;
STAT_2007_05;statistics;pearson_correlation;Correlation;Correlation Mesuares;2;Корреляция Пирсона подробно;Для корреляции Пирсона укажите H₀, распределение статистики и правило отклонения H₀.;
STAT_2007_06;statistics;spearman_correlation;Correlation;Correlation Mesuares;2;Корреляция Спирмена подробно;Для корреляции Спирмена укажите H₀, распределение статистики и правило отклонения H₀.;
STAT_2007_07;statistics;kendall_correlation;Correlation;Correlation Mesuares;2;Корреляция Кендалла подробно;Для корреляции Кендалла укажите H₀, распределение статистики и правило отклонения H₀.;
STAT_2007_08;statistics;independence_categorical_selection;Categorical Analysis;Independence Tests;1;Выбор хи-квадрат Пирсона;Два качественных признака, независимые группы. Проверить наличие связи. Выбрать тест.;
STAT_2007_09;statistics;independence_categorical_selection;Categorical Analysis;Independence Tests;1;Выбор точного критерия Фишера;Два качественных признака, ожидаемые частоты меньше 5. Выбрать тест.;
STAT_2007_10;statistics;paired_categorical_selection;Categorical Analysis;Paired Categorical;1;Выбор критерия Мак-Немара;Две зависимые группы, бинарный признак (до/после). Выбрать тест.;
STAT_2007_11;statistics;nonparametric_paired_selection;Nonparametric Analysis;Paired Samples;1;Выбор критерия Фридмана;Три зависимые группы, данные не нормальны. Выбрать тест.;
STAT_2007_12;statistics;nonparametric_multiple_independent_selection;Nonparametric Analysis;Multiple Independent Groups;1;Выбор критерия Краскела—Уоллиса;Три независимые группы, средние, данные не нормальны. Выбрать тест.;
STAT_2007_13;statistics;correlation_test_selection;Correlation;Correlation Mesuares;1;Выбор корреляции Пирсона;Два количественных признака, данные нормальны. Найти силу связи.;
STAT_2007_14;statistics;correlation_test_selection;Correlation;Correlation Mesuares;1;Выбор корреляции Кендалла;Два количественных признака, данные не нормальны, есть выбросы. Найти силу связи.;
STAT_2007_15;statistics;multiple_independent_test_selection;Parametric Analysis;Multiple Independent Groups;1;Выбор критерия Бартлетта;Три независимые группы. Проверить равенство дисперсий при нормальных данных.;
STAT_2007_16;statistics;chi_square_independence;Categorical Analysis;Independence Tests;3;Собеседование: связь пола и предпочтения марки;В опросе участвовали 200 человек. Среди них 90 мужчин и 110 женщин. Марку A предпочли 60 мужчин и 50 женщин, остальные — марку B. Проверьте гипотезу о наличии связи между полом и предпочтением марки при уровне значимости 5%.;
STAT_2007_17;statistics;chi_square_independence;Categorical Analysis;Independence Tests;2;Хи-квадрат Пирсона подробно;Для критерия хи-квадрат Пирсона (таблица сопряжённости) укажите H₀, статистику (словами), распределение статистики и правило отклонения H₀.;
STAT_2007_18;statistics;fisher_exact_test;Categorical Analysis;Independence Tests;2;Точный критерий Фишера подробно;Для точного критерия Фишера укажите H₀, статистику (словами), распределение статистики и правило отклонения H₀.;
STAT_2007_19;statistics;mcnemar_test;Categorical Analysis;Paired Categorical Tests;2;Критерий Мак-Немара подробно;Для критерия Мак-Немара укажите H₀, статистику (словами), распределение статистики и правило отклонения H₀.;
STAT_2007_20;statistics;spearman_correlation;Correlation;Correlation Mesuares;2;Корреляция Спирмена подробно;Для корреляции Спирмена укажите H₀, статистику (словами), распределение статистики и правило отклонения H₀.;
STAT_2007_21;statistics;kendall_correlation;Correlation;Correlation Mesuares;2;Корреляция Кендалла подробно;Для корреляции Кендалла укажите H₀, статистику (словами), распределение статистики и правило отклонения H₀.;
STAT_2007_22;statistics;independence_categorical_selection;Categorical Analysis;Independence Tests;1;Выбор хи-квадрат Пирсона;Два качественных признака, независимые группы, ожидаемые частоты ≥ 5. Выбрать тест.;
STAT_2007_23;statistics;independence_categorical_selection;Categorical Analysis;Independence Tests;1;Выбор точного критерия Фишера;Два качественных признака, независимые группы, ожидаемые частоты < 5. Выбрать тест.;
STAT_2007_24;statistics;paired_categorical_selection;Categorical Analysis;Paired Categorical;1;Выбор критерия Мак-Немара;Две зависимые группы, бинарный признак (до/после). Выбрать тест.;
STAT_2007_25;statistics;correlation_test_selection;Correlation;Correlation Mesuares;1;Выбор корреляции Пирсона;Два количественных признака, данные нормальны. Найти силу связи.;
STAT_2007_26;statistics;correlation_test_selection;Correlation;Correlation Mesuares;1;Выбор корреляции Кендалла;Два количественных признака, данные не нормальны, есть выбросы. Найти силу связи.;
STAT_2007_27;statistics;paired_categorical_selection;Categorical Analysis;Paired Categorical;1;Выбор Q-критерия Кохрена;Три зависимые группы, бинарный признак. Выбрать тест.;
STAT_2007_28;statistics;nonparametric_multiple_paired_selection;Nonparametric Analysis;Multiple Paired Groups;1;Выбор критерия Фридмана;Три зависимые группы, данные не нормальны. Выбрать тест.;
STAT_2007_29;statistics;nonparametric_multiple_independent_selection;Nonparametric Analysis;Multiple Independent Groups;1;Выбор критерия Краскела—Уоллиса;Три независимые группы, средние, данные не нормальны. Выбрать тест.;
STAT_2007_30;statistics;goodness_of_fit_selection;Categorical Analysis;Goodness of Fit;1;Выбор хи-квадрат согласия;Одна качественная переменная. Проверить соответствие ожидаемому распределению. Выбрать тест.;
STAT_2007_31;statistics;correlation_test_selection;Correlation;Correlation Mesuares;1;Выбор корреляции Спирмена;Два порядковых признака. Найти силу связи.;
STAT_2007_32;statistics;mcnemar_test;Categorical Analysis;Paired Categorical Tests;3;Собеседование: обучение сотрудников;В компании провели обучение для 50 сотрудников. До обучения тест сдали 20 человек, после обучения — 35. Среди тех, кто не сдал до обучения, 25 сдали после. Среди тех, кто сдал до обучения, 5 не сдали после. Проверьте, значимо ли изменилась доля сдавших при уровне значимости 5%.;
SQL_2007_01;sql;exists;SQL Core;Subqueries / CTE;2;Продажи по товарам;По таблицам Product и Sales выполнить агрегирование продаж по товарам с использованием JOIN.;
SQL_2007_02;sql;join;SQL Core;Joins;2;Покупки пользователей за 2019;Для каждого пользователя вывести дату регистрации и количество заказов, сделанных им как покупателем в 2019 году. Использовать LEFT JOIN и агрегирование.;
SQL_2007_03;sql;pivot_unpivot;Data Handling;Data Reshaping;2;Pivot по месяцам;Преобразовать строки с месяцами в отдельные столбцы Jan–Dec с помощью CASE и агрегирования.;
SQL_2007_04;sql;conditional_aggregation;SQL Core;Aggregation;2;Прибыль по акциям;Для каждой акции вычислить итоговую прибыль/убыток, используя условную агрегацию по операциям Buy и Sell.;
SQL_2007_05;sql;aggregation;SQL Core;Aggregation;2;Пройденное расстояние пользователей;Для каждого пользователя вычислить суммарное пройденное расстояние, отсортировать по расстоянию и имени. Использовать LEFT JOIN и агрегирование.;
STAT_2107_01;statistics;cochran_q_test;Categorical Analysis;Paired Categorical Tests;2;Q-критерий Кохрена подробно;Для Q-критерия Кохрена укажите H₀, статистику (словами), распределение статистики и правило отклонения H₀.;
STAT_2107_02;statistics;repeated_measures_anova;Parametric Analysis;Multiple Paired Groups;2;ANOVA с повторными измерениями подробно;Для ANOVA с повторными измерениями укажите H₀, статистику (словами), распределение статистики и правило отклонения H₀.;
STAT_2107_03;statistics;sign_test;Nonparametric Analysis;Paired Samples;2;G-критерий знаков подробно;Для G-критерия знаков укажите H₀, статистику (словами), распределение статистики и правило отклонения H₀.;
STAT_2107_04;statistics;z_test;Parametric Analysis;One Sample Tests;2;Z-тест подробно;Для одновыборочного Z-теста (среднее, дисперсия известна) укажите H₀, статистику (словами), распределение статистики и правило отклонения H₀.;
STAT_2107_05;statistics;chi_square_goodness_of_fit;Categorical Analysis;Goodness of Fit;2;Хи-квадрат согласия подробно;Для критерия хи-квадрат согласия укажите H₀, статистику (словами), распределение статистики и правило отклонения H₀.;
STAT_2107_06;statistics;dunn_test;Nonparametric Analysis;Post-hoc Tests;2;Тест Данна подробно;Для теста Данна укажите H₀, статистику (словами), распределение статистики и правило отклонения H₀.;
STAT_2107_07;statistics;pearson_correlation;Correlation;Correlation Mesuares;2;Корреляция Пирсона подробно;Для корреляции Пирсона укажите H₀, статистику (словами), распределение статистики и правило отклонения H₀.;
STAT_2107_08;statistics;paired_categorical_selection;Categorical Analysis;Paired Categorical;1;Выбор Q-критерия Кохрена;Три зависимые группы, бинарный признак. Выбрать тест.;
STAT_2107_09;statistics;multiple_paired_test_selection;Parametric Analysis;Multiple Paired Groups;1;Выбор ANOVA с повторными измерениями;Три зависимые группы, данные нормальны. Выбрать тест.;
STAT_2107_10;statistics;nonparametric_paired_selection;Nonparametric Analysis;Paired Samples;1;Выбор G-критерия знаков;Две зависимые выборки, данные не нормальны, требуется учитывать только направление сдвига. Выбрать тест.;
STAT_2107_11;statistics;one_sample_test_selection;Parametric Analysis;One Sample Tests;1;Выбор одновыборочного Z-теста;Одна выборка, среднее, дисперсия известна. Выбрать тест.;
STAT_2107_12;statistics;goodness_of_fit_selection;Categorical Analysis;Goodness of Fit;1;Выбор хи-квадрат согласия;Одна качественная переменная. Проверить соответствие ожидаемому (равномерному) распределению. Выбрать тест.;
STAT_2107_13;statistics;nonparametric_post_hoc_test_selection;Nonparametric Analysis;Post-hoc Tests;1;Выбор теста Данна;После критерия Краскела—Уоллиса отвергли H₀. Какой post-hoc тест использовать?;
STAT_2107_14;statistics;correlation_test_selection;Correlation;Correlation Mesuares;1;Выбор корреляции Пирсона;Два количественных признака, данные нормальны. Найти силу связи.;
STAT_2107_15;statistics;z_test_two_proportions;Parametric Analysis;Two Independent Samples;1;Выбор Z-теста для двух долей;Две независимые выборки, сравнить доли. Выбрать тест.;
STAT_2107_16;statistics;z_test;Parametric Analysis;One Sample Tests;3;Собеседование: средний вес яблок;Фермер утверждает, что средний вес яблока равен 150 г при известном стандартном отклонении 12 г. По выборке из 36 яблок средний вес составил 146 г. Проверьте гипотезу при уровне значимости 5%.;
STAT_2107_17;statistics;mcnemar_test;Categorical Analysis;Paired Categorical Tests;2;Критерий Мак-Немара подробно;Для критерия Мак-Немара укажите H₀, для каких данных применяется, статистику (словами), распределение статистики и правило отклонения H₀.;
STAT_2107_18;statistics;chi_square_independence;Categorical Analysis;Independence Tests;2;Хи-квадрат Пирсона подробно;Для критерия хи-квадрат Пирсона (таблица сопряжённости) укажите H₀, для каких данных применяется, статистику (словами), распределение статистики и правило отклонения H₀.;
STAT_2107_19;statistics;fisher_exact_test;Categorical Analysis;Independence Tests;2;Точный критерий Фишера подробно;Для точного критерия Фишера укажите H₀, для каких данных применяется, статистику (словами), распределение статистики и правило отклонения H₀.;
STAT_2107_20;statistics;wilcoxon_test;Nonparametric Analysis;Paired Samples;2;Критерий Уилкоксона подробно;Для критерия Уилкоксона для зависимых выборок укажите H₀, для каких данных применяется, статистику (словами), распределение статистики и правило отклонения H₀.;
STAT_2107_21;statistics;one_sample_t_test;Parametric Analysis;One Sample Tests;2;Одновыборочный t-тест подробно;Для одновыборочного t-теста укажите H₀, для каких данных применяется, статистику (словами), распределение статистики и правило отклонения H₀.;
STAT_2107_22;statistics;kruskal_wallis_test;Nonparametric Analysis;Multiple Independent Groups;2;Критерий Краскела—Уоллиса подробно;Для критерия Краскела—Уоллиса укажите H₀, для каких данных применяется, статистику (словами), распределение статистики и правило отклонения H₀.;
STAT_2107_23;statistics;mann_whitney_test;Nonparametric Analysis;Two Independent Samples;2;Критерий Манна—Уитни подробно;Для критерия Манна—Уитни укажите H₀, для каких данных применяется, статистику (словами), распределение статистики и правило отклонения H₀.;
STAT_2107_24;statistics;anova;Parametric Analysis;Multiple Independent Groups;2;Однофакторный ANOVA подробно;Для однофакторного ANOVA укажите H₀, для каких данных применяется, статистику (словами), распределение статистики и правило отклонения H₀.;
STAT_2107_25;statistics;tukey_test;Parametric Analysis;Post-hoc Tests;2;Тест Тьюки подробно;Для теста Тьюки укажите H₀, для каких данных применяется, статистику (словами), распределение статистики и правило отклонения H₀.;
SQL_2107_01;sql;constraints;SQL Theory;Basics;1;Внешний ключ и поведение при удалении;Объясните, что такое внешний ключ, что он обеспечивает и что произойдёт при удалении родительской записи, если на неё ссылаются дочерние записи. Опишите варианты поведения ON DELETE.;
SQL_2107_02;sql;union_union_all;Data Handling;Set Operations;1;UNION и UNION ALL;Объясните различия между UNION и UNION ALL. Какой оператор работает быстрее и почему?;
SQL_2107_03;sql;database_normalization;SQL Theory;Data Modeling;2;Нормализация базы данных;Объясните, что такое нормализация базы данных, зачем она нужна, кратко опишите 1НФ, 2НФ и 3НФ и приведите пример ненормализованной таблицы.;
SQL_2107_04;sql;transactions_acid;SQL Theory;Transactions;2;Транзакции и ACID;Объясните, что такое транзакция, расшифруйте ACID и приведите пример транзакции в базе данных.;
SQL_2107_05;sql;join_concepts;SQL Theory;Joins;2;JOIN с неравенствами;Объясните, можно ли использовать в JOIN условия, отличные от равенства (>, <, BETWEEN и др.), и приведите практические примеры использования.;
SQL_2107_06;sql;regex;Data Handling;Strings;2;Regex: цифра перед расширением;Найдите файлы, у которых перед расширением стоит цифра. Выведите id, filename и признак has_digit_before_ext (1/0).;
SQL_2107_07;sql;data_modification;Data Handling;Data Modification;2;UPDATE с CASE;Одним UPDATE поменяйте местами значения 'm' и 'f' в столбце sex с использованием CASE.;
SQL_2107_08;sql;aggregation;SQL Core;Aggregation;1;Подсчёт количества по полу;Покажите количество сотрудников каждого пола до UPDATE и объясните, что покажет этот же запрос после обмена значений 'm' и 'f'.;
SQL_2107_09;sql;data_modification;Data Handling;Data Modification;3;DELETE нижних 10% зарплат;Удалите сотрудников, чьи зарплаты попадают в нижние 10%, используя NTILE или PERCENT_RANK и подзапрос.;
SQL_2107_10;sql;recursive_cte;SQL Core;Subqueries / CTE;3;Дерево категорий с путём;Постройте дерево категорий с помощью рекурсивного CTE и выведите полный путь от корня до каждой категории.;
SQL_2107_11;sql;recursive_cte;SQL Core;Subqueries / CTE;3;Все подкатегории категории;Найдите все подкатегории заданной категории на всех уровнях вложенности с помощью рекурсивного CTE.;
SQL_2107_12;sql;recursive_cte;SQL Core;Subqueries / CTE;2;Количество прямых подкатегорий;Для каждой категории посчитайте количество прямых подкатегорий.;
SQL_2107_13;sql;date_functions;Data Handling;Dates;2;Календарь рабочих дней;Сгенерируйте календарь января 2024 и определите для каждой даты признаки выходного, праздника и рабочего дня. Посчитайте количество рабочих дней.;
SQL_2107_14;sql;retention;Product Analytics;User Lifecycle;3;Retention Day 1/3/7;Рассчитайте дневной retention (Day 1, 3 и 7) для когорт за последние 14 дней с выводом процентов и округлением.;
SQL_2107_15;sql;sql_reading;SQL Core;Basics;2;Чтение рекурсивного CTE;Проанализируйте рекурсивный CTE с деревом категорий и объясните назначение COALESCE, LEFT JOIN, depth и вычисляемого уровня level_type.;
STAT_2207_01;statistics;bartlett_test;Assumption Tests;Homogeneity of Variance;2;Критерий Бартлетта подробно;Для критерия Бартлетта укажите H₀, статистику (словами), распределение статистики и правило отклонения H₀.;
STAT_2207_02;statistics;levene_test;Assumption Tests;Homogeneity of Variance;2;Критерий Левена подробно;Для критерия Левена укажите H₀, статистику (словами), распределение статистики и правило отклонения H₀.;
STAT_2207_03;statistics;scheffe_test;Parametric Analysis;Post-hoc Tests;2;Критерий Шеффе подробно;Для критерия Шеффе укажите H₀, статистику (словами), распределение статистики и правило отклонения H₀.;
STAT_2207_04;statistics;dunnett_test;Parametric Analysis;Post-hoc Tests;2;Тест Даннетта подробно;Для теста Даннетта укажите H₀, статистику (словами), распределение статистики и правило отклонения H₀.;
STAT_2207_05;statistics;association_measures;Categorical Analysis;Association Measures;2;Коэффициент Крамера;Объясните коэффициент Крамера: для каких данных применяется, диапазон значений, интерпретация и формула.;
STAT_2207_06;statistics;test_selection;Hypothesis Testing;Test Selection;2;Средний чек по регионам;Проверить, зависит ли средний чек от региона (Москва, Санкт-Петербург, Омск). Опишите полный алгоритм анализа и выбор тестов.;
STAT_2207_07;statistics;paired_categorical_selection;Categorical Analysis;Paired Categorical;2;Удовлетворённость до и после программы;Проверить, изменилась ли удовлетворённость клиентов после программы лояльности (одни и те же клиенты, бинарный ответ).;
STAT_2207_08;statistics;independence_categorical_selection;Categorical Analysis;Independence Tests;2;Образование и тип занятости;Проверить наличие связи между уровнем образования и типом занятости.;
STAT_2207_09;statistics;test_selection;Hypothesis Testing;Test Selection;2;Баллы студентов до и после курса;Проверить, увеличился ли средний балл студентов после нового курса (одни и те же студенты).;
STAT_2207_10;statistics;test_selection;Hypothesis Testing;Test Selection;2;Конверсия трёх баннеров;Проверить, отличается ли конверсия трёх рекламных баннеров.;
STAT_2207_11;statistics;two_independent_test_selection;Parametric Analysis;Two Independent Samples;2;Время ответа поддержки;Проверить, изменилось ли среднее время ответа поддержки по сравнению с прошлым месяцем (нормальные данные).;
STAT_2207_12;statistics;two_independent_test_selection;Parametric Analysis;Two Independent Samples;2;Конверсия двух версий сайта;Проверить, отличается ли доля купивших между двумя версиями сайта.;
STAT_2207_13;statistics;independence_categorical_selection;Categorical Analysis;Independence Tests;3;Пол и предпочтение напитка;Проверить наличие связи между полом и предпочтением напитка с помощью критерия хи-квадрат Пирсона.;
STAT_2207_14;statistics;test_selection;Hypothesis Testing;Test Selection;2;Время ответа по дням недели;Проверить, зависит ли среднее время ответа поддержки от дня недели.;
STAT_2207_15;statistics;paired_t_test;Parametric Analysis;Paired Samples;2;Вес пациентов после диеты;Проверить, изменился ли средний вес пациентов после диеты (одни и те же пациенты).;
STAT_2207_16;statistics;chi_square_independence;Categorical Analysis;Independence Tests;2;Семейное положение и кредит;Проверить наличие связи между семейным положением и наличием кредита.;
STAT_2207_17;statistics;nonparametric_two_independent_selection;Nonparametric Analysis;Two Independent Samples;2;Зарплаты мужчин и женщин;Проверить различие средней зарплаты мужчин и женщин при ненормальных данных.;
STAT_2207_18;statistics;independence_categorical_selection;Categorical Analysis;Independence Tests;2;Возраст и предпочтение телефона;Проверить связь между возрастной группой и предпочтением марки телефона.;
STAT_2207_19;statistics;paired_categorical_selection;Categorical Analysis;Paired Categorical;2;Новый учебный план;Проверить, изменилась ли доля сдавших экзамен после нового учебного плана.;
STAT_2207_20;statistics;multiple_independent_test_selection;Parametric Analysis;Multiple Independent Groups;2;Время загрузки сайта;Проверить различие среднего времени загрузки сайта утром, днём и вечером при неравных дисперсиях.;
STAT_2207_21;statistics;nonparametric_multiple_independent_selection;Nonparametric Analysis;Multiple Independent Groups;2;Средний чек трёх магазинов;Проверить различие среднего чека трёх магазинов при ненормальных данных.;
STAT_2207_22;statistics;parametric_post_hoc_test_selection;Parametric Analysis;Post-hoc Tests;2;Post-hoc после ANOVA;После отклонения H₀ в ANOVA с группами разного размера выбрать подходящий post-hoc тест.;
STAT_2207_23;statistics;test_selection;Hypothesis Testing;Test Selection;2;Оценки двух судей;Проверить, одинаково ли распределены оценки двух судей для одних и тех же участников.;
STAT_2207_24;statistics;z_test_one_proportion;Parametric Analysis;One Sample Tests;3;Монетка: смещение к орлу;Проверить гипотезу о честности монетки против альтернативы, что она смещена в сторону орла.;
STAT_2207_25;statistics;z_test_two_proportions;Parametric Analysis;Two Independent Samples;3;Сравнение двух форматов писем;Проверить различие долей открытий писем между двумя независимыми группами.;
STAT_2307_01;statistics;nonparametric_multiple_independent_selection;Nonparametric Analysis;Multiple Independent Groups;2;Зарплата в четырёх отделах;Проверить, отличается ли средняя зарплата в четырёх отделах компании (разные сотрудники, данные не нормальны).;
STAT_2307_02;statistics;paired_categorical_selection;Categorical Analysis;Paired Categorical;2;Опоздания студентов;Проверить, изменилась ли доля опоздавших студентов после ужесточения правил (одни и те же группы, бинарный признак).;
STAT_2307_03;statistics;independence_categorical_selection;Categorical Analysis;Independence Tests;2;Тип устройства и покупка;Проверить наличие связи между типом устройства и фактом покупки.;
STAT_2307_04;statistics;multiple_independent_test_selection;Parametric Analysis;Multiple Independent Groups;2;Пробег автомобилей;Проверить, отличается ли средний пробег автомобилей трёх марок (разные автомобили, данные нормальны).;
STAT_2307_05;statistics;independence_categorical_selection;Categorical Analysis;Independence Tests;2;Стресс и занятость;Проверить зависимость уровня стресса от типа занятости.;
STAT_2307_06;statistics;test_selection;Hypothesis Testing;Test Selection;2;Сон после отпуска;Проверить, изменилось ли среднее время сна после отпуска (одни и те же люди).;
STAT_2307_07;statistics;two_independent_test_selection;Parametric Analysis;Two Independent Samples;2;Две программы лояльности;Проверить различие доли вернувшихся клиентов у двух программ лояльности.;
STAT_2307_08;statistics;variance_assessment;Assumption Tests;Homogeneity of Variance;2;Проверка дисперсий;Проверить равенство дисперсий в трёх группах при ненормальных данных и выбросах.;
STAT_2307_09;statistics;parametric_post_hoc_test_selection;Parametric Analysis;Post-hoc Tests;2;Post-hoc после ANOVA;После отклонения H₀ в ANOVA по четырём рекламным кампаниям выбрать post-hoc тест.;
STAT_2307_10;statistics;paired_categorical_selection;Categorical Analysis;Paired Categorical;3;Опрос до и после дебатов;Проверить изменение распределения ответов (да/нет/не знаю) до и после дебатов у одних и тех же людей.;
STAT_2307_11;statistics;chi_square_variance_test;Parametric Analysis;One Sample Tests;3;Проверка стандартного отклонения упаковок;Проверить утверждение о стандартном отклонении веса упаковок.;
STAT_2307_12;statistics;chi_square_independence;Categorical Analysis;Independence Tests;3;Пол и фитнес-приложение;Проверить наличие связи между полом и использованием фитнес-приложения.;
STAT_2307_13;statistics;repeated_measures_anova;Parametric Analysis;Multiple Paired Groups;2;ANOVA с повторными измерениями подробно;Для ANOVA с повторными измерениями укажите H₀, статистику, распределение и правило отклонения H₀.;
STAT_2307_14;statistics;friedman_test;Nonparametric Analysis;Multiple Paired Groups;2;Критерий Фридмана подробно;Для критерия Фридмана укажите H₀, статистику, распределение и правило отклонения H₀.;
STAT_2307_15;statistics;cochran_q_test;Categorical Analysis;Paired Categorical Tests;2;Q-критерий Кохрена подробно;Для Q-критерия Кохрена укажите H₀, статистику, распределение и правило отклонения H₀.;
STAT_2307_16;statistics;sign_test;Nonparametric Analysis;Paired Samples;2;G-критерий знаков подробно;Для G-критерия знаков укажите H₀, статистику, распределение и правило отклонения H₀.;
STAT_2307_17;statistics;sign_test;Nonparametric Analysis;Paired Samples;2;Одновыборочный критерий знаков;Для одновыборочного критерия знаков укажите H₀, статистику, распределение и правило отклонения H₀.;
STAT_2307_18;statistics;nonparametric_multiple_paired_selection;Nonparametric Analysis;Multiple Paired Groups;2;Время ответа по сменам;Проверить различие среднего времени ответа поддержки в трёх сменах (одни и те же операторы, данные не нормальны).;
STAT_2307_19;statistics;paired_categorical_selection;Categorical Analysis;Paired Categorical;2;Новая программа обучения;Проверить изменение доли студентов, сдавших экзамен, до и после новой программы.;
STAT_2307_20;statistics;paired_categorical_selection;Categorical Analysis;Paired Categorical;2;Три дизайна этикетки;Проверить различие предпочтений трёх дизайнов этикетки у одних и тех же людей.;
STAT_2307_21;statistics;paired_test_selection;Parametric Analysis;Paired Samples;2;Время загрузки сайта;Проверить изменение медианного времени загрузки сайта после обновления сервера.;
STAT_2307_22;statistics;paired_test_selection;Parametric Analysis;Paired Samples;2;Медианная зарплата;Проверить, равна ли медианная зарплата 80 000 рублей при ненормальных данных.;
STAT_2307_23;statistics;chi_square_variance_test;Parametric Analysis;One Sample Tests;3;Разброс времени ответа поддержки;Проверить, изменилось ли стандартное отклонение времени ответа поддержки.;
